model_name,segment,trim_name,color_name,year,month,month_name,n_units,avg_material_cost,avg_labor_cost,avg_rework_cost,avg_total_cost,sum_total_cost
Jungle Fennec,Hatchback,Base,Arctic White,2024,7,July,3,10027.35,361.91,0.0,10389.26,31167.79
Jungle Fennec,Hatchback,Base,Arctic White,2024,8,August,31,9954.97,339.5,14.62,10309.08,319581.56
Jungle Fennec,Hatchback,Base,Arctic White,2024,9,September,54,10001.05,338.74,5.33,10345.12,558636.52
Jungle Fennec,Hatchback,Base,Arctic White,2024,10,October,66,10042.76,336.33,7.68,10386.76,685526.14
Jungle Fennec,Hatchback,Base,Arctic White,2024,11,November,58,10087.11,340.09,13.15,10440.35,605540.33
Jungle Fennec,Hatchback,Base,Arctic White,2024,12,December,72,10120.61,344.23,14.89,10479.72,754540.03
Jungle Fennec,Hatchback,Base,Arctic White,2025,1,January,47,10173.45,341.68,2.97,10518.11,494350.98
Jungle Fennec,Hatchback,Base,Arctic White,2025,2,February,40,10187.55,344.83,31.6,10563.98,422559.2
Jungle Fennec,Hatchback,Base,Arctic White,2025,3,March,50,10215.07,340.67,11.84,10567.58,528378.95
Jungle Fennec,Hatchback,Base,Arctic White,2025,4,April,58,10270.35,339.46,11.13,10620.94,616014.69
Jungle Fennec,Hatchback,Base,Arctic White,2025,5,May,31,10326.42,340.05,11.58,10678.05,331019.61
Jungle Fennec,Hatchback,Base,Arctic White,2025,6,June,54,10335.45,342.11,30.17,10707.73,578217.16
Jungle Fennec,Hatchback,Base,Arctic White,2025,7,July,35,10394.99,339.49,5.13,10739.61,375886.44
Jungle Fennec,Hatchback,Base,Arctic White,2025,8,August,62,10405.33,340.23,10.64,10756.2,666884.33
Jungle Fennec,Hatchback,Base,Arctic White,2025,9,September,46,10469.68,337.73,10.33,10817.73,497615.61
Jungle Fennec,Hatchback,Base,Arctic White,2025,10,October,55,10484.71,335.73,7.17,10827.61,595518.32
Jungle Fennec,Hatchback,Base,Arctic White,2025,11,November,62,10512.44,338.94,6.13,10857.51,673165.75
Jungle Fennec,Hatchback,Base,Arctic White,2025,12,December,32,10564.36,337.3,3.05,10904.72,348950.89
Jungle Fennec,Hatchback,Base,Arctic White,2026,1,January,47,10609.08,342.32,14.89,10966.29,515415.78
Jungle Fennec,Hatchback,Base,Arctic White,2026,2,February,41,10673.71,339.09,13.27,11026.07,452068.83
Jungle Fennec,Hatchback,Base,Arctic White,2026,3,March,59,10680.5,339.23,54.26,11074.0,653365.82
Jungle Fennec,Hatchback,Base,Arctic White,2026,4,April,40,10706.03,340.78,13.17,11059.98,442399.32
Jungle Fennec,Hatchback,Base,Arctic White,2026,5,May,32,10733.29,337.89,0.25,11071.43,354285.72
Jungle Fennec,Hatchback,Base,Arctic White,2026,6,June,34,10755.38,337.41,20.33,11113.12,377846.08
Jungle Fennec,Hatchback,Base,Arctic White,2026,7,July,29,10829.53,337.03,11.89,11178.45,324174.93
Jungle Fennec,Hatchback,Base,Copper Bronze,2024,8,August,36,9967.57,345.01,4.07,10316.65,371399.24
Jungle Fennec,Hatchback,Base,Copper Bronze,2024,9,September,45,10009.1,338.78,36.79,10384.67,467310.02
Jungle Fennec,Hatchback,Base,Copper Bronze,2024,10,October,49,10032.28,335.84,11.24,10379.35,508588.35
Jungle Fennec,Hatchback,Base,Copper Bronze,2024,11,November,44,10070.5,342.25,12.65,10425.39,458717.36
Jungle Fennec,Hatchback,Base,Copper Bronze,2024,12,December,32,10141.15,342.15,4.55,10487.84,335611.0
Jungle Fennec,Hatchback,Base,Copper Bronze,2025,1,January,58,10136.88,339.1,4.91,10480.89,607891.45
Jungle Fennec,Hatchback,Base,Copper Bronze,2025,2,February,43,10197.39,339.42,25.7,10562.5,454187.63
Jungle Fennec,Hatchback,Base,Copper Bronze,2025,3,March,77,10228.38,343.57,7.59,10579.54,814624.86
Jungle Fennec,Hatchback,Base,Copper Bronze,2025,4,April,54,10268.23,343.01,21.98,10633.23,574194.34
Jungle Fennec,Hatchback,Base,Copper Bronze,2025,5,May,65,10299.69,340.23,8.81,10648.72,692166.93
Jungle Fennec,Hatchback,Base,Copper Bronze,2025,6,June,46,10334.67,343.5,30.23,10708.4,492586.47
Jungle Fennec,Hatchback,Base,Copper Bronze,2025,7,July,30,10375.91,337.85,0.78,10714.55,321436.38
Jungle Fennec,Hatchback,Base,Copper Bronze,2025,8,August,24,10407.8,342.18,25.72,10775.7,258616.77
Jungle Fennec,Hatchback,Base,Copper Bronze,2025,9,September,42,10434.01,342.56,0.17,10776.73,452622.77
Jungle Fennec,Hatchback,Base,Copper Bronze,2025,10,October,65,10503.09,339.97,20.71,10863.77,706144.79
Jungle Fennec,Hatchback,Base,Copper Bronze,2025,11,November,49,10532.99,340.01,25.54,10898.54,534028.24
Jungle Fennec,Hatchback,Base,Copper Bronze,2025,12,December,55,10558.29,336.52,19.76,10914.57,600301.24
Jungle Fennec,Hatchback,Base,Copper Bronze,2026,1,January,48,10601.45,340.91,28.43,10970.78,526597.63
Jungle Fennec,Hatchback,Base,Copper Bronze,2026,2,February,48,10623.62,342.82,10.21,10976.66,526879.55
Jungle Fennec,Hatchback,Base,Copper Bronze,2026,3,March,59,10673.99,341.84,4.01,11019.84,650170.62
Jungle Fennec,Hatchback,Base,Copper Bronze,2026,4,April,50,10707.44,337.62,12.49,11057.55,552877.49
Jungle Fennec,Hatchback,Base,Copper Bronze,2026,5,May,61,10764.59,338.71,25.02,11128.33,678828.14
Jungle Fennec,Hatchback,Base,Copper Bronze,2026,6,June,48,10789.97,341.47,18.96,11150.39,535218.8
Jungle Fennec,Hatchback,Base,Copper Bronze,2026,7,July,20,10853.73,341.11,1.22,11196.06,223921.13
Jungle Fennec,Hatchback,Base,Crimson Red,2024,7,July,4,9891.91,330.48,0.0,10222.4,40889.58
Jungle Fennec,Hatchback,Base,Crimson Red,2024,8,August,29,9975.97,341.13,13.83,10330.93,299596.99
Jungle Fennec,Hatchback,Base,Crimson Red,2024,9,September,54,10015.4,342.61,7.15,10365.16,559718.76
Jungle Fennec,Hatchback,Base,Crimson Red,2024,10,October,59,10041.45,343.7,8.29,10393.44,613213.11
Jungle Fennec,Hatchback,Base,Crimson Red,2024,11,November,56,10087.03,343.06,12.57,10442.66,584789.06
Jungle Fennec,Hatchback,Base,Crimson Red,2024,12,December,51,10107.67,340.84,0.18,10448.69,532883.31
Jungle Fennec,Hatchback,Base,Crimson Red,2025,1,January,41,10173.98,340.35,5.83,10520.16,431326.45
Jungle Fennec,Hatchback,Base,Crimson Red,2025,2,February,39,10205.12,341.4,0.0,10546.53,411314.51
Jungle Fennec,Hatchback,Base,Crimson Red,2025,3,March,86,10222.5,342.07,14.27,10578.84,909780.08
Jungle Fennec,Hatchback,Base,Crimson Red,2025,4,April,48,10265.34,340.16,5.78,10611.29,509341.76
Jungle Fennec,Hatchback,Base,Crimson Red,2025,5,May,49,10278.4,339.29,8.81,10626.5,520698.48
Jungle Fennec,Hatchback,Base,Crimson Red,2025,6,June,32,10327.58,338.61,47.08,10713.28,342824.84
Jungle Fennec,Hatchback,Base,Crimson Red,2025,7,July,41,10380.39,342.62,6.96,10729.97,439928.85
Jungle Fennec,Hatchback,Base,Crimson Red,2025,8,August,26,10432.11,338.07,4.94,10775.12,280153.07
Jungle Fennec,Hatchback,Base,Crimson Red,2025,9,September,76,10461.03,341.15,4.71,10806.88,821323.23
Jungle Fennec,Hatchback,Base,Crimson Red,2025,10,October,67,10466.58,340.77,14.87,10822.22,725088.57
Jungle Fennec,Hatchback,Base,Crimson Red,2025,11,November,40,10510.71,340.08,4.82,10855.6,434224.19
Jungle Fennec,Hatchback,Base,Crimson Red,2025,12,December,27,10555.53,340.08,17.38,10912.99,294650.81
Jungle Fennec,Hatchback,Base,Crimson Red,2026,1,January,44,10592.34,343.14,3.69,10939.17,481323.68
Jungle Fennec,Hatchback,Base,Crimson Red,2026,2,February,51,10634.12,341.6,3.31,10979.03,559930.4
Jungle Fennec,Hatchback,Base,Crimson Red,2026,3,March,43,10691.85,338.48,9.04,11039.37,474692.85
Jungle Fennec,Hatchback,Base,Crimson Red,2026,4,April,58,10707.52,340.42,22.35,11070.29,642076.94
Jungle Fennec,Hatchback,Base,Crimson Red,2026,5,May,45,10744.57,337.2,22.52,11104.29,499693.18
Jungle Fennec,Hatchback,Base,Crimson Red,2026,6,June,47,10804.85,343.71,15.47,11164.02,524709.05
Jungle Fennec,Hatchback,Base,Crimson Red,2026,7,July,32,10810.18,342.04,54.73,11206.95,358622.43
Jungle Fennec,Hatchback,Base,Forest Green,2024,8,August,52,9963.07,338.38,14.99,10316.44,536454.87
Jungle Fennec,Hatchback,Base,Forest Green,2024,9,September,57,10001.28,341.5,20.11,10362.89,590684.79
Jungle Fennec,Hatchback,Base,Forest Green,2024,10,October,54,10044.01,342.89,6.06,10392.96,561219.67
Jungle Fennec,Hatchback,Base,Forest Green,2024,11,November,69,10089.55,341.09,8.62,10439.26,720309.0
Jungle Fennec,Hatchback,Base,Forest Green,2024,12,December,48,10117.07,335.19,13.56,10465.82,502359.56
Jungle Fennec,Hatchback,Base,Forest Green,2025,1,January,37,10141.69,336.86,0.18,10478.73,387713.0
Jungle Fennec,Hatchback,Base,Forest Green,2025,2,February,42,10179.04,339.35,5.38,10523.77,441998.36
Jungle Fennec,Hatchback,Base,Forest Green,2025,3,March,55,10221.65,342.66,24.43,10588.74,582380.65
Jungle Fennec,Hatchback,Base,Forest Green,2025,4,April,54,10278.08,342.99,11.27,10632.35,574146.63
Jungle Fennec,Hatchback,Base,Forest Green,2025,5,May,61,10317.67,340.58,11.82,10670.07,650874.34
Jungle Fennec,Hatchback,Base,Forest Green,2025,6,June,40,10345.28,342.28,8.35,10695.91,427836.54
Jungle Fennec,Hatchback,Base,Forest Green,2025,7,July,35,10381.44,341.23,3.88,10726.55,375429.13
Jungle Fennec,Hatchback,Base,Forest Green,2025,8,August,42,10417.51,336.49,0.27,10754.28,451679.58
Jungle Fennec,Hatchback,Base,Forest Green,2025,9,September,69,10449.53,344.81,1.74,10796.09,744929.99
Jungle Fennec,Hatchback,Base,Forest Green,2025,10,October,20,10475.65,340.49,0.0,10816.14,216322.8
Jungle Fennec,Hatchback,Base,Forest Green,2025,11,November,54,10543.47,336.78,10.02,10890.28,588075.01
Jungle Fennec,Hatchback,Base,Forest Green,2025,12,December,52,10556.71,333.88,31.94,10922.53,567971.44
Jungle Fennec,Hatchback,Base,Forest Green,2026,1,January,35,10602.1,340.46,2.78,10945.34,383087.01
Jungle Fennec,Hatchback,Base,Forest Green,2026,2,February,41,10650.42,341.92,25.87,11018.22,451747.01
Jungle Fennec,Hatchback,Base,Forest Green,2026,3,March,38,10664.96,340.97,10.13,11016.06,418610.32
Jungle Fennec,Hatchback,Base,Forest Green,2026,4,April,28,10747.53,339.69,5.68,11092.9,310601.3
Jungle Fennec,Hatchback,Base,Forest Green,2026,5,May,36,10747.27,339.23,29.82,11116.32,400187.49
Jungle Fennec,Hatchback,Base,Forest Green,2026,6,June,43,10768.67,341.39,23.37,11133.43,478737.57
Jungle Fennec,Hatchback,Base,Forest Green,2026,7,July,31,10804.57,334.99,22.58,11162.14,346026.39
Jungle Fennec,Hatchback,Base,Midnight Black,2024,8,August,16,9941.92,343.05,78.06,10363.03,165808.44
Jungle Fennec,Hatchback,Base,Midnight Black,2024,9,September,64,9988.17,346.9,8.05,10343.12,661959.72
Jungle Fennec,Hatchback,Base,Midnight Black,2024,10,October,62,10047.04,339.06,26.09,10412.18,645555.36
Jungle Fennec,Hatchback,Base,Midnight Black,2024,11,November,55,10085.02,336.89,9.96,10431.87,573752.99
Jungle Fennec,Hatchback,Base,Midnight Black,2024,12,December,44,10118.08,342.21,4.71,10465.0,460459.81
Jungle Fennec,Hatchback,Base,Midnight Black,2025,1,January,44,10170.57,337.12,3.8,10511.49,462505.68
Jungle Fennec,Hatchback,Base,Midnight Black,2025,2,February,31,10170.74,338.9,9.81,10519.45,326102.88
Jungle Fennec,Hatchback,Base,Midnight Black,2025,3,March,38,10219.76,340.73,14.27,10574.77,401841.11
Jungle Fennec,Hatchback,Base,Midnight Black,2025,4,April,51,10265.47,338.4,8.75,10612.62,541243.61
Jungle Fennec,Hatchback,Base,Midnight Black,2025,5,May,59,10293.9,343.76,17.2,10654.86,628636.54
Jungle Fennec,Hatchback,Base,Midnight Black,2025,6,June,33,10335.05,342.2,7.42,10684.67,352594.2
Jungle Fennec,Hatchback,Base,Midnight Black,2025,7,July,45,10372.01,334.88,5.69,10712.59,482066.4
Jungle Fennec,Hatchback,Base,Midnight Black,2025,8,August,16,10463.34,335.45,5.96,10804.76,172876.09
Jungle Fennec,Hatchback,Base,Midnight Black,2025,9,September,33,10471.0,333.96,0.06,10805.02,356565.72
Jungle Fennec,Hatchback,Base,Midnight Black,2025,10,October,65,10486.6,343.18,17.61,10847.38,705079.93
Jungle Fennec,Hatchback,Base,Midnight Black,2025,11,November,44,10534.76,340.41,3.19,10878.36,478647.94
Jungle Fennec,Hatchback,Base,Midnight Black,2025,12,December,46,10549.65,344.49,9.65,10903.78,501573.99
Jungle Fennec,Hatchback,Base,Midnight Black,2026,1,January,38,10602.85,339.89,18.2,10960.93,416515.46
Jungle Fennec,Hatchback,Base,Midnight Black,2026,2,February,45,10643.45,342.88,2.05,10988.38,494477.08
Jungle Fennec,Hatchback,Base,Midnight Black,2026,3,March,56,10664.15,337.63,50.28,11052.06,618915.12
Jungle Fennec,Hatchback,Base,Midnight Black,2026,4,April,50,10717.21,339.59,11.56,11068.35,553417.69
Jungle Fennec,Hatchback,Base,Midnight Black,2026,5,May,42,10742.02,337.86,25.69,11105.57,466434.07
Jungle Fennec,Hatchback,Base,Midnight Black,2026,6,June,26,10794.24,344.38,11.66,11150.27,289907.12
Jungle Fennec,Hatchback,Base,Midnight Black,2026,7,July,23,10827.37,338.29,150.49,11316.15,260271.43
Jungle Fennec,Hatchback,Base,Ocean Blue,2024,7,July,2,10049.11,345.03,0.0,10394.13,20788.26
Jungle Fennec,Hatchback,Base,Ocean Blue,2024,8,August,37,9980.0,337.67,14.64,10332.32,382295.7
Jungle Fennec,Hatchback,Base,Ocean Blue,2024,9,September,33,10005.63,336.6,11.36,10353.59,341668.47
Jungle Fennec,Hatchback,Base,Ocean Blue,2024,10,October,81,10047.71,338.69,13.22,10399.63,842369.95
Jungle Fennec,Hatchback,Base,Ocean Blue,2024,11,November,42,10070.91,339.03,7.92,10417.87,437550.38
Jungle Fennec,Hatchback,Base,Ocean Blue,2024,12,December,52,10109.19,341.0,9.27,10459.46,543891.84
Jungle Fennec,Hatchback,Base,Ocean Blue,2025,1,January,36,10159.21,340.45,7.75,10507.42,378267.02
Jungle Fennec,Hatchback,Base,Ocean Blue,2025,2,February,60,10208.5,339.8,21.34,10569.64,634178.4
Jungle Fennec,Hatchback,Base,Ocean Blue,2025,3,March,50,10223.81,342.26,36.67,10602.74,530136.96
Jungle Fennec,Hatchback,Base,Ocean Blue,2025,4,April,46,10260.15,341.86,8.66,10610.67,488090.97
Jungle Fennec,Hatchback,Base,Ocean Blue,2025,5,May,59,10285.81,338.02,21.87,10645.69,628095.74
Jungle Fennec,Hatchback,Base,Ocean Blue,2025,6,June,49,10333.73,342.76,8.02,10684.51,523540.78
Jungle Fennec,Hatchback,Base,Ocean Blue,2025,7,July,37,10370.85,335.86,2.57,10709.28,396243.29
Jungle Fennec,Hatchback,Base,Ocean Blue,2025,8,August,32,10415.51,344.76,34.41,10794.68,345429.63
Jungle Fennec,Hatchback,Base,Ocean Blue,2025,9,September,60,10464.63,343.19,9.71,10817.53,649051.58
Jungle Fennec,Hatchback,Base,Ocean Blue,2025,10,October,50,10483.33,341.35,3.56,10828.25,541412.27
Jungle Fennec,Hatchback,Base,Ocean Blue,2025,11,November,44,10521.26,342.09,23.0,10886.36,478999.62
Jungle Fennec,Hatchback,Base,Ocean Blue,2025,12,December,40,10576.77,341.02,6.67,10924.45,436978.16
Jungle Fennec,Hatchback,Base,Ocean Blue,2026,1,January,45,10592.9,341.34,18.82,10953.06,492887.57
Jungle Fennec,Hatchback,Base,Ocean Blue,2026,2,February,30,10629.08,345.06,11.38,10985.52,329565.45
Jungle Fennec,Hatchback,Base,Ocean Blue,2026,3,March,68,10670.16,341.75,7.53,11019.43,749321.06
Jungle Fennec,Hatchback,Base,Ocean Blue,2026,4,April,61,10711.34,340.01,6.17,11057.52,674508.57
Jungle Fennec,Hatchback,Base,Ocean Blue,2026,5,May,46,10753.49,340.34,8.37,11102.2,510701.11
Jungle Fennec,Hatchback,Base,Ocean Blue,2026,6,June,33,10793.32,338.45,2.94,11134.72,367445.62
Jungle Fennec,Hatchback,Base,Ocean Blue,2026,7,July,40,10831.77,338.58,6.8,11177.15,447086.07
Jungle Fennec,Hatchback,Base,Pearl Ivory,2024,8,August,20,9953.15,338.79,7.83,10299.77,205995.39
Jungle Fennec,Hatchback,Base,Pearl Ivory,2024,9,September,63,9998.44,339.81,23.3,10361.55,652777.43
Jungle Fennec,Hatchback,Base,Pearl Ivory,2024,10,October,63,10031.33,338.54,17.3,10387.17,654391.5
Jungle Fennec,Hatchback,Base,Pearl Ivory,2024,11,November,75,10079.63,338.98,4.68,10423.3,781747.15
Jungle Fennec,Hatchback,Base,Pearl Ivory,2024,12,December,49,10125.42,339.5,23.81,10488.74,513948.43
Jungle Fennec,Hatchback,Base,Pearl Ivory,2025,1,January,54,10144.41,340.83,24.85,10510.09,567544.87
Jungle Fennec,Hatchback,Base,Pearl Ivory,2025,2,February,51,10177.14,338.52,10.33,10526.0,536825.76
Jungle Fennec,Hatchback,Base,Pearl Ivory,2025,3,March,34,10247.14,337.56,25.88,10610.58,360759.58
Jungle Fennec,Hatchback,Base,Pearl Ivory,2025,4,April,70,10274.98,338.4,27.59,10640.97,744867.81
Jungle Fennec,Hatchback,Base,Pearl Ivory,2025,5,May,60,10308.67,340.78,4.44,10653.9,639233.79
Jungle Fennec,Hatchback,Base,Pearl Ivory,2025,6,June,18,10351.29,345.2,0.32,10696.8,192542.45
Jungle Fennec,Hatchback,Base,Pearl Ivory,2025,7,July,33,10387.14,339.93,9.91,10736.98,354320.34
Jungle Fennec,Hatchback,Base,Pearl Ivory,2025,8,August,32,10398.37,344.39,3.56,10746.32,343882.38
Jungle Fennec,Hatchback,Base,Pearl Ivory,2025,9,September,52,10429.48,342.53,12.03,10784.04,560769.86
Jungle Fennec,Hatchback,Base,Pearl Ivory,2025,10,October,40,10494.92,339.9,17.51,10852.32,434092.98
Jungle Fennec,Hatchback,Base,Pearl Ivory,2025,11,November,34,10526.81,335.7,21.33,10883.84,370050.7
Jungle Fennec,Hatchback,Base,Pearl Ivory,2025,12,December,50,10552.63,340.87,9.22,10902.72,545136.09
Jungle Fennec,Hatchback,Base,Pearl Ivory,2026,1,January,42,10594.96,338.92,2.83,10936.71,459342.01
Jungle Fennec,Hatchback,Base,Pearl Ivory,2026,2,February,33,10625.74,344.29,9.94,10979.97,362338.97
Jungle Fennec,Hatchback,Base,Pearl Ivory,2026,3,March,52,10664.81,337.42,10.06,11012.3,572639.4
Jungle Fennec,Hatchback,Base,Pearl Ivory,2026,4,April,43,10705.32,340.14,20.3,11065.76,475827.77
Jungle Fennec,Hatchback,Base,Pearl Ivory,2026,5,May,44,10749.29,344.86,19.38,11113.52,488995.09
Jungle Fennec,Hatchback,Base,Pearl Ivory,2026,6,June,36,10785.38,337.44,8.91,11131.73,400742.25
Jungle Fennec,Hatchback,Base,Pearl Ivory,2026,7,July,36,10802.01,339.1,2.97,11144.08,401187.01
Jungle Fennec,Hatchback,Base,Steel Grey,2024,8,August,22,9972.28,337.15,7.31,10316.73,226968.1
Jungle Fennec,Hatchback,Base,Steel Grey,2024,9,September,47,10001.33,340.69,16.65,10358.67,486857.46
Jungle Fennec,Hatchback,Base,Steel Grey,2024,10,October,58,10044.32,341.91,19.93,10406.16,603557.28
Jungle Fennec,Hatchback,Base,Steel Grey,2024,11,November,35,10070.75,342.45,27.3,10440.5,365417.53
Jungle Fennec,Hatchback,Base,Steel Grey,2024,12,December,63,10127.06,338.81,4.09,10469.96,659607.31
Jungle Fennec,Hatchback,Base,Steel Grey,2025,1,January,64,10140.75,339.75,6.76,10487.26,671184.57
Jungle Fennec,Hatchback,Base,Steel Grey,2025,2,February,43,10188.21,342.88,3.39,10534.48,452982.48
Jungle Fennec,Hatchback,Base,Steel Grey,2025,3,March,41,10234.38,337.03,27.98,10599.39,434575.09
Jungle Fennec,Hatchback,Base,Steel Grey,2025,4,April,64,10267.39,341.26,9.02,10617.67,679530.84
Jungle Fennec,Hatchback,Base,Steel Grey,2025,5,May,58,10300.97,345.1,3.34,10649.41,617665.55
Jungle Fennec,Hatchback,Base,Steel Grey,2025,6,June,45,10339.48,343.44,8.9,10691.82,481131.94
Jungle Fennec,Hatchback,Base,Steel Grey,2025,7,July,43,10372.8,341.86,10.11,10724.77,461165.05
Jungle Fennec,Hatchback,Base,Steel Grey,2025,8,August,34,10416.14,339.04,23.78,10778.96,366484.49
Jungle Fennec,Hatchback,Base,Steel Grey,2025,9,September,33,10443.92,341.62,8.2,10793.74,356193.45
Jungle Fennec,Hatchback,Base,Steel Grey,2025,10,October,40,10484.33,338.77,7.32,10830.42,433216.74
Jungle Fennec,Hatchback,Base,Steel Grey,2025,11,November,56,10518.39,336.01,14.38,10868.78,608651.63
Jungle Fennec,Hatchback,Base,Steel Grey,2025,12,December,57,10570.46,337.54,16.91,10924.91,622719.86
Jungle Fennec,Hatchback,Base,Steel Grey,2026,1,January,47,10608.05,344.59,11.85,10964.49,515330.9
Jungle Fennec,Hatchback,Base,Steel Grey,2026,2,February,25,10635.89,342.48,27.34,11005.71,275142.7
Jungle Fennec,Hatchback,Base,Steel Grey,2026,3,March,57,10682.89,340.72,23.15,11046.76,629665.23
Jungle Fennec,Hatchback,Base,Steel Grey,2026,4,April,40,10735.41,339.48,27.97,11102.86,444114.31
Jungle Fennec,Hatchback,Base,Steel Grey,2026,5,May,53,10756.82,340.88,5.28,11102.99,588458.51
Jungle Fennec,Hatchback,Base,Steel Grey,2026,6,June,29,10760.62,342.43,14.27,11117.32,322402.42
Jungle Fennec,Hatchback,Base,Steel Grey,2026,7,July,37,10841.7,343.05,23.76,11208.51,414715.05
Jungle Fennec,Hatchback,Comfort,Arctic White,2024,8,August,31,10497.43,340.53,6.72,10844.69,336185.25
Jungle Fennec,Hatchback,Comfort,Arctic White,2024,9,September,24,10524.34,341.23,50.21,10915.78,261978.66
Jungle Fennec,Hatchback,Comfort,Arctic White,2024,10,October,51,10540.15,342.73,14.09,10896.96,555745.12
Jungle Fennec,Hatchback,Comfort,Arctic White,2024,11,November,29,10599.05,346.6,0.0,10945.65,317423.92
Jungle Fennec,Hatchback,Comfort,Arctic White,2024,12,December,17,10652.97,345.04,17.42,11015.42,187262.22
Jungle Fennec,Hatchback,Comfort,Arctic White,2025,1,January,23,10647.85,337.59,0.0,10985.44,252665.19
Jungle Fennec,Hatchback,Comfort,Arctic White,2025,2,February,37,10712.41,346.86,14.7,11073.98,409737.17
Jungle Fennec,Hatchback,Comfort,Arctic White,2025,3,March,28,10755.35,339.81,0.31,11095.47,310673.26
Jungle Fennec,Hatchback,Comfort,Arctic White,2025,4,April,28,10787.1,338.81,3.2,11129.11,311615.1
Jungle Fennec,Hatchback,Comfort,Arctic White,2025,5,May,24,10848.13,335.29,6.88,11190.3,268567.15
Jungle Fennec,Hatchback,Comfort,Arctic White,2025,6,June,47,10855.22,339.08,8.52,11202.83,526532.95
Jungle Fennec,Hatchback,Comfort,Arctic White,2025,7,July,34,10897.44,348.13,16.44,11262.0,382908.03
Jungle Fennec,Hatchback,Comfort,Arctic White,2025,8,August,20,10952.8,344.41,58.67,11355.88,227117.52
Jungle Fennec,Hatchback,Comfort,Arctic White,2025,9,September,37,10967.31,341.65,6.57,11315.53,418674.45
Jungle Fennec,Hatchback,Comfort,Arctic White,2025,10,October,22,11001.06,340.53,38.13,11379.72,250353.83
Jungle Fennec,Hatchback,Comfort,Arctic White,2025,11,November,43,11039.8,342.99,12.29,11395.07,489988.17
Jungle Fennec,Hatchback,Comfort,Arctic White,2025,12,December,21,11086.74,337.21,6.73,11430.68,240044.28
Jungle Fennec,Hatchback,Comfort,Arctic White,2026,1,January,31,11147.64,340.54,9.87,11498.06,356439.86
Jungle Fennec,Hatchback,Comfort,Arctic White,2026,2,February,8,11122.6,334.96,81.65,11539.21,92313.65
Jungle Fennec,Hatchback,Comfort,Arctic White,2026,3,March,18,11228.94,343.49,0.13,11572.55,208305.92
Jungle Fennec,Hatchback,Comfort,Arctic White,2026,4,April,26,11243.28,339.98,3.61,11586.86,301258.47
Jungle Fennec,Hatchback,Comfort,Arctic White,2026,5,May,28,11251.58,338.93,21.38,11611.89,325132.96
Jungle Fennec,Hatchback,Comfort,Arctic White,2026,6,June,17,11313.19,342.68,6.29,11662.16,198256.67
Jungle Fennec,Hatchback,Comfort,Arctic White,2026,7,July,12,11376.62,344.72,0.0,11721.34,140656.09
Jungle Fennec,Hatchback,Comfort,Copper Bronze,2024,7,July,2,10397.31,329.04,0.0,10726.34,21452.68
Jungle Fennec,Hatchback,Comfort,Copper Bronze,2024,8,August,24,10467.65,344.98,8.77,10821.4,259713.66
Jungle Fennec,Hatchback,Comfort,Copper Bronze,2024,9,September,33,10482.97,338.75,19.05,10840.77,357745.46
Jungle Fennec,Hatchback,Comfort,Copper Bronze,2024,10,October,47,10544.36,336.7,24.5,10905.56,512561.42
Jungle Fennec,Hatchback,Comfort,Copper Bronze,2024,11,November,27,10581.79,342.79,17.85,10942.43,295445.58
Jungle Fennec,Hatchback,Comfort,Copper Bronze,2024,12,December,25,10624.19,340.81,35.06,11000.06,275001.48
Jungle Fennec,Hatchback,Comfort,Copper Bronze,2025,1,January,23,10686.22,341.84,12.63,11040.69,253935.8
Jungle Fennec,Hatchback,Comfort,Copper Bronze,2025,2,February,27,10715.3,339.74,35.65,11090.69,299448.51
Jungle Fennec,Hatchback,Comfort,Copper Bronze,2025,3,March,33,10733.42,339.19,3.59,11076.19,365514.27
Jungle Fennec,Hatchback,Comfort,Copper Bronze,2025,4,April,28,10762.85,338.84,6.8,11108.5,311037.96
Jungle Fennec,Hatchback,Comfort,Copper Bronze,2025,5,May,45,10808.98,342.79,17.14,11168.91,502600.95
Jungle Fennec,Hatchback,Comfort,Copper Bronze,2025,6,June,29,10880.12,340.21,14.74,11235.07,325817.11
Jungle Fennec,Hatchback,Comfort,Copper Bronze,2025,7,July,31,10913.49,345.05,8.21,11266.75,349269.31
Jungle Fennec,Hatchback,Comfort,Copper Bronze,2025,8,August,37,10911.41,338.19,10.81,11260.41,416635.19
Jungle Fennec,Hatchback,Comfort,Copper Bronze,2025,9,September,25,10960.18,340.57,4.81,11305.57,282639.13
Jungle Fennec,Hatchback,Comfort,Copper Bronze,2025,10,October,16,11017.76,342.9,20.61,11381.27,182100.34
Jungle Fennec,Hatchback,Comfort,Copper Bronze,2025,11,November,35,11030.61,342.0,38.25,11410.87,399380.42
Jungle Fennec,Hatchback,Comfort,Copper Bronze,2025,12,December,32,11109.44,345.16,25.91,11480.51,367376.38
Jungle Fennec,Hatchback,Comfort,Copper Bronze,2026,1,January,16,11116.19,337.42,6.63,11460.25,183364.0
Jungle Fennec,Hatchback,Comfort,Copper Bronze,2026,2,February,19,11180.54,335.07,27.93,11543.55,219327.37
Jungle Fennec,Hatchback,Comfort,Copper Bronze,2026,3,March,30,11226.1,344.79,0.48,11571.38,347141.32
Jungle Fennec,Hatchback,Comfort,Copper Bronze,2026,4,April,34,11292.52,343.27,5.78,11641.57,395813.28
Jungle Fennec,Hatchback,Comfort,Copper Bronze,2026,5,May,26,11274.99,342.87,22.11,11639.97,302639.27
Jungle Fennec,Hatchback,Comfort,Copper Bronze,2026,6,June,30,11335.78,335.52,19.33,11690.63,350718.98
Jungle Fennec,Hatchback,Comfort,Copper Bronze,2026,7,July,22,11378.6,345.41,24.71,11748.72,258471.89
Jungle Fennec,Hatchback,Comfort,Crimson Red,2024,7,July,6,10468.7,342.89,0.0,10811.59,64869.53
Jungle Fennec,Hatchback,Comfort,Crimson Red,2024,8,August,27,10476.12,340.77,87.03,10903.92,294405.97
Jungle Fennec,Hatchback,Comfort,Crimson Red,2024,9,September,33,10498.64,339.17,6.31,10844.12,357855.97
Jungle Fennec,Hatchback,Comfort,Crimson Red,2024,10,October,34,10569.33,338.91,18.45,10926.68,371507.28
Jungle Fennec,Hatchback,Comfort,Crimson Red,2024,11,November,16,10617.01,341.14,33.97,10992.12,175873.92
Jungle Fennec,Hatchback,Comfort,Crimson Red,2024,12,December,13,10627.14,340.46,0.0,10967.6,142578.83
Jungle Fennec,Hatchback,Comfort,Crimson Red,2025,1,January,55,10666.05,341.35,41.73,11049.13,607702.4
Jungle Fennec,Hatchback,Comfort,Crimson Red,2025,2,February,47,10713.02,340.66,10.08,11063.76,519996.82
Jungle Fennec,Hatchback,Comfort,Crimson Red,2025,3,March,28,10744.52,342.68,3.8,11091.0,310547.9
Jungle Fennec,Hatchback,Comfort,Crimson Red,2025,4,April,29,10763.31,344.55,6.32,11114.19,322311.56
Jungle Fennec,Hatchback,Comfort,Crimson Red,2025,5,May,42,10825.01,339.3,17.33,11181.64,469629.05
Jungle Fennec,Hatchback,Comfort,Crimson Red,2025,6,June,22,10845.3,338.46,0.19,11183.95,246046.91
Jungle Fennec,Hatchback,Comfort,Crimson Red,2025,7,July,23,10920.07,342.04,30.54,11292.65,259730.97
Jungle Fennec,Hatchback,Comfort,Crimson Red,2025,8,August,13,10949.41,340.63,21.54,11311.58,147050.6
Jungle Fennec,Hatchback,Comfort,Crimson Red,2025,9,September,40,10975.23,342.91,12.52,11330.65,453226.18
Jungle Fennec,Hatchback,Comfort,Crimson Red,2025,10,October,26,11021.41,342.07,33.34,11396.82,296317.32
Jungle Fennec,Hatchback,Comfort,Crimson Red,2025,11,November,35,11061.71,340.01,8.5,11410.22,399357.86
Jungle Fennec,Hatchback,Comfort,Crimson Red,2025,12,December,22,11074.16,341.83,6.79,11422.77,251300.9
Jungle Fennec,Hatchback,Comfort,Crimson Red,2026,1,January,39,11134.19,341.08,8.71,11483.98,447875.12
Jungle Fennec,Hatchback,Comfort,Crimson Red,2026,2,February,32,11178.09,341.91,7.56,11527.56,368882.01
Jungle Fennec,Hatchback,Comfort,Crimson Red,2026,3,March,38,11216.29,342.62,5.91,11564.83,439463.41
Jungle Fennec,Hatchback,Comfort,Crimson Red,2026,4,April,37,11275.3,335.92,7.26,11618.48,429883.94
Jungle Fennec,Hatchback,Comfort,Crimson Red,2026,5,May,32,11266.26,337.93,28.4,11632.58,372242.49
Jungle Fennec,Hatchback,Comfort,Crimson Red,2026,6,June,25,11306.32,342.16,5.25,11653.73,291343.26
Jungle Fennec,Hatchback,Comfort,Crimson Red,2026,7,July,21,11369.44,337.42,0.0,11706.86,245844.05
Jungle Fennec,Hatchback,Comfort,Forest Green,2024,8,August,18,10482.01,344.43,9.67,10836.11,195049.9
Jungle Fennec,Hatchback,Comfort,Forest Green,2024,9,September,15,10546.59,345.7,7.93,10900.22,163503.26
Jungle Fennec,Hatchback,Comfort,Forest Green,2024,10,October,30,10557.18,338.48,0.07,10895.73,326871.77
Jungle Fennec,Hatchback,Comfort,Forest Green,2024,11,November,38,10601.53,338.64,27.45,10967.62,416769.72
Jungle Fennec,Hatchback,Comfort,Forest Green,2024,12,December,36,10606.78,341.96,12.55,10961.29,394606.41
Jungle Fennec,Hatchback,Comfort,Forest Green,2025,1,January,16,10675.47,347.82,0.0,11023.29,176372.64
Jungle Fennec,Hatchback,Comfort,Forest Green,2025,2,February,33,10729.24,340.69,24.28,11094.21,366108.77
Jungle Fennec,Hatchback,Comfort,Forest Green,2025,3,March,36,10762.06,339.59,0.28,11101.93,399669.62
Jungle Fennec,Hatchback,Comfort,Forest Green,2025,4,April,36,10781.83,336.38,15.92,11134.12,400828.38
Jungle Fennec,Hatchback,Comfort,Forest Green,2025,5,May,47,10825.95,338.57,7.48,11172.0,525084.15
Jungle Fennec,Hatchback,Comfort,Forest Green,2025,6,June,26,10865.16,346.42,0.37,11211.95,291510.73
Jungle Fennec,Hatchback,Comfort,Forest Green,2025,7,July,11,10916.47,335.12,0.0,11251.6,123767.57
Jungle Fennec,Hatchback,Comfort,Forest Green,2025,8,August,32,10950.1,342.08,3.64,11295.81,361466.05
Jungle Fennec,Hatchback,Comfort,Forest Green,2025,9,September,32,10983.52,339.81,20.48,11343.82,363002.09
Jungle Fennec,Hatchback,Comfort,Forest Green,2025,10,October,25,11023.44,339.74,3.74,11366.92,284172.9
Jungle Fennec,Hatchback,Comfort,Forest Green,2025,11,November,23,11067.68,340.1,7.05,11414.82,262540.88
Jungle Fennec,Hatchback,Comfort,Forest Green,2025,12,December,23,11117.35,341.86,10.66,11469.87,263807.03
Jungle Fennec,Hatchback,Comfort,Forest Green,2026,1,January,38,11144.52,338.19,9.51,11492.23,436704.68
Jungle Fennec,Hatchback,Comfort,Forest Green,2026,2,February,22,11180.89,347.1,0.0,11527.99,253615.78
Jungle Fennec,Hatchback,Comfort,Forest Green,2026,3,March,37,11201.94,342.35,7.31,11551.6,427409.33
Jungle Fennec,Hatchback,Comfort,Forest Green,2026,4,April,36,11257.01,349.21,12.47,11618.69,418272.89
Jungle Fennec,Hatchback,Comfort,Forest Green,2026,5,May,21,11322.6,328.32,8.32,11659.24,244843.95
Jungle Fennec,Hatchback,Comfort,Forest Green,2026,6,June,19,11342.74,338.08,0.0,11680.82,221935.5
Jungle Fennec,Hatchback,Comfort,Forest Green,2026,7,July,15,11373.79,336.21,19.21,11729.21,175938.09
Jungle Fennec,Hatchback,Comfort,Midnight Black,2024,7,July,1,10611.8,353.0,0.0,10964.8,10964.8
Jungle Fennec,Hatchback,Comfort,Midnight Black,2024,8,August,27,10470.59,340.76,26.29,10837.64,292616.31
Jungle Fennec,Hatchback,Comfort,Midnight Black,2024,9,September,41,10519.79,339.72,9.34,10868.85,445622.67
Jungle Fennec,Hatchback,Comfort,Midnight Black,2024,10,October,35,10565.65,344.38,7.81,10917.84,382124.35
Jungle Fennec,Hatchback,Comfort,Midnight Black,2024,11,November,21,10593.54,342.51,0.05,10936.11,229658.21
Jungle Fennec,Hatchback,Comfort,Midnight Black,2024,12,December,33,10627.89,335.54,3.61,10967.04,361912.23
Jungle Fennec,Hatchback,Comfort,Midnight Black,2025,1,January,18,10660.44,337.55,5.33,11003.32,198059.81
Jungle Fennec,Hatchback,Comfort,Midnight Black,2025,2,February,18,10714.75,341.52,0.43,11056.69,199020.45
Jungle Fennec,Hatchback,Comfort,Midnight Black,2025,3,March,29,10756.28,340.87,41.5,11138.65,323020.73
Jungle Fennec,Hatchback,Comfort,Midnight Black,2025,4,April,39,10785.32,342.3,9.9,11137.53,434363.56
Jungle Fennec,Hatchback,Comfort,Midnight Black,2025,5,May,33,10817.3,341.47,4.32,11163.08,368381.67
Jungle Fennec,Hatchback,Comfort,Midnight Black,2025,6,June,19,10857.58,340.06,28.5,11226.14,213296.66
Jungle Fennec,Hatchback,Comfort,Midnight Black,2025,7,July,18,10920.57,338.07,37.79,11296.44,203335.86
Jungle Fennec,Hatchback,Comfort,Midnight Black,2025,8,August,21,10956.3,341.38,33.62,11331.29,237957.16
Jungle Fennec,Hatchback,Comfort,Midnight Black,2025,9,September,17,10987.71,342.6,5.33,11335.65,192706.02
Jungle Fennec,Hatchback,Comfort,Midnight Black,2025,10,October,38,11011.45,343.18,2.42,11357.05,431568.07
Jungle Fennec,Hatchback,Comfort,Midnight Black,2025,11,November,24,11075.24,337.54,42.48,11455.26,274926.16
Jungle Fennec,Hatchback,Comfort,Midnight Black,2025,12,December,20,11125.29,336.63,4.77,11466.69,229333.78
Jungle Fennec,Hatchback,Comfort,Midnight Black,2026,1,January,19,11147.43,338.48,6.38,11492.29,218353.45
Jungle Fennec,Hatchback,Comfort,Midnight Black,2026,2,February,24,11180.76,340.8,3.79,11525.35,276608.41
Jungle Fennec,Hatchback,Comfort,Midnight Black,2026,3,March,35,11222.46,337.38,0.26,11560.1,404603.44
Jungle Fennec,Hatchback,Comfort,Midnight Black,2026,4,April,30,11273.6,344.12,5.23,11622.95,348688.36
Jungle Fennec,Hatchback,Comfort,Midnight Black,2026,5,May,21,11303.76,341.7,5.91,11651.37,244678.72
Jungle Fennec,Hatchback,Comfort,Midnight Black,2026,6,June,29,11315.07,344.57,0.6,11660.24,338146.85
Jungle Fennec,Hatchback,Comfort,Midnight Black,2026,7,July,15,11413.68,339.42,28.71,11781.81,176727.2
Jungle Fennec,Hatchback,Comfort,Ocean Blue,2024,7,July,4,10482.63,329.71,0.0,10812.34,43249.34
Jungle Fennec,Hatchback,Comfort,Ocean Blue,2024,8,August,35,10477.41,345.45,3.52,10826.39,378923.57
Jungle Fennec,Hatchback,Comfort,Ocean Blue,2024,9,September,19,10512.15,341.81,1.83,10855.79,206259.95
Jungle Fennec,Hatchback,Comfort,Ocean Blue,2024,10,October,29,10575.78,344.15,0.0,10919.93,316678.11
Jungle Fennec,Hatchback,Comfort,Ocean Blue,2024,11,November,25,10553.48,340.1,10.08,10903.67,272591.66
Jungle Fennec,Hatchback,Comfort,Ocean Blue,2024,12,December,35,10609.84,334.51,27.25,10971.6,384006.03
Jungle Fennec,Hatchback,Comfort,Ocean Blue,2025,1,January,38,10680.18,340.72,12.46,11033.36,419267.74
Jungle Fennec,Hatchback,Comfort,Ocean Blue,2025,2,February,23,10750.43,339.6,6.35,11096.38,255216.76
Jungle Fennec,Hatchback,Comfort,Ocean Blue,2025,3,March,30,10761.56,340.22,19.38,11121.15,333634.62
Jungle Fennec,Hatchback,Comfort,Ocean Blue,2025,4,April,38,10763.07,340.63,7.36,11111.07,422220.5
Jungle Fennec,Hatchback,Comfort,Ocean Blue,2025,5,May,30,10820.57,338.8,6.46,11165.83,334974.78
Jungle Fennec,Hatchback,Comfort,Ocean Blue,2025,6,June,21,10905.28,332.43,6.47,11244.18,236127.84
Jungle Fennec,Hatchback,Comfort,Ocean Blue,2025,7,July,19,10859.7,337.58,0.47,11197.75,212757.28
Jungle Fennec,Hatchback,Comfort,Ocean Blue,2025,8,August,36,10948.08,339.65,4.3,11292.03,406513.16
Jungle Fennec,Hatchback,Comfort,Ocean Blue,2025,9,September,28,10941.48,340.87,13.5,11295.85,316283.79
Jungle Fennec,Hatchback,Comfort,Ocean Blue,2025,10,October,35,11004.68,333.76,14.32,11352.77,397346.79
Jungle Fennec,Hatchback,Comfort,Ocean Blue,2025,11,November,25,11046.07,342.0,16.09,11404.16,285104.01
Jungle Fennec,Hatchback,Comfort,Ocean Blue,2025,12,December,36,11103.07,340.54,0.91,11444.53,412002.9
Jungle Fennec,Hatchback,Comfort,Ocean Blue,2026,1,January,27,11124.95,340.3,5.62,11470.87,309713.52
Jungle Fennec,Hatchback,Comfort,Ocean Blue,2026,2,February,22,11157.24,337.33,7.86,11502.43,253053.52
Jungle Fennec,Hatchback,Comfort,Ocean Blue,2026,3,March,35,11220.43,341.29,6.89,11568.61,404901.35
Jungle Fennec,Hatchback,Comfort,Ocean Blue,2026,4,April,27,11256.57,345.33,9.11,11611.0,313497.1
Jungle Fennec,Hatchback,Comfort,Ocean Blue,2026,5,May,15,11314.53,342.28,0.45,11657.26,174858.95
Jungle Fennec,Hatchback,Comfort,Ocean Blue,2026,6,June,30,11330.72,335.33,4.82,11670.87,350126.01
Jungle Fennec,Hatchback,Comfort,Ocean Blue,2026,7,July,7,11362.95,342.84,0.0,11705.79,81940.54
Jungle Fennec,Hatchback,Comfort,Pearl Ivory,2024,8,August,23,10447.89,344.86,23.81,10816.56,248780.81
Jungle Fennec,Hatchback,Comfort,Pearl Ivory,2024,9,September,26,10500.3,342.52,28.64,10871.46,282658.01
Jungle Fennec,Hatchback,Comfort,Pearl Ivory,2024,10,October,25,10537.49,334.41,6.91,10878.81,271970.28
Jungle Fennec,Hatchback,Comfort,Pearl Ivory,2024,11,November,28,10583.91,338.66,31.14,10953.71,306703.87
Jungle Fennec,Hatchback,Comfort,Pearl Ivory,2024,12,December,25,10615.66,337.5,25.34,10978.49,274462.37
Jungle Fennec,Hatchback,Comfort,Pearl Ivory,2025,1,January,31,10682.67,344.99,2.88,11030.54,341946.77
Jungle Fennec,Hatchback,Comfort,Pearl Ivory,2025,2,February,33,10704.36,341.94,19.37,11065.66,365166.77
Jungle Fennec,Hatchback,Comfort,Pearl Ivory,2025,3,March,41,10728.11,341.68,17.49,11087.28,454578.52
Jungle Fennec,Hatchback,Comfort,Pearl Ivory,2025,4,April,29,10758.03,339.55,5.56,11103.14,321990.96
Jungle Fennec,Hatchback,Comfort,Pearl Ivory,2025,5,May,26,10804.44,344.72,8.75,11157.91,290105.66
Jungle Fennec,Hatchback,Comfort,Pearl Ivory,2025,6,June,29,10867.63,342.84,4.58,11215.06,325236.74
Jungle Fennec,Hatchback,Comfort,Pearl Ivory,2025,7,July,16,10888.64,339.12,0.4,11228.16,179650.56
Jungle Fennec,Hatchback,Comfort,Pearl Ivory,2025,8,August,28,10956.99,341.89,18.6,11317.48,316889.51
Jungle Fennec,Hatchback,Comfort,Pearl Ivory,2025,9,September,12,11019.08,332.25,0.0,11351.33,136216.0
Jungle Fennec,Hatchback,Comfort,Pearl Ivory,2025,10,October,19,11027.67,343.2,5.13,11375.99,216143.9
Jungle Fennec,Hatchback,Comfort,Pearl Ivory,2025,11,November,18,11041.96,345.27,5.34,11392.57,205066.28
Jungle Fennec,Hatchback,Comfort,Pearl Ivory,2025,12,December,31,11091.77,337.79,19.3,11448.86,354914.56
Jungle Fennec,Hatchback,Comfort,Pearl Ivory,2026,1,January,11,11117.3,336.57,24.31,11478.18,126259.95
Jungle Fennec,Hatchback,Comfort,Pearl Ivory,2026,2,February,40,11178.57,340.22,6.5,11525.29,461011.47
Jungle Fennec,Hatchback,Comfort,Pearl Ivory,2026,3,March,28,11201.13,337.3,14.58,11553.0,323484.1
Jungle Fennec,Hatchback,Comfort,Pearl Ivory,2026,4,April,24,11251.58,340.67,12.68,11604.93,278518.25
Jungle Fennec,Hatchback,Comfort,Pearl Ivory,2026,5,May,29,11298.54,343.63,21.75,11663.92,338253.76
Jungle Fennec,Hatchback,Comfort,Pearl Ivory,2026,6,June,31,11306.61,346.7,0.65,11653.97,361273.05
Jungle Fennec,Hatchback,Comfort,Pearl Ivory,2026,7,July,13,11323.85,336.62,14.16,11674.62,151770.02
Jungle Fennec,Hatchback,Comfort,Steel Grey,2024,8,August,26,10458.78,344.73,33.71,10837.22,281767.82
Jungle Fennec,Hatchback,Comfort,Steel Grey,2024,9,September,39,10513.33,340.8,4.69,10858.81,423493.74
Jungle Fennec,Hatchback,Comfort,Steel Grey,2024,10,October,32,10543.48,339.12,4.96,10887.56,348401.92
Jungle Fennec,Hatchback,Comfort,Steel Grey,2024,11,November,45,10598.19,339.59,5.55,10943.33,492449.73
Jungle Fennec,Hatchback,Comfort,Steel Grey,2024,12,December,39,10614.17,337.41,4.06,10955.64,427269.95
Jungle Fennec,Hatchback,Comfort,Steel Grey,2025,1,January,21,10683.23,340.71,6.31,11030.25,231635.27
Jungle Fennec,Hatchback,Comfort,Steel Grey,2025,2,February,27,10704.58,342.24,17.77,11064.59,298743.89
Jungle Fennec,Hatchback,Comfort,Steel Grey,2025,3,March,30,10755.28,343.59,6.23,11105.1,333152.98
Jungle Fennec,Hatchback,Comfort,Steel Grey,2025,4,April,13,10799.06,341.78,0.82,11141.66,144841.57
Jungle Fennec,Hatchback,Comfort,Steel Grey,2025,5,May,46,10820.99,339.54,31.66,11192.18,514840.47
Jungle Fennec,Hatchback,Comfort,Steel Grey,2025,6,June,34,10850.69,342.0,3.66,11196.35,380675.89
Jungle Fennec,Hatchback,Comfort,Steel Grey,2025,7,July,21,10905.58,344.95,5.44,11255.97,236375.33
Jungle Fennec,Hatchback,Comfort,Steel Grey,2025,8,August,22,10963.64,350.66,32.98,11347.29,249640.27
Jungle Fennec,Hatchback,Comfort,Steel Grey,2025,9,September,32,10972.0,342.09,30.89,11344.97,363039.09
Jungle Fennec,Hatchback,Comfort,Steel Grey,2025,10,October,28,11054.02,347.09,18.49,11419.6,319748.77
Jungle Fennec,Hatchback,Comfort,Steel Grey,2025,11,November,36,11063.54,339.62,34.79,11437.95,411766.12
Jungle Fennec,Hatchback,Comfort,Steel Grey,2025,12,December,21,11073.22,332.73,7.94,11413.89,239691.7
Jungle Fennec,Hatchback,Comfort,Steel Grey,2026,1,January,29,11105.79,343.17,5.25,11454.2,332171.94
Jungle Fennec,Hatchback,Comfort,Steel Grey,2026,2,February,7,11160.28,338.23,20.95,11519.47,80636.28
Jungle Fennec,Hatchback,Comfort,Steel Grey,2026,3,March,36,11203.59,340.81,18.82,11563.22,416275.85
Jungle Fennec,Hatchback,Comfort,Steel Grey,2026,4,April,38,11260.32,340.24,11.37,11611.93,441253.36
Jungle Fennec,Hatchback,Comfort,Steel Grey,2026,5,May,14,11266.57,345.85,10.32,11622.74,162718.33
Jungle Fennec,Hatchback,Comfort,Steel Grey,2026,6,June,24,11356.57,342.36,34.75,11733.68,281608.2
Jungle Fennec,Hatchback,Comfort,Steel Grey,2026,7,July,17,11407.94,343.64,52.51,11804.09,200669.5
Jungle Fennec,Hatchback,Luxury,Arctic White,2024,8,August,5,12072.56,343.64,0.0,12416.19,62080.97
Jungle Fennec,Hatchback,Luxury,Arctic White,2024,9,September,7,12100.04,348.3,24.91,12473.25,87312.75
Jungle Fennec,Hatchback,Luxury,Arctic White,2024,10,October,10,12150.02,337.43,3.53,12490.98,124909.78
Jungle Fennec,Hatchback,Luxury,Arctic White,2024,11,November,16,12186.29,340.0,0.0,12526.29,200420.58
Jungle Fennec,Hatchback,Luxury,Arctic White,2024,12,December,9,12289.32,345.82,20.12,12655.26,113897.34
Jungle Fennec,Hatchback,Luxury,Arctic White,2025,1,January,11,12249.53,336.38,0.0,12585.91,138444.97
Jungle Fennec,Hatchback,Luxury,Arctic White,2025,2,February,9,12341.92,338.54,15.25,12695.71,114261.42
Jungle Fennec,Hatchback,Luxury,Arctic White,2025,3,March,12,12379.45,342.17,0.0,12721.62,152659.44
Jungle Fennec,Hatchback,Luxury,Arctic White,2025,4,April,10,12404.59,341.89,34.95,12781.43,127814.28
Jungle Fennec,Hatchback,Luxury,Arctic White,2025,5,May,10,12506.5,332.76,9.41,12848.66,128486.63
Jungle Fennec,Hatchback,Luxury,Arctic White,2025,6,June,17,12491.93,343.19,40.57,12875.68,218886.62
Jungle Fennec,Hatchback,Luxury,Arctic White,2025,7,July,18,12543.86,340.08,0.0,12883.94,231910.88
Jungle Fennec,Hatchback,Luxury,Arctic White,2025,8,August,6,12604.37,340.6,0.0,12944.97,77669.81
Jungle Fennec,Hatchback,Luxury,Arctic White,2025,9,September,11,12645.42,347.81,33.36,13026.59,143292.47
Jungle Fennec,Hatchback,Luxury,Arctic White,2025,10,October,12,12689.26,342.07,0.0,13031.33,156375.98
Jungle Fennec,Hatchback,Luxury,Arctic White,2025,11,November,6,12769.85,345.08,0.0,13114.94,78689.61
Jungle Fennec,Hatchback,Luxury,Arctic White,2025,12,December,6,12707.44,344.44,0.0,13051.87,78311.24
Jungle Fennec,Hatchback,Luxury,Arctic White,2026,1,January,12,12821.5,336.64,12.97,13171.11,158053.33
Jungle Fennec,Hatchback,Luxury,Arctic White,2026,2,February,13,12865.67,342.89,1.6,13210.16,171732.07
Jungle Fennec,Hatchback,Luxury,Arctic White,2026,3,March,4,12884.9,337.87,0.0,13222.77,52891.06
Jungle Fennec,Hatchback,Luxury,Arctic White,2026,4,April,11,13013.36,335.94,0.0,13349.3,146842.31
Jungle Fennec,Hatchback,Luxury,Arctic White,2026,5,May,12,13014.58,340.26,8.43,13363.27,160359.2
Jungle Fennec,Hatchback,Luxury,Arctic White,2026,6,June,6,13087.79,334.96,15.78,13438.53,80631.17
Jungle Fennec,Hatchback,Luxury,Arctic White,2026,7,July,10,13119.18,339.84,42.57,13501.6,135015.95
Jungle Fennec,Hatchback,Luxury,Copper Bronze,2024,8,August,3,12055.5,340.6,1.65,12397.75,37193.25
Jungle Fennec,Hatchback,Luxury,Copper Bronze,2024,9,September,17,12113.55,337.37,17.56,12468.48,211964.23
Jungle Fennec,Hatchback,Luxury,Copper Bronze,2024,10,October,13,12153.23,331.83,0.0,12485.06,162305.84
Jungle Fennec,Hatchback,Luxury,Copper Bronze,2024,11,November,8,12181.39,342.85,36.62,12560.87,100486.92
Jungle Fennec,Hatchback,Luxury,Copper Bronze,2024,12,December,9,12196.58,338.43,0.0,12535.01,112815.07
Jungle Fennec,Hatchback,Luxury,Copper Bronze,2025,1,January,13,12292.3,346.08,48.82,12687.19,164933.51
Jungle Fennec,Hatchback,Luxury,Copper Bronze,2025,2,February,8,12335.05,343.69,3.12,12681.86,101454.86
Jungle Fennec,Hatchback,Luxury,Copper Bronze,2025,3,March,10,12397.87,349.18,0.0,12747.06,127470.55
Jungle Fennec,Hatchback,Luxury,Copper Bronze,2025,4,April,11,12416.7,345.45,0.0,12762.15,140383.7
Jungle Fennec,Hatchback,Luxury,Copper Bronze,2025,5,May,8,12458.11,331.93,0.0,12790.03,102320.27
Jungle Fennec,Hatchback,Luxury,Copper Bronze,2025,6,June,10,12466.33,334.14,0.0,12800.47,128004.67
Jungle Fennec,Hatchback,Luxury,Copper Bronze,2025,7,July,8,12577.47,346.0,0.0,12923.47,103387.78
Jungle Fennec,Hatchback,Luxury,Copper Bronze,2025,8,August,4,12590.99,335.87,35.06,12961.91,51847.65
Jungle Fennec,Hatchback,Luxury,Copper Bronze,2025,9,September,9,12628.23,333.59,0.8,12962.62,116663.62
Jungle Fennec,Hatchback,Luxury,Copper Bronze,2025,10,October,13,12720.83,342.02,36.15,13099.0,170287.06
Jungle Fennec,Hatchback,Luxury,Copper Bronze,2025,11,November,20,12719.29,333.95,56.64,13109.87,262197.46
Jungle Fennec,Hatchback,Luxury,Copper Bronze,2025,12,December,5,12679.69,352.87,66.78,13099.34,65496.68
Jungle Fennec,Hatchback,Luxury,Copper Bronze,2026,1,January,3,12899.24,336.85,53.1,13289.2,39867.59
Jungle Fennec,Hatchback,Luxury,Copper Bronze,2026,2,February,10,12852.73,345.51,35.21,13233.46,132334.55
Jungle Fennec,Hatchback,Luxury,Copper Bronze,2026,4,April,6,12992.53,344.15,0.0,13336.68,80020.08
Jungle Fennec,Hatchback,Luxury,Copper Bronze,2026,5,May,15,13009.74,335.48,145.29,13490.51,202357.58
Jungle Fennec,Hatchback,Luxury,Copper Bronze,2026,6,June,9,13048.3,343.0,0.44,13391.74,120525.62
Jungle Fennec,Hatchback,Luxury,Copper Bronze,2026,7,July,7,13064.37,342.66,0.0,13407.03,93849.22
Jungle Fennec,Hatchback,Luxury,Crimson Red,2024,8,August,5,12111.21,342.14,0.0,12453.35,62266.73
Jungle Fennec,Hatchback,Luxury,Crimson Red,2024,9,September,17,12123.94,339.51,30.29,12493.74,212393.56
Jungle Fennec,Hatchback,Luxury,Crimson Red,2024,10,October,17,12173.26,341.57,0.0,12514.84,212752.22
Jungle Fennec,Hatchback,Luxury,Crimson Red,2024,11,November,8,12173.23,348.07,21.79,12543.09,100344.75
Jungle Fennec,Hatchback,Luxury,Crimson Red,2024,12,December,12,12209.34,346.58,15.75,12571.66,150859.96
Jungle Fennec,Hatchback,Luxury,Crimson Red,2025,1,January,8,12278.42,345.9,17.11,12641.44,101131.51
Jungle Fennec,Hatchback,Luxury,Crimson Red,2025,2,February,8,12362.89,334.86,0.8,12698.55,101588.41
Jungle Fennec,Hatchback,Luxury,Crimson Red,2025,3,March,25,12353.13,347.66,0.0,12700.79,317519.73
Jungle Fennec,Hatchback,Luxury,Crimson Red,2025,4,April,20,12408.01,338.31,16.8,12763.12,255262.34
Jungle Fennec,Hatchback,Luxury,Crimson Red,2025,5,May,5,12474.31,349.23,34.18,12857.72,64288.6
Jungle Fennec,Hatchback,Luxury,Crimson Red,2025,6,June,12,12511.73,340.3,16.0,12868.03,154416.35
Jungle Fennec,Hatchback,Luxury,Crimson Red,2025,7,July,9,12540.95,335.14,18.06,12894.15,116047.37
Jungle Fennec,Hatchback,Luxury,Crimson Red,2025,8,August,13,12603.92,342.04,0.08,12946.05,168298.63
Jungle Fennec,Hatchback,Luxury,Crimson Red,2025,9,September,2,12706.09,355.67,0.57,13062.32,26124.64
Jungle Fennec,Hatchback,Luxury,Crimson Red,2025,10,October,6,12696.52,339.12,0.0,13035.64,78213.83
Jungle Fennec,Hatchback,Luxury,Crimson Red,2025,11,November,14,12778.91,335.77,5.86,13120.53,183687.48
Jungle Fennec,Hatchback,Luxury,Crimson Red,2025,12,December,11,12774.55,335.03,0.0,13109.58,144205.37
Jungle Fennec,Hatchback,Luxury,Crimson Red,2026,1,January,9,12819.1,343.6,0.0,13162.7,118464.3
Jungle Fennec,Hatchback,Luxury,Crimson Red,2026,2,February,10,12848.71,335.14,17.54,13201.39,132013.93
Jungle Fennec,Hatchback,Luxury,Crimson Red,2026,3,March,5,12888.55,326.51,22.58,13237.65,66188.23
Jungle Fennec,Hatchback,Luxury,Crimson Red,2026,4,April,19,12912.83,334.72,1.2,13248.76,251726.45
Jungle Fennec,Hatchback,Luxury,Crimson Red,2026,5,May,17,13002.41,338.95,0.0,13341.36,226803.04
Jungle Fennec,Hatchback,Luxury,Crimson Red,2026,6,June,12,12994.58,335.2,13.54,13343.33,160119.91
Jungle Fennec,Hatchback,Luxury,Crimson Red,2026,7,July,3,13131.29,367.19,0.0,13498.47,40495.42
Jungle Fennec,Hatchback,Luxury,Forest Green,2024,8,August,17,12062.22,342.14,31.96,12436.32,211417.51
Jungle Fennec,Hatchback,Luxury,Forest Green,2024,9,September,11,12122.51,333.55,7.35,12463.41,137097.46
Jungle Fennec,Hatchback,Luxury,Forest Green,2024,10,October,10,12147.33,330.04,17.74,12495.11,124951.13
Jungle Fennec,Hatchback,Luxury,Forest Green,2024,11,November,14,12217.34,345.14,0.0,12562.48,175874.78
Jungle Fennec,Hatchback,Luxury,Forest Green,2024,12,December,4,12229.84,331.49,0.0,12561.33,50245.32
Jungle Fennec,Hatchback,Luxury,Forest Green,2025,1,January,9,12310.58,340.59,0.0,12651.17,113860.57
Jungle Fennec,Hatchback,Luxury,Forest Green,2025,2,February,12,12308.76,348.02,13.91,12670.69,152048.31
Jungle Fennec,Hatchback,Luxury,Forest Green,2025,3,March,6,12381.12,339.05,1.01,12721.19,76327.12
Jungle Fennec,Hatchback,Luxury,Forest Green,2025,4,April,23,12416.89,340.44,1.39,12758.72,293450.59
Jungle Fennec,Hatchback,Luxury,Forest Green,2025,5,May,25,12471.63,337.91,35.73,12845.26,321131.5
Jungle Fennec,Hatchback,Luxury,Forest Green,2025,6,June,18,12496.02,343.71,10.07,12849.8,231296.34
Jungle Fennec,Hatchback,Luxury,Forest Green,2025,7,July,16,12553.97,343.92,5.93,12903.81,206461.03
Jungle Fennec,Hatchback,Luxury,Forest Green,2025,8,August,20,12598.87,344.51,0.0,12943.37,258867.41
Jungle Fennec,Hatchback,Luxury,Forest Green,2025,9,September,6,12629.94,357.97,0.0,12987.92,77927.5
Jungle Fennec,Hatchback,Luxury,Forest Green,2025,10,October,11,12651.76,352.16,0.0,13003.93,143043.2
Jungle Fennec,Hatchback,Luxury,Forest Green,2025,11,November,9,12766.55,336.36,39.92,13142.82,118285.38
Jungle Fennec,Hatchback,Luxury,Forest Green,2025,12,December,13,12805.94,336.82,7.21,13149.97,170949.58
Jungle Fennec,Hatchback,Luxury,Forest Green,2026,1,January,5,12776.66,338.43,0.16,13115.25,65576.25
Jungle Fennec,Hatchback,Luxury,Forest Green,2026,2,February,4,12881.83,329.82,0.0,13211.66,52846.62
Jungle Fennec,Hatchback,Luxury,Forest Green,2026,3,March,15,12919.31,333.61,11.77,13264.69,198970.32
Jungle Fennec,Hatchback,Luxury,Forest Green,2026,4,April,18,12957.14,336.14,13.88,13307.17,239528.99
Jungle Fennec,Hatchback,Luxury,Forest Green,2026,5,May,24,13003.79,339.41,12.94,13356.13,320547.16
Jungle Fennec,Hatchback,Luxury,Forest Green,2026,6,June,20,13033.8,331.07,8.67,13373.54,267470.81
Jungle Fennec,Hatchback,Luxury,Forest Green,2026,7,July,5,13063.46,343.97,0.0,13407.43,67037.17
Jungle Fennec,Hatchback,Luxury,Midnight Black,2024,8,August,13,12018.03,341.87,0.0,12359.89,160678.63
Jungle Fennec,Hatchback,Luxury,Midnight Black,2024,9,September,14,12066.7,343.16,0.0,12409.86,173738.04
Jungle Fennec,Hatchback,Luxury,Midnight Black,2024,10,October,11,12159.87,337.67,23.78,12521.32,137734.47
Jungle Fennec,Hatchback,Luxury,Midnight Black,2024,11,November,28,12191.05,335.28,30.25,12556.58,351584.26
Jungle Fennec,Hatchback,Luxury,Midnight Black,2024,12,December,12,12195.78,340.13,0.0,12535.92,150430.98
Jungle Fennec,Hatchback,Luxury,Midnight Black,2025,1,January,16,12246.86,340.63,45.53,12633.01,202128.18
Jungle Fennec,Hatchback,Luxury,Midnight Black,2025,2,February,7,12330.91,337.04,0.16,12668.11,88676.74
Jungle Fennec,Hatchback,Luxury,Midnight Black,2025,3,March,5,12344.25,342.14,0.0,12686.39,63431.96
Jungle Fennec,Hatchback,Luxury,Midnight Black,2025,4,April,7,12437.2,346.95,83.2,12867.34,90071.41
Jungle Fennec,Hatchback,Luxury,Midnight Black,2025,5,May,15,12458.13,348.97,0.0,12807.1,192106.44
Jungle Fennec,Hatchback,Luxury,Midnight Black,2025,6,June,9,12451.29,340.27,0.0,12791.56,115124.03
Jungle Fennec,Hatchback,Luxury,Midnight Black,2025,7,July,18,12563.53,329.78,35.82,12929.13,232724.4
Jungle Fennec,Hatchback,Luxury,Midnight Black,2025,8,August,3,12621.86,344.51,0.0,12966.38,38899.13
Jungle Fennec,Hatchback,Luxury,Midnight Black,2025,9,September,14,12640.94,340.22,41.36,13022.52,182315.23
Jungle Fennec,Hatchback,Luxury,Midnight Black,2025,10,October,6,12671.16,340.28,0.0,13011.44,78068.62
Jungle Fennec,Hatchback,Luxury,Midnight Black,2025,11,November,10,12720.0,346.51,0.0,13066.51,130665.11
Jungle Fennec,Hatchback,Luxury,Midnight Black,2025,12,December,13,12824.39,342.56,10.29,13177.24,171304.06
Jungle Fennec,Hatchback,Luxury,Midnight Black,2026,1,January,9,12881.78,343.73,18.05,13243.56,119192.08
Jungle Fennec,Hatchback,Luxury,Midnight Black,2026,2,February,9,12849.56,336.62,0.0,13186.18,118675.62
Jungle Fennec,Hatchback,Luxury,Midnight Black,2026,3,March,8,12884.93,344.05,0.0,13228.99,105831.9
Jungle Fennec,Hatchback,Luxury,Midnight Black,2026,4,April,32,12946.02,337.48,11.97,13295.48,425455.32
Jungle Fennec,Hatchback,Luxury,Midnight Black,2026,5,May,10,13061.39,328.88,54.31,13444.58,134445.77
Jungle Fennec,Hatchback,Luxury,Midnight Black,2026,6,June,5,13100.63,333.14,52.81,13486.59,67432.93
Jungle Fennec,Hatchback,Luxury,Midnight Black,2026,7,July,14,13113.07,335.74,0.0,13448.81,188283.33
Jungle Fennec,Hatchback,Luxury,Ocean Blue,2024,8,August,7,12043.61,345.94,26.62,12416.17,86913.19
Jungle Fennec,Hatchback,Luxury,Ocean Blue,2024,9,September,2,12244.46,339.37,0.0,12583.83,25167.66
Jungle Fennec,Hatchback,Luxury,Ocean Blue,2024,10,October,11,12118.61,338.27,20.79,12477.67,137254.35
Jungle Fennec,Hatchback,Luxury,Ocean Blue,2024,11,November,8,12212.68,331.84,0.0,12544.51,100356.11
Jungle Fennec,Hatchback,Luxury,Ocean Blue,2024,12,December,2,12153.9,339.56,0.0,12493.47,24986.93
Jungle Fennec,Hatchback,Luxury,Ocean Blue,2025,1,January,15,12292.42,343.94,33.28,12669.64,190044.59
Jungle Fennec,Hatchback,Luxury,Ocean Blue,2025,2,February,7,12305.23,326.65,1.33,12633.21,88432.48
Jungle Fennec,Hatchback,Luxury,Ocean Blue,2025,3,March,5,12329.52,331.04,0.0,12660.56,63302.79
Jungle Fennec,Hatchback,Luxury,Ocean Blue,2025,4,April,17,12419.31,343.04,10.1,12772.45,217131.66
Jungle Fennec,Hatchback,Luxury,Ocean Blue,2025,5,May,17,12454.33,344.4,8.06,12806.79,217715.48
Jungle Fennec,Hatchback,Luxury,Ocean Blue,2025,6,June,10,12487.04,339.38,0.0,12826.42,128264.18
Jungle Fennec,Hatchback,Luxury,Ocean Blue,2025,7,July,10,12558.13,336.36,11.98,12906.47,129064.67
Jungle Fennec,Hatchback,Luxury,Ocean Blue,2025,8,August,6,12578.98,344.41,180.87,13104.26,78625.55
Jungle Fennec,Hatchback,Luxury,Ocean Blue,2025,9,September,13,12669.96,341.72,0.0,13011.68,169151.86
Jungle Fennec,Hatchback,Luxury,Ocean Blue,2025,10,October,24,12679.47,339.24,0.0,13018.71,312448.92
Jungle Fennec,Hatchback,Luxury,Ocean Blue,2025,11,November,6,12741.85,343.71,28.66,13114.22,78685.32
Jungle Fennec,Hatchback,Luxury,Ocean Blue,2025,12,December,10,12778.91,343.98,0.0,13122.89,131228.93
Jungle Fennec,Hatchback,Luxury,Ocean Blue,2026,1,January,7,12852.41,354.48,0.0,13206.89,92448.22
Jungle Fennec,Hatchback,Luxury,Ocean Blue,2026,2,February,7,12838.07,330.76,2.27,13171.1,92197.7
Jungle Fennec,Hatchback,Luxury,Ocean Blue,2026,3,March,9,12939.78,328.18,40.24,13308.19,119773.73
Jungle Fennec,Hatchback,Luxury,Ocean Blue,2026,4,April,1,12912.27,299.77,0.0,13212.04,13212.04
Jungle Fennec,Hatchback,Luxury,Ocean Blue,2026,5,May,21,13011.32,337.02,5.85,13354.19,280438.09
Jungle Fennec,Hatchback,Luxury,Ocean Blue,2026,6,June,10,13017.29,347.15,0.0,13364.44,133644.37
Jungle Fennec,Hatchback,Luxury,Ocean Blue,2026,7,July,8,13057.59,346.25,15.52,13419.35,107354.78
Jungle Fennec,Hatchback,Luxury,Pearl Ivory,2024,8,August,13,12061.55,322.42,1.67,12385.63,161013.23
Jungle Fennec,Hatchback,Luxury,Pearl Ivory,2024,9,September,11,12074.2,338.91,62.64,12475.75,137233.2
Jungle Fennec,Hatchback,Luxury,Pearl Ivory,2024,10,October,17,12163.51,337.23,19.39,12520.12,212842.08
Jungle Fennec,Hatchback,Luxury,Pearl Ivory,2024,11,November,14,12221.28,340.09,38.75,12600.13,176401.75
Jungle Fennec,Hatchback,Luxury,Pearl Ivory,2024,12,December,13,12198.95,338.86,0.0,12537.8,162991.45
Jungle Fennec,Hatchback,Luxury,Pearl Ivory,2025,1,January,7,12309.37,352.71,17.36,12679.44,88756.1
Jungle Fennec,Hatchback,Luxury,Pearl Ivory,2025,2,February,9,12320.63,337.48,10.13,12668.24,114014.17
Jungle Fennec,Hatchback,Luxury,Pearl Ivory,2025,3,March,17,12411.97,337.26,0.05,12749.29,216737.9
Jungle Fennec,Hatchback,Luxury,Pearl Ivory,2025,4,April,9,12382.49,338.67,36.32,12757.48,114817.34
Jungle Fennec,Hatchback,Luxury,Pearl Ivory,2025,5,May,10,12455.37,343.18,0.0,12798.55,127985.51
Jungle Fennec,Hatchback,Luxury,Pearl Ivory,2025,6,June,15,12543.07,338.31,5.31,12886.69,193300.36
Jungle Fennec,Hatchback,Luxury,Pearl Ivory,2025,7,July,9,12547.3,342.52,0.98,12890.8,116017.16
Jungle Fennec,Hatchback,Luxury,Pearl Ivory,2025,8,August,3,12647.55,350.42,0.0,12997.98,38993.93
Jungle Fennec,Hatchback,Luxury,Pearl Ivory,2025,9,September,12,12657.36,353.5,20.61,13031.48,156377.72
Jungle Fennec,Hatchback,Luxury,Pearl Ivory,2025,10,October,11,12718.35,347.76,11.39,13077.5,143852.45
Jungle Fennec,Hatchback,Luxury,Pearl Ivory,2025,11,November,20,12735.76,337.78,0.0,13073.55,261470.94
Jungle Fennec,Hatchback,Luxury,Pearl Ivory,2025,12,December,3,12768.27,339.1,53.19,13160.56,39481.69
Jungle Fennec,Hatchback,Luxury,Pearl Ivory,2026,1,January,8,12787.01,344.52,16.41,13147.94,105183.5
Jungle Fennec,Hatchback,Luxury,Pearl Ivory,2026,2,February,8,12862.87,342.13,0.0,13205.0,105640.01
Jungle Fennec,Hatchback,Luxury,Pearl Ivory,2026,3,March,30,12908.9,338.76,15.35,13263.01,397890.24
Jungle Fennec,Hatchback,Luxury,Pearl Ivory,2026,4,April,3,13005.16,331.0,0.0,13336.17,40008.5
Jungle Fennec,Hatchback,Luxury,Pearl Ivory,2026,5,May,8,13016.07,353.19,43.52,13412.78,107302.23
Jungle Fennec,Hatchback,Luxury,Pearl Ivory,2026,6,June,6,12973.44,339.69,0.0,13313.13,79878.79
Jungle Fennec,Hatchback,Luxury,Pearl Ivory,2026,7,July,3,13071.34,336.83,0.0,13408.16,40224.48
Jungle Fennec,Hatchback,Luxury,Steel Grey,2024,8,August,8,12028.67,352.91,0.0,12381.58,99052.67
Jungle Fennec,Hatchback,Luxury,Steel Grey,2024,9,September,19,12104.78,345.88,6.19,12456.86,236680.27
Jungle Fennec,Hatchback,Luxury,Steel Grey,2024,10,October,12,12111.05,342.9,0.0,12453.96,149447.5
Jungle Fennec,Hatchback,Luxury,Steel Grey,2024,11,November,15,12175.43,341.71,0.0,12517.13,187756.99
Jungle Fennec,Hatchback,Luxury,Steel Grey,2024,12,December,18,12193.12,341.7,32.91,12567.74,226219.28
Jungle Fennec,Hatchback,Luxury,Steel Grey,2025,1,January,25,12273.71,339.19,14.29,12627.19,315679.64
Jungle Fennec,Hatchback,Luxury,Steel Grey,2025,2,February,13,12326.48,336.95,13.51,12676.95,164800.29
Jungle Fennec,Hatchback,Luxury,Steel Grey,2025,3,March,2,12357.87,357.5,0.0,12715.37,25430.73
Jungle Fennec,Hatchback,Luxury,Steel Grey,2025,4,April,10,12399.32,337.85,12.5,12749.67,127496.74
Jungle Fennec,Hatchback,Luxury,Steel Grey,2025,5,May,9,12476.54,341.94,0.0,12818.48,115366.36
Jungle Fennec,Hatchback,Luxury,Steel Grey,2025,6,June,8,12531.42,347.79,68.82,12948.03,103584.26
Jungle Fennec,Hatchback,Luxury,Steel Grey,2025,7,July,14,12551.54,337.12,0.15,12888.81,180443.34
Jungle Fennec,Hatchback,Luxury,Steel Grey,2025,8,August,8,12577.01,345.71,81.17,13003.89,104031.11
Jungle Fennec,Hatchback,Luxury,Steel Grey,2025,9,September,11,12601.19,339.2,0.0,12940.39,142344.27
Jungle Fennec,Hatchback,Luxury,Steel Grey,2025,10,October,18,12724.11,335.34,10.12,13069.56,235252.14
Jungle Fennec,Hatchback,Luxury,Steel Grey,2025,11,November,7,12742.21,330.04,0.0,13072.24,91505.7
Jungle Fennec,Hatchback,Luxury,Steel Grey,2025,12,December,7,12793.01,340.54,0.0,13133.55,91934.86
Jungle Fennec,Hatchback,Luxury,Steel Grey,2026,1,January,14,12818.03,339.78,12.78,13170.58,184388.12
Jungle Fennec,Hatchback,Luxury,Steel Grey,2026,2,February,3,12947.98,351.77,0.0,13299.75,39899.26
Jungle Fennec,Hatchback,Luxury,Steel Grey,2026,3,March,16,12923.03,345.96,11.12,13280.11,212481.8
Jungle Fennec,Hatchback,Luxury,Steel Grey,2026,4,April,10,12978.68,351.13,0.0,13329.81,133298.14
Jungle Fennec,Hatchback,Luxury,Steel Grey,2026,5,May,13,13002.78,350.26,28.73,13381.77,173963.05
Jungle Fennec,Hatchback,Luxury,Steel Grey,2026,6,June,18,13013.52,337.13,0.0,13350.66,240311.79
Jungle Fennec,Hatchback,Luxury,Steel Grey,2026,7,July,4,13083.57,349.33,0.0,13432.91,53731.63
Jungle Lynx,Sedan,Base,Arctic White,2024,8,August,56,10341.1,338.88,1.64,10681.61,598170.15
Jungle Lynx,Sedan,Base,Arctic White,2024,9,September,43,10366.52,342.0,3.3,10711.81,460608.0
Jungle Lynx,Sedan,Base,Arctic White,2024,10,October,49,10428.6,343.98,25.86,10798.44,529123.51
Jungle Lynx,Sedan,Base,Arctic White,2024,11,November,37,10450.15,341.38,6.88,10798.41,399541.14
Jungle Lynx,Sedan,Base,Arctic White,2024,12,December,46,10498.26,342.28,31.72,10872.26,500123.87
Jungle Lynx,Sedan,Base,Arctic White,2025,1,January,20,10559.56,344.58,39.26,10943.39,218867.78
Jungle Lynx,Sedan,Base,Arctic White,2025,2,February,32,10560.69,341.56,16.81,10919.07,349410.08
Jungle Lynx,Sedan,Base,Arctic White,2025,3,March,36,10615.62,340.15,22.63,10978.4,395222.54
Jungle Lynx,Sedan,Base,Arctic White,2025,4,April,53,10662.09,338.18,6.9,11007.17,583380.13
Jungle Lynx,Sedan,Base,Arctic White,2025,5,May,54,10713.16,343.1,4.99,11061.25,597307.37
Jungle Lynx,Sedan,Base,Arctic White,2025,6,June,45,10712.08,340.17,17.71,11069.96,498148.12
Jungle Lynx,Sedan,Base,Arctic White,2025,7,July,11,10804.59,348.92,0.16,11153.66,122690.31
Jungle Lynx,Sedan,Base,Arctic White,2025,8,August,15,10833.47,343.79,18.47,11195.74,167936.07
Jungle Lynx,Sedan,Base,Arctic White,2025,9,September,24,10848.28,338.09,4.31,11190.68,268576.43
Jungle Lynx,Sedan,Base,Arctic White,2025,10,October,38,10898.79,339.86,21.7,11260.34,427892.93
Jungle Lynx,Sedan,Base,Arctic White,2025,11,November,35,10907.73,338.16,19.16,11265.05,394276.58
Jungle Lynx,Sedan,Base,Arctic White,2025,12,December,20,10975.22,324.69,52.29,11352.2,227043.9
Jungle Lynx,Sedan,Base,Arctic White,2026,1,January,28,11024.3,344.99,10.45,11379.74,318632.63
Jungle Lynx,Sedan,Base,Arctic White,2026,2,February,21,11049.31,344.06,9.52,11402.89,239460.61
Jungle Lynx,Sedan,Base,Arctic White,2026,3,March,24,11087.09,343.39,29.2,11459.68,275032.34
Jungle Lynx,Sedan,Base,Arctic White,2026,4,April,50,11117.66,342.11,2.97,11462.73,573136.55
Jungle Lynx,Sedan,Base,Arctic White,2026,5,May,19,11153.45,343.11,5.76,11502.32,218544.08
Jungle Lynx,Sedan,Base,Arctic White,2026,6,June,26,11206.05,337.55,0.52,11544.12,300147.11
Jungle Lynx,Sedan,Base,Arctic White,2026,7,July,22,11245.23,337.9,5.34,11588.48,254946.45
Jungle Lynx,Sedan,Base,Copper Bronze,2024,8,August,50,10347.82,341.81,4.95,10694.58,534729.13
Jungle Lynx,Sedan,Base,Copper Bronze,2024,9,September,24,10399.82,343.53,34.17,10777.52,258660.38
Jungle Lynx,Sedan,Base,Copper Bronze,2024,10,October,56,10432.61,341.98,16.66,10791.25,604310.01
Jungle Lynx,Sedan,Base,Copper Bronze,2024,11,November,49,10462.56,335.59,32.48,10830.63,530700.93
Jungle Lynx,Sedan,Base,Copper Bronze,2024,12,December,39,10486.81,340.95,40.53,10868.29,423863.24
Jungle Lynx,Sedan,Base,Copper Bronze,2025,1,January,32,10532.68,344.41,0.27,10877.36,348075.46
Jungle Lynx,Sedan,Base,Copper Bronze,2025,2,February,9,10526.96,337.61,1.81,10866.38,97797.39
Jungle Lynx,Sedan,Base,Copper Bronze,2025,3,March,38,10634.17,335.95,0.0,10970.12,416864.39
Jungle Lynx,Sedan,Base,Copper Bronze,2025,4,April,28,10681.28,345.31,4.66,11031.25,308874.91
Jungle Lynx,Sedan,Base,Copper Bronze,2025,5,May,34,10687.47,338.85,0.17,11026.49,374900.64
Jungle Lynx,Sedan,Base,Copper Bronze,2025,6,June,46,10743.48,340.72,23.32,11107.51,510945.67
Jungle Lynx,Sedan,Base,Copper Bronze,2025,7,July,36,10782.86,335.69,7.11,11125.66,400523.65
Jungle Lynx,Sedan,Base,Copper Bronze,2025,8,August,29,10805.66,342.72,4.34,11152.73,323429.03
Jungle Lynx,Sedan,Base,Copper Bronze,2025,9,September,48,10849.49,336.77,16.26,11202.52,537721.11
Jungle Lynx,Sedan,Base,Copper Bronze,2025,10,October,43,10880.94,338.66,5.82,11225.42,482693.01
Jungle Lynx,Sedan,Base,Copper Bronze,2025,11,November,45,10939.15,346.67,67.73,11353.55,510909.79
Jungle Lynx,Sedan,Base,Copper Bronze,2025,12,December,12,10962.89,344.28,69.48,11376.65,136519.84
Jungle Lynx,Sedan,Base,Copper Bronze,2026,1,January,37,10989.63,343.7,4.04,11337.38,419482.95
Jungle Lynx,Sedan,Base,Copper Bronze,2026,2,February,28,11041.38,335.14,10.9,11387.42,318847.65
Jungle Lynx,Sedan,Base,Copper Bronze,2026,3,March,34,11093.76,339.76,4.06,11437.58,388877.61
Jungle Lynx,Sedan,Base,Copper Bronze,2026,4,April,23,11133.05,341.91,1.17,11476.14,263951.19
Jungle Lynx,Sedan,Base,Copper Bronze,2026,5,May,22,11163.09,337.85,30.31,11531.25,253687.53
Jungle Lynx,Sedan,Base,Copper Bronze,2026,6,June,23,11192.62,340.17,34.8,11567.59,266054.6
Jungle Lynx,Sedan,Base,Copper Bronze,2026,7,July,22,11209.0,337.91,0.1,11547.01,254034.19
Jungle Lynx,Sedan,Base,Crimson Red,2024,7,July,3,10447.88,331.11,0.0,10779.0,32336.99
Jungle Lynx,Sedan,Base,Crimson Red,2024,8,August,24,10351.94,338.78,0.0,10690.72,256577.27
Jungle Lynx,Sedan,Base,Crimson Red,2024,9,September,18,10417.29,338.7,1.48,10757.47,193634.42
Jungle Lynx,Sedan,Base,Crimson Red,2024,10,October,77,10419.02,341.54,6.01,10766.57,829025.83
Jungle Lynx,Sedan,Base,Crimson Red,2024,11,November,30,10492.15,347.73,22.17,10862.05,325861.46
Jungle Lynx,Sedan,Base,Crimson Red,2024,12,December,33,10480.99,335.5,14.43,10830.92,357420.46
Jungle Lynx,Sedan,Base,Crimson Red,2025,1,January,29,10542.34,334.04,0.26,10876.65,315422.71
Jungle Lynx,Sedan,Base,Crimson Red,2025,2,February,29,10584.68,334.42,22.94,10942.05,317319.33
Jungle Lynx,Sedan,Base,Crimson Red,2025,3,March,41,10632.45,341.68,10.04,10984.17,450350.98
Jungle Lynx,Sedan,Base,Crimson Red,2025,4,April,47,10656.57,335.34,20.49,11012.4,517582.85
Jungle Lynx,Sedan,Base,Crimson Red,2025,5,May,38,10702.29,338.87,29.49,11070.64,420684.37
Jungle Lynx,Sedan,Base,Crimson Red,2025,6,June,21,10717.81,334.3,6.81,11058.92,232237.41
Jungle Lynx,Sedan,Base,Crimson Red,2025,7,July,29,10775.08,343.76,10.85,11129.69,322760.98
Jungle Lynx,Sedan,Base,Crimson Red,2025,8,August,24,10813.53,339.33,20.4,11173.26,268158.17
Jungle Lynx,Sedan,Base,Crimson Red,2025,9,September,26,10850.02,336.63,31.76,11218.41,291678.71
Jungle Lynx,Sedan,Base,Crimson Red,2025,10,October,50,10882.54,344.62,48.02,11275.17,563758.5
Jungle Lynx,Sedan,Base,Crimson Red,2025,11,November,37,10932.48,338.28,4.44,11275.2,417182.22
Jungle Lynx,Sedan,Base,Crimson Red,2025,12,December,56,10982.97,338.36,12.34,11333.67,634685.65
Jungle Lynx,Sedan,Base,Crimson Red,2026,1,January,23,10976.19,336.2,29.58,11341.97,260865.27
Jungle Lynx,Sedan,Base,Crimson Red,2026,2,February,21,11053.91,339.74,7.23,11400.87,239418.37
Jungle Lynx,Sedan,Base,Crimson Red,2026,3,March,51,11098.62,341.43,13.62,11453.67,584137.26
Jungle Lynx,Sedan,Base,Crimson Red,2026,4,April,25,11140.94,339.8,14.89,11495.63,287390.8
Jungle Lynx,Sedan,Base,Crimson Red,2026,5,May,34,11148.69,343.47,10.59,11502.76,391093.78
Jungle Lynx,Sedan,Base,Crimson Red,2026,6,June,28,11207.93,343.92,43.53,11595.38,324670.65
Jungle Lynx,Sedan,Base,Crimson Red,2026,7,July,17,11236.59,339.67,6.22,11582.48,196902.15
Jungle Lynx,Sedan,Base,Forest Green,2024,7,July,4,10379.79,336.24,0.0,10716.03,42864.11
Jungle Lynx,Sedan,Base,Forest Green,2024,8,August,42,10363.14,339.11,2.29,10704.54,449590.89
Jungle Lynx,Sedan,Base,Forest Green,2024,9,September,31,10391.97,342.12,0.0,10734.09,332756.82
Jungle Lynx,Sedan,Base,Forest Green,2024,10,October,53,10424.93,339.53,30.39,10794.85,572126.82
Jungle Lynx,Sedan,Base,Forest Green,2024,11,November,41,10494.41,345.36,29.97,10869.73,445659.08
Jungle Lynx,Sedan,Base,Forest Green,2024,12,December,52,10516.98,337.76,19.33,10874.08,565451.98
Jungle Lynx,Sedan,Base,Forest Green,2025,1,January,24,10547.37,338.4,0.21,10885.98,261263.49
Jungle Lynx,Sedan,Base,Forest Green,2025,2,February,21,10574.08,347.08,8.43,10929.59,229521.34
Jungle Lynx,Sedan,Base,Forest Green,2025,3,March,34,10607.05,344.03,10.37,10961.45,372689.15
Jungle Lynx,Sedan,Base,Forest Green,2025,4,April,60,10654.45,340.53,23.74,11018.71,661122.9
Jungle Lynx,Sedan,Base,Forest Green,2025,5,May,37,10685.5,340.86,8.23,11034.58,408279.56
Jungle Lynx,Sedan,Base,Forest Green,2025,6,June,33,10733.38,342.47,0.0,11075.85,365502.99
Jungle Lynx,Sedan,Base,Forest Green,2025,7,July,43,10789.81,341.75,0.16,11131.72,478664.1
Jungle Lynx,Sedan,Base,Forest Green,2025,8,August,15,10794.97,331.02,25.79,11151.78,167276.67
Jungle Lynx,Sedan,Base,Forest Green,2025,9,September,43,10847.22,343.88,15.52,11206.62,481884.57
Jungle Lynx,Sedan,Base,Forest Green,2025,10,October,45,10899.42,337.79,27.78,11264.99,506924.44
Jungle Lynx,Sedan,Base,Forest Green,2025,11,November,39,10933.96,349.0,14.59,11297.55,440604.43
Jungle Lynx,Sedan,Base,Forest Green,2025,12,December,45,10958.72,336.1,6.75,11301.56,508570.36
Jungle Lynx,Sedan,Base,Forest Green,2026,1,January,29,11027.95,342.21,111.82,11481.98,332977.45
Jungle Lynx,Sedan,Base,Forest Green,2026,2,February,21,11040.61,339.97,46.39,11426.98,239966.49
Jungle Lynx,Sedan,Base,Forest Green,2026,3,March,42,11086.01,340.28,6.76,11433.05,480188.13
Jungle Lynx,Sedan,Base,Forest Green,2026,4,April,22,11122.15,340.55,23.56,11486.25,252697.6
Jungle Lynx,Sedan,Base,Forest Green,2026,5,May,30,11185.92,341.08,3.51,11530.5,345915.09
Jungle Lynx,Sedan,Base,Forest Green,2026,6,June,29,11195.65,338.27,9.29,11543.22,334753.33
Jungle Lynx,Sedan,Base,Forest Green,2026,7,July,39,11233.77,340.69,17.35,11591.8,452080.39
Jungle Lynx,Sedan,Base,Midnight Black,2024,8,August,30,10354.09,343.05,12.64,10709.78,321293.39
Jungle Lynx,Sedan,Base,Midnight Black,2024,9,September,61,10409.57,343.43,17.03,10770.03,656972.04
Jungle Lynx,Sedan,Base,Midnight Black,2024,10,October,58,10414.28,339.76,15.98,10770.02,624661.35
Jungle Lynx,Sedan,Base,Midnight Black,2024,11,November,35,10495.07,340.32,11.47,10846.86,379640.08
Jungle Lynx,Sedan,Base,Midnight Black,2024,12,December,38,10495.7,338.97,3.57,10838.24,411853.17
Jungle Lynx,Sedan,Base,Midnight Black,2025,1,January,42,10531.44,340.0,0.12,10871.56,456605.38
Jungle Lynx,Sedan,Base,Midnight Black,2025,2,February,15,10603.39,338.48,10.63,10952.49,164287.38
Jungle Lynx,Sedan,Base,Midnight Black,2025,3,March,24,10642.52,343.2,0.22,10985.94,263662.46
Jungle Lynx,Sedan,Base,Midnight Black,2025,4,April,33,10653.9,341.88,4.47,11000.25,363008.22
Jungle Lynx,Sedan,Base,Midnight Black,2025,5,May,41,10708.71,340.64,55.31,11104.66,455291.12
Jungle Lynx,Sedan,Base,Midnight Black,2025,6,June,31,10725.42,340.26,10.09,11075.78,343349.14
Jungle Lynx,Sedan,Base,Midnight Black,2025,7,July,26,10770.5,344.51,5.69,11120.7,289138.31
Jungle Lynx,Sedan,Base,Midnight Black,2025,8,August,19,10817.17,349.15,88.82,11255.14,213847.57
Jungle Lynx,Sedan,Base,Midnight Black,2025,9,September,33,10870.85,338.69,8.01,11217.54,370178.91
Jungle Lynx,Sedan,Base,Midnight Black,2025,10,October,47,10885.9,337.2,6.23,11229.33,527778.63
Jungle Lynx,Sedan,Base,Midnight Black,2025,11,November,36,10947.84,343.9,4.46,11296.2,406663.31
Jungle Lynx,Sedan,Base,Midnight Black,2025,12,December,26,10957.85,345.04,5.26,11308.14,294011.74
Jungle Lynx,Sedan,Base,Midnight Black,2026,1,January,25,10981.06,346.66,6.65,11334.38,283359.53
Jungle Lynx,Sedan,Base,Midnight Black,2026,2,February,15,11070.39,345.47,0.0,11415.86,171237.89
Jungle Lynx,Sedan,Base,Midnight Black,2026,3,March,14,11058.53,331.24,0.0,11389.77,159456.76
Jungle Lynx,Sedan,Base,Midnight Black,2026,4,April,38,11112.95,338.58,4.34,11455.88,435323.25
Jungle Lynx,Sedan,Base,Midnight Black,2026,5,May,23,11153.5,343.64,11.32,11508.46,264694.49
Jungle Lynx,Sedan,Base,Midnight Black,2026,6,June,42,11206.61,340.47,7.65,11554.73,485298.45
Jungle Lynx,Sedan,Base,Midnight Black,2026,7,July,13,11220.04,338.06,0.61,11558.71,150263.22
Jungle Lynx,Sedan,Base,Ocean Blue,2024,7,July,3,10381.74,353.85,0.0,10735.6,32206.79
Jungle Lynx,Sedan,Base,Ocean Blue,2024,8,August,36,10358.98,339.86,0.32,10699.15,385169.34
Jungle Lynx,Sedan,Base,Ocean Blue,2024,9,September,57,10391.24,341.88,0.36,10733.48,611808.58
Jungle Lynx,Sedan,Base,Ocean Blue,2024,10,October,42,10434.38,342.21,26.94,10803.53,453748.16
Jungle Lynx,Sedan,Base,Ocean Blue,2024,11,November,31,10477.89,338.66,5.1,10821.65,335471.12
Jungle Lynx,Sedan,Base,Ocean Blue,2024,12,December,50,10486.45,343.26,19.89,10849.6,542479.8
Jungle Lynx,Sedan,Base,Ocean Blue,2025,1,January,30,10552.82,339.24,11.22,10903.29,327098.59
Jungle Lynx,Sedan,Base,Ocean Blue,2025,2,February,19,10578.97,343.6,8.71,10931.27,207694.21
Jungle Lynx,Sedan,Base,Ocean Blue,2025,3,March,52,10612.39,340.86,5.86,10959.11,569873.66
Jungle Lynx,Sedan,Base,Ocean Blue,2025,4,April,42,10663.07,335.42,0.36,10998.84,461951.43
Jungle Lynx,Sedan,Base,Ocean Blue,2025,5,May,31,10699.6,343.73,10.15,11053.48,342657.86
Jungle Lynx,Sedan,Base,Ocean Blue,2025,6,June,21,10731.09,339.51,10.94,11081.54,232712.39
Jungle Lynx,Sedan,Base,Ocean Blue,2025,7,July,26,10797.9,346.51,0.08,11144.49,289756.65
Jungle Lynx,Sedan,Base,Ocean Blue,2025,8,August,20,10794.33,333.62,8.52,11136.47,222729.3
Jungle Lynx,Sedan,Base,Ocean Blue,2025,9,September,37,10862.7,334.77,3.0,11200.47,414417.32
Jungle Lynx,Sedan,Base,Ocean Blue,2025,10,October,52,10885.06,340.92,3.75,11229.73,583945.8
Jungle Lynx,Sedan,Base,Ocean Blue,2025,11,November,49,10923.88,338.9,27.68,11290.46,553232.35
Jungle Lynx,Sedan,Base,Ocean Blue,2025,12,December,24,10979.7,342.62,62.27,11384.59,273230.22
Jungle Lynx,Sedan,Base,Ocean Blue,2026,1,January,21,11000.75,342.5,5.72,11348.97,238328.41
Jungle Lynx,Sedan,Base,Ocean Blue,2026,2,February,19,11053.2,335.68,14.48,11403.36,216663.88
Jungle Lynx,Sedan,Base,Ocean Blue,2026,3,March,38,11092.29,336.35,19.22,11447.85,435018.35
Jungle Lynx,Sedan,Base,Ocean Blue,2026,4,April,22,11146.0,351.1,12.97,11510.07,253221.53
Jungle Lynx,Sedan,Base,Ocean Blue,2026,5,May,23,11173.7,334.21,13.31,11521.23,264988.21
Jungle Lynx,Sedan,Base,Ocean Blue,2026,6,June,22,11204.89,347.51,0.51,11552.91,254163.95
Jungle Lynx,Sedan,Base,Ocean Blue,2026,7,July,41,11214.01,339.11,23.15,11576.27,474627.02
Jungle Lynx,Sedan,Base,Pearl Ivory,2024,8,August,14,10355.57,338.18,1.13,10694.88,149728.33
Jungle Lynx,Sedan,Base,Pearl Ivory,2024,9,September,32,10392.27,342.37,5.67,10740.31,343689.96
Jungle Lynx,Sedan,Base,Pearl Ivory,2024,10,October,48,10418.63,340.64,30.63,10789.89,517914.76
Jungle Lynx,Sedan,Base,Pearl Ivory,2024,11,November,49,10459.35,341.58,20.81,10821.74,530265.12
Jungle Lynx,Sedan,Base,Pearl Ivory,2024,12,December,28,10491.64,334.45,9.86,10835.95,303406.53
Jungle Lynx,Sedan,Base,Pearl Ivory,2025,1,January,35,10558.59,341.63,23.01,10923.23,382313.08
Jungle Lynx,Sedan,Base,Pearl Ivory,2025,2,February,18,10580.11,347.96,17.81,10945.87,197025.69
Jungle Lynx,Sedan,Base,Pearl Ivory,2025,3,March,48,10617.45,341.68,30.13,10989.26,527484.42
Jungle Lynx,Sedan,Base,Pearl Ivory,2025,4,April,50,10657.81,336.9,0.7,10995.41,549770.42
Jungle Lynx,Sedan,Base,Pearl Ivory,2025,5,May,17,10710.74,337.67,39.44,11087.85,188493.46
Jungle Lynx,Sedan,Base,Pearl Ivory,2025,6,June,29,10736.83,333.34,19.73,11089.9,321606.99
Jungle Lynx,Sedan,Base,Pearl Ivory,2025,7,July,36,10752.56,336.07,3.62,11092.25,399320.98
Jungle Lynx,Sedan,Base,Pearl Ivory,2025,8,August,10,10828.7,326.94,15.26,11170.9,111708.95
Jungle Lynx,Sedan,Base,Pearl Ivory,2025,9,September,33,10848.78,339.87,29.16,11217.82,370187.93
Jungle Lynx,Sedan,Base,Pearl Ivory,2025,10,October,36,10877.43,343.8,0.13,11221.35,403968.76
Jungle Lynx,Sedan,Base,Pearl Ivory,2025,11,November,24,10951.96,344.25,1.58,11297.79,271146.95
Jungle Lynx,Sedan,Base,Pearl Ivory,2025,12,December,28,10952.52,343.64,4.46,11300.62,316417.49
Jungle Lynx,Sedan,Base,Pearl Ivory,2026,1,January,41,11023.28,338.29,19.81,11381.38,466636.56
Jungle Lynx,Sedan,Base,Pearl Ivory,2026,2,February,38,11046.26,338.01,29.92,11414.2,433739.44
Jungle Lynx,Sedan,Base,Pearl Ivory,2026,3,March,49,11064.23,338.47,16.81,11419.5,559555.4
Jungle Lynx,Sedan,Base,Pearl Ivory,2026,4,April,30,11119.32,339.67,13.69,11472.68,344180.42
Jungle Lynx,Sedan,Base,Pearl Ivory,2026,5,May,60,11145.61,341.81,22.47,11509.89,690593.23
Jungle Lynx,Sedan,Base,Pearl Ivory,2026,6,June,42,11193.59,338.27,6.53,11538.39,484612.29
Jungle Lynx,Sedan,Base,Pearl Ivory,2026,7,July,31,11249.56,344.31,11.82,11605.69,359776.34
Jungle Lynx,Sedan,Base,Steel Grey,2024,8,August,23,10370.06,336.72,4.35,10711.14,246356.22
Jungle Lynx,Sedan,Base,Steel Grey,2024,9,September,39,10395.72,340.72,37.58,10774.02,420186.93
Jungle Lynx,Sedan,Base,Steel Grey,2024,10,October,41,10422.72,340.73,17.68,10781.13,442026.34
Jungle Lynx,Sedan,Base,Steel Grey,2024,11,November,59,10464.18,340.18,5.17,10809.53,637762.43
Jungle Lynx,Sedan,Base,Steel Grey,2024,12,December,31,10528.46,340.34,43.63,10912.43,338285.46
Jungle Lynx,Sedan,Base,Steel Grey,2025,1,January,36,10548.48,340.55,4.44,10893.47,392165.03
Jungle Lynx,Sedan,Base,Steel Grey,2025,2,February,24,10572.61,345.26,58.8,10976.67,263440.09
Jungle Lynx,Sedan,Base,Steel Grey,2025,3,March,40,10622.21,341.36,8.33,10971.9,438875.86
Jungle Lynx,Sedan,Base,Steel Grey,2025,4,April,21,10667.54,346.33,5.81,11019.68,231413.19
Jungle Lynx,Sedan,Base,Steel Grey,2025,5,May,18,10698.26,344.8,0.05,11043.1,198775.88
Jungle Lynx,Sedan,Base,Steel Grey,2025,6,June,44,10732.53,342.34,6.29,11081.17,487571.31
Jungle Lynx,Sedan,Base,Steel Grey,2025,7,July,26,10773.36,342.2,0.8,11116.35,289025.07
Jungle Lynx,Sedan,Base,Steel Grey,2025,8,August,37,10799.3,339.39,4.22,11142.91,412287.8
Jungle Lynx,Sedan,Base,Steel Grey,2025,9,September,47,10856.01,335.63,2.06,11193.7,526103.68
Jungle Lynx,Sedan,Base,Steel Grey,2025,10,October,41,10888.35,345.55,65.04,11298.94,463256.48
Jungle Lynx,Sedan,Base,Steel Grey,2025,11,November,28,10958.19,346.0,0.46,11304.65,316530.19
Jungle Lynx,Sedan,Base,Steel Grey,2025,12,December,29,10961.06,344.16,13.11,11318.34,328231.83
Jungle Lynx,Sedan,Base,Steel Grey,2026,1,January,36,11011.99,342.17,5.08,11359.24,408932.49
Jungle Lynx,Sedan,Base,Steel Grey,2026,2,February,43,11044.01,340.65,30.32,11414.98,490844.13
Jungle Lynx,Sedan,Base,Steel Grey,2026,3,March,51,11089.97,334.42,3.09,11427.49,582801.93
Jungle Lynx,Sedan,Base,Steel Grey,2026,4,April,32,11161.87,337.61,21.03,11520.51,368656.37
Jungle Lynx,Sedan,Base,Steel Grey,2026,5,May,29,11176.58,336.14,17.42,11530.14,334374.0
Jungle Lynx,Sedan,Base,Steel Grey,2026,6,June,33,11190.84,345.71,20.6,11557.14,381385.65
Jungle Lynx,Sedan,Base,Steel Grey,2026,7,July,26,11232.19,340.87,8.49,11581.56,301120.43
Jungle Lynx,Sedan,Comfort,Arctic White,2024,8,August,20,10771.86,347.19,0.25,11119.3,222385.91
Jungle Lynx,Sedan,Comfort,Arctic White,2024,9,September,27,10807.49,341.62,4.42,11153.53,301145.37
Jungle Lynx,Sedan,Comfort,Arctic White,2024,10,October,15,10852.56,332.27,0.0,11184.83,167772.4
Jungle Lynx,Sedan,Comfort,Arctic White,2024,11,November,15,10901.32,344.96,0.0,11246.28,168694.21
Jungle Lynx,Sedan,Comfort,Arctic White,2024,12,December,14,10953.91,338.0,8.81,11300.71,158209.91
Jungle Lynx,Sedan,Comfort,Arctic White,2025,1,January,11,10965.22,338.48,0.36,11304.07,124344.75
Jungle Lynx,Sedan,Comfort,Arctic White,2025,2,February,23,11006.99,344.95,13.12,11365.06,261396.46
Jungle Lynx,Sedan,Comfort,Arctic White,2025,3,March,31,11066.87,337.57,60.93,11465.36,355426.3
Jungle Lynx,Sedan,Comfort,Arctic White,2025,4,April,18,11092.3,347.04,7.87,11447.21,206049.73
Jungle Lynx,Sedan,Comfort,Arctic White,2025,5,May,17,11160.43,334.63,26.31,11521.37,195863.26
Jungle Lynx,Sedan,Comfort,Arctic White,2025,6,June,22,11193.98,334.04,0.0,11528.02,253616.54
Jungle Lynx,Sedan,Comfort,Arctic White,2025,7,July,11,11222.7,335.96,0.0,11558.66,127145.25
Jungle Lynx,Sedan,Comfort,Arctic White,2025,8,August,39,11263.78,341.36,0.0,11605.14,452600.6
Jungle Lynx,Sedan,Comfort,Arctic White,2025,9,September,22,11318.42,342.58,7.28,11668.27,256701.86
Jungle Lynx,Sedan,Comfort,Arctic White,2025,10,October,25,11335.06,338.94,0.35,11674.36,291858.94
Jungle Lynx,Sedan,Comfort,Arctic White,2025,11,November,22,11409.86,333.16,60.78,11803.79,259683.47
Jungle Lynx,Sedan,Comfort,Arctic White,2025,12,December,15,11405.53,332.36,17.27,11755.16,176327.39
Jungle Lynx,Sedan,Comfort,Arctic White,2026,1,January,11,11442.29,345.45,12.66,11800.4,129804.38
Jungle Lynx,Sedan,Comfort,Arctic White,2026,2,February,35,11513.98,344.47,33.39,11891.83,416214.21
Jungle Lynx,Sedan,Comfort,Arctic White,2026,3,March,8,11547.71,337.29,20.46,11905.45,95243.63
Jungle Lynx,Sedan,Comfort,Arctic White,2026,4,April,23,11586.05,342.62,34.78,11963.45,275159.35
Jungle Lynx,Sedan,Comfort,Arctic White,2026,5,May,3,11671.99,326.53,0.0,11998.52,35995.57
Jungle Lynx,Sedan,Comfort,Arctic White,2026,6,June,27,11670.77,340.53,0.35,12011.65,324314.44
Jungle Lynx,Sedan,Comfort,Arctic White,2026,7,July,21,11742.86,339.03,14.46,12096.35,254023.32
Jungle Lynx,Sedan,Comfort,Copper Bronze,2024,8,August,17,10791.24,340.89,9.41,11141.54,189406.18
Jungle Lynx,Sedan,Comfort,Copper Bronze,2024,9,September,12,10816.65,341.31,0.0,11157.96,133895.51
Jungle Lynx,Sedan,Comfort,Copper Bronze,2024,10,October,35,10865.18,342.7,8.53,11216.41,392574.44
Jungle Lynx,Sedan,Comfort,Copper Bronze,2024,11,November,20,10916.34,344.99,12.69,11274.02,225480.3
Jungle Lynx,Sedan,Comfort,Copper Bronze,2024,12,December,18,10955.38,342.03,48.31,11345.72,204222.92
Jungle Lynx,Sedan,Comfort,Copper Bronze,2025,1,January,20,11001.3,337.64,0.93,11339.88,226797.55
Jungle Lynx,Sedan,Comfort,Copper Bronze,2025,2,February,12,11001.32,342.78,14.34,11358.44,136301.26
Jungle Lynx,Sedan,Comfort,Copper Bronze,2025,3,March,28,11030.98,343.03,8.97,11382.98,318723.42
Jungle Lynx,Sedan,Comfort,Copper Bronze,2025,4,April,27,11093.3,338.61,9.75,11441.66,308924.72
Jungle Lynx,Sedan,Comfort,Copper Bronze,2025,5,May,13,11107.31,339.73,9.54,11456.58,148935.54
Jungle Lynx,Sedan,Comfort,Copper Bronze,2025,6,June,12,11198.17,348.38,121.79,11668.33,140019.97
Jungle Lynx,Sedan,Comfort,Copper Bronze,2025,7,July,17,11258.78,336.15,16.39,11611.31,197392.35
Jungle Lynx,Sedan,Comfort,Copper Bronze,2025,8,August,13,11303.28,338.08,0.0,11641.36,151337.73
Jungle Lynx,Sedan,Comfort,Copper Bronze,2025,9,September,24,11291.79,342.9,35.38,11670.07,280081.71
Jungle Lynx,Sedan,Comfort,Copper Bronze,2025,10,October,17,11342.28,339.98,39.28,11721.53,199266.04
Jungle Lynx,Sedan,Comfort,Copper Bronze,2025,11,November,24,11395.24,348.52,11.19,11754.95,282118.83
Jungle Lynx,Sedan,Comfort,Copper Bronze,2025,12,December,20,11448.48,338.61,0.0,11787.08,235741.69
Jungle Lynx,Sedan,Comfort,Copper Bronze,2026,1,January,18,11478.46,343.55,5.44,11827.45,212894.12
Jungle Lynx,Sedan,Comfort,Copper Bronze,2026,2,February,18,11486.21,337.01,3.5,11826.73,212881.09
Jungle Lynx,Sedan,Comfort,Copper Bronze,2026,3,March,37,11547.12,346.91,19.92,11913.95,440816.17
Jungle Lynx,Sedan,Comfort,Copper Bronze,2026,4,April,28,11558.78,344.5,5.18,11908.46,333436.76
Jungle Lynx,Sedan,Comfort,Copper Bronze,2026,5,May,19,11660.3,340.41,8.95,12009.66,228183.57
Jungle Lynx,Sedan,Comfort,Copper Bronze,2026,6,June,16,11666.81,332.37,7.66,12006.84,192109.49
Jungle Lynx,Sedan,Comfort,Copper Bronze,2026,7,July,20,11688.24,333.76,0.0,12022.0,240439.97
Jungle Lynx,Sedan,Comfort,Crimson Red,2024,8,August,14,10776.83,338.44,12.7,11127.97,155791.59
Jungle Lynx,Sedan,Comfort,Crimson Red,2024,9,September,12,10791.46,338.64,279.62,11409.72,136916.58
Jungle Lynx,Sedan,Comfort,Crimson Red,2024,10,October,36,10848.51,340.2,3.97,11192.67,402936.27
Jungle Lynx,Sedan,Comfort,Crimson Red,2024,11,November,27,10905.0,340.47,3.51,11248.97,303722.29
Jungle Lynx,Sedan,Comfort,Crimson Red,2024,12,December,22,10951.0,336.44,113.18,11400.61,250813.51
Jungle Lynx,Sedan,Comfort,Crimson Red,2025,1,January,24,10997.83,338.75,43.2,11379.78,273114.83
Jungle Lynx,Sedan,Comfort,Crimson Red,2025,2,February,28,11008.62,338.89,49.7,11397.2,319121.67
Jungle Lynx,Sedan,Comfort,Crimson Red,2025,3,March,24,11045.43,343.09,38.42,11426.94,274246.61
Jungle Lynx,Sedan,Comfort,Crimson Red,2025,4,April,29,11092.24,346.02,4.1,11442.36,331828.31
Jungle Lynx,Sedan,Comfort,Crimson Red,2025,5,May,23,11140.76,339.45,0.0,11480.22,264044.96
Jungle Lynx,Sedan,Comfort,Crimson Red,2025,6,June,12,11159.28,346.0,0.0,11505.27,138063.29
Jungle Lynx,Sedan,Comfort,Crimson Red,2025,7,July,3,11182.23,369.42,0.0,11551.66,34654.97
Jungle Lynx,Sedan,Comfort,Crimson Red,2025,8,August,6,11303.36,332.37,0.0,11635.73,69814.39
Jungle Lynx,Sedan,Comfort,Crimson Red,2025,9,September,19,11313.27,340.99,8.92,11663.17,221600.28
Jungle Lynx,Sedan,Comfort,Crimson Red,2025,10,October,19,11333.77,342.54,0.0,11676.31,221849.85
Jungle Lynx,Sedan,Comfort,Crimson Red,2025,11,November,18,11360.28,340.43,0.0,11700.72,210612.88
Jungle Lynx,Sedan,Comfort,Crimson Red,2025,12,December,11,11430.05,343.18,9.46,11782.68,129609.52
Jungle Lynx,Sedan,Comfort,Crimson Red,2026,1,January,25,11479.92,334.94,0.0,11814.86,295371.58
Jungle Lynx,Sedan,Comfort,Crimson Red,2026,2,February,12,11514.28,333.14,26.1,11873.52,142482.27
Jungle Lynx,Sedan,Comfort,Crimson Red,2026,3,March,30,11573.3,333.88,10.07,11917.25,357517.36
Jungle Lynx,Sedan,Comfort,Crimson Red,2026,4,April,30,11592.13,338.01,10.01,11940.15,358204.49
Jungle Lynx,Sedan,Comfort,Crimson Red,2026,5,May,25,11633.25,334.97,7.2,11975.42,299385.58
Jungle Lynx,Sedan,Comfort,Crimson Red,2026,6,June,26,11652.7,340.18,8.68,12001.56,312040.6
Jungle Lynx,Sedan,Comfort,Crimson Red,2026,7,July,16,11753.27,342.12,0.0,12095.4,193526.32
Jungle Lynx,Sedan,Comfort,Forest Green,2024,8,August,33,10773.11,338.1,0.0,11111.22,366670.16
Jungle Lynx,Sedan,Comfort,Forest Green,2024,9,September,23,10855.92,336.09,55.62,11247.63,258695.46
Jungle Lynx,Sedan,Comfort,Forest Green,2024,10,October,19,10860.78,339.48,8.33,11208.59,212963.2
Jungle Lynx,Sedan,Comfort,Forest Green,2024,11,November,30,10903.59,343.65,13.06,11260.3,337808.95
Jungle Lynx,Sedan,Comfort,Forest Green,2024,12,December,18,10919.99,334.18,13.37,11267.54,202815.64
Jungle Lynx,Sedan,Comfort,Forest Green,2025,1,January,16,10997.76,340.36,8.87,11346.99,181551.86
Jungle Lynx,Sedan,Comfort,Forest Green,2025,2,February,19,11040.92,337.79,13.45,11392.16,216451.07
Jungle Lynx,Sedan,Comfort,Forest Green,2025,3,March,23,11057.9,339.42,6.35,11403.66,262284.29
Jungle Lynx,Sedan,Comfort,Forest Green,2025,4,April,35,11107.74,340.51,39.03,11487.28,402054.75
Jungle Lynx,Sedan,Comfort,Forest Green,2025,5,May,24,11129.22,341.75,28.5,11499.47,275987.16
Jungle Lynx,Sedan,Comfort,Forest Green,2025,6,June,23,11170.02,342.94,31.06,11544.01,265512.19
Jungle Lynx,Sedan,Comfort,Forest Green,2025,7,July,24,11243.55,339.32,4.74,11587.6,278102.37
Jungle Lynx,Sedan,Comfort,Forest Green,2025,8,August,12,11229.42,353.77,0.43,11583.62,139003.41
Jungle Lynx,Sedan,Comfort,Forest Green,2025,9,September,15,11284.89,342.92,46.05,11673.87,175107.99
Jungle Lynx,Sedan,Comfort,Forest Green,2025,10,October,24,11356.8,346.69,6.16,11709.65,281031.68
Jungle Lynx,Sedan,Comfort,Forest Green,2025,11,November,25,11373.29,347.01,11.3,11731.6,293289.94
Jungle Lynx,Sedan,Comfort,Forest Green,2025,12,December,17,11433.96,345.8,0.0,11779.76,200255.89
Jungle Lynx,Sedan,Comfort,Forest Green,2026,1,January,19,11488.63,344.28,1.19,11834.1,224847.96
Jungle Lynx,Sedan,Comfort,Forest Green,2026,2,February,19,11512.15,335.5,42.34,11889.99,225909.9
Jungle Lynx,Sedan,Comfort,Forest Green,2026,3,March,26,11564.26,342.92,49.17,11956.35,310865.12
Jungle Lynx,Sedan,Comfort,Forest Green,2026,4,April,27,11597.13,341.05,6.27,11944.44,322499.93
Jungle Lynx,Sedan,Comfort,Forest Green,2026,5,May,3,11601.8,352.62,0.0,11954.41,35863.24
Jungle Lynx,Sedan,Comfort,Forest Green,2026,6,June,21,11678.93,341.69,9.56,12030.18,252633.69
Jungle Lynx,Sedan,Comfort,Forest Green,2026,7,July,5,11689.23,336.36,0.0,12025.59,60127.96
Jungle Lynx,Sedan,Comfort,Midnight Black,2024,8,August,25,10824.76,345.01,5.34,11175.1,279377.44
Jungle Lynx,Sedan,Comfort,Midnight Black,2024,9,September,48,10821.98,339.89,38.59,11200.47,537622.64
Jungle Lynx,Sedan,Comfort,Midnight Black,2024,10,October,9,10830.68,333.93,0.0,11164.62,100481.54
Jungle Lynx,Sedan,Comfort,Midnight Black,2024,11,November,11,10896.33,341.92,0.6,11238.85,123627.31
Jungle Lynx,Sedan,Comfort,Midnight Black,2024,12,December,31,10940.06,339.56,26.46,11306.08,350488.53
Jungle Lynx,Sedan,Comfort,Midnight Black,2025,1,January,13,10965.21,338.45,0.0,11303.66,146947.62
Jungle Lynx,Sedan,Comfort,Midnight Black,2025,2,February,11,11002.98,348.55,65.17,11416.7,125583.72
Jungle Lynx,Sedan,Comfort,Midnight Black,2025,3,March,10,11090.54,347.25,0.0,11437.79,114377.9
Jungle Lynx,Sedan,Comfort,Midnight Black,2025,4,April,21,11077.41,344.63,0.0,11422.04,239862.9
Jungle Lynx,Sedan,Comfort,Midnight Black,2025,5,May,39,11116.63,338.79,42.81,11498.22,448430.75
Jungle Lynx,Sedan,Comfort,Midnight Black,2025,6,June,25,11178.17,339.6,9.32,11527.09,288177.31
Jungle Lynx,Sedan,Comfort,Midnight Black,2025,7,July,6,11201.53,331.65,0.0,11533.18,69199.06
Jungle Lynx,Sedan,Comfort,Midnight Black,2025,8,August,6,11233.25,335.1,40.84,11609.19,69655.12
Jungle Lynx,Sedan,Comfort,Midnight Black,2025,9,September,24,11314.56,340.55,6.63,11661.74,279881.86
Jungle Lynx,Sedan,Comfort,Midnight Black,2025,10,October,22,11346.8,341.35,6.66,11694.81,257285.91
Jungle Lynx,Sedan,Comfort,Midnight Black,2025,11,November,13,11370.78,343.48,14.19,11728.46,152469.92
Jungle Lynx,Sedan,Comfort,Midnight Black,2025,12,December,16,11384.71,340.93,8.17,11733.81,187740.98
Jungle Lynx,Sedan,Comfort,Midnight Black,2026,1,January,32,11466.26,340.8,2.96,11810.02,377920.57
Jungle Lynx,Sedan,Comfort,Midnight Black,2026,2,February,12,11511.38,340.44,11.12,11862.93,142355.17
Jungle Lynx,Sedan,Comfort,Midnight Black,2026,3,March,28,11534.94,338.24,26.43,11899.61,333189.17
Jungle Lynx,Sedan,Comfort,Midnight Black,2026,4,April,12,11602.15,339.91,55.64,11997.71,143972.55
Jungle Lynx,Sedan,Comfort,Midnight Black,2026,5,May,22,11626.14,346.34,42.1,12014.58,264320.76
Jungle Lynx,Sedan,Comfort,Midnight Black,2026,6,June,14,11659.89,345.92,11.55,12017.36,168243.1
Jungle Lynx,Sedan,Comfort,Midnight Black,2026,7,July,19,11691.79,341.58,0.0,12033.36,228633.92
Jungle Lynx,Sedan,Comfort,Ocean Blue,2024,7,July,6,10791.11,338.86,0.0,11129.98,66779.85
Jungle Lynx,Sedan,Comfort,Ocean Blue,2024,8,August,17,10787.83,332.6,5.63,11126.06,189143.06
Jungle Lynx,Sedan,Comfort,Ocean Blue,2024,9,September,21,10863.03,349.0,5.69,11217.72,235572.19
Jungle Lynx,Sedan,Comfort,Ocean Blue,2024,10,October,27,10872.49,336.64,10.3,11219.43,302924.64
Jungle Lynx,Sedan,Comfort,Ocean Blue,2024,11,November,24,10897.7,339.62,4.8,11242.13,269811.13
Jungle Lynx,Sedan,Comfort,Ocean Blue,2024,12,December,10,10950.19,337.56,15.23,11302.98,113029.79
Jungle Lynx,Sedan,Comfort,Ocean Blue,2025,1,January,23,10981.97,341.2,13.85,11337.02,260751.5
Jungle Lynx,Sedan,Comfort,Ocean Blue,2025,2,February,16,11048.96,340.18,1.54,11390.67,182250.73
Jungle Lynx,Sedan,Comfort,Ocean Blue,2025,3,March,24,11075.02,343.81,12.05,11430.89,274341.25
Jungle Lynx,Sedan,Comfort,Ocean Blue,2025,4,April,14,11105.67,335.39,0.0,11441.06,160174.87
Jungle Lynx,Sedan,Comfort,Ocean Blue,2025,5,May,30,11125.41,346.55,29.65,11501.61,345048.18
Jungle Lynx,Sedan,Comfort,Ocean Blue,2025,6,June,29,11172.23,339.2,5.5,11516.93,333990.96
Jungle Lynx,Sedan,Comfort,Ocean Blue,2025,7,July,15,11229.14,338.16,8.08,11575.37,173630.57
Jungle Lynx,Sedan,Comfort,Ocean Blue,2025,8,August,3,11357.42,338.28,0.0,11695.7,35087.09
Jungle Lynx,Sedan,Comfort,Ocean Blue,2025,9,September,17,11362.66,333.72,0.0,11696.38,198838.52
Jungle Lynx,Sedan,Comfort,Ocean Blue,2025,10,October,15,11338.97,338.42,45.69,11723.08,175846.22
Jungle Lynx,Sedan,Comfort,Ocean Blue,2025,11,November,13,11422.12,339.27,10.02,11771.4,153028.19
Jungle Lynx,Sedan,Comfort,Ocean Blue,2025,12,December,30,11411.17,341.46,57.6,11810.23,354306.98
Jungle Lynx,Sedan,Comfort,Ocean Blue,2026,1,January,23,11475.91,352.06,4.29,11832.26,272141.97
Jungle Lynx,Sedan,Comfort,Ocean Blue,2026,2,February,20,11499.04,346.01,7.38,11852.44,237048.7
Jungle Lynx,Sedan,Comfort,Ocean Blue,2026,3,March,8,11579.08,338.66,0.0,11917.74,95341.89
Jungle Lynx,Sedan,Comfort,Ocean Blue,2026,4,April,21,11610.45,340.63,6.76,11957.85,251114.76
Jungle Lynx,Sedan,Comfort,Ocean Blue,2026,5,May,20,11649.89,340.19,15.95,12006.03,240120.62
Jungle Lynx,Sedan,Comfort,Ocean Blue,2026,6,June,22,11657.61,343.5,41.23,12042.34,264931.44
Jungle Lynx,Sedan,Comfort,Ocean Blue,2026,7,July,11,11713.44,342.41,14.57,12070.42,132774.6
Jungle Lynx,Sedan,Comfort,Pearl Ivory,2024,8,August,29,10785.82,342.69,15.03,11143.54,323162.7
Jungle Lynx,Sedan,Comfort,Pearl Ivory,2024,9,September,20,10801.69,331.65,8.0,11141.34,222826.87
Jungle Lynx,Sedan,Comfort,Pearl Ivory,2024,10,October,49,10854.59,340.59,3.87,11199.06,548753.7
Jungle Lynx,Sedan,Comfort,Pearl Ivory,2024,11,November,24,10885.62,337.84,9.91,11233.37,269600.87
Jungle Lynx,Sedan,Comfort,Pearl Ivory,2024,12,December,17,10973.17,342.35,0.86,11316.38,192378.4
Jungle Lynx,Sedan,Comfort,Pearl Ivory,2025,1,January,23,10993.75,343.31,29.09,11366.15,261421.39
Jungle Lynx,Sedan,Comfort,Pearl Ivory,2025,2,February,4,10985.87,354.34,36.67,11376.88,45507.51
Jungle Lynx,Sedan,Comfort,Pearl Ivory,2025,3,March,26,11068.89,339.3,26.29,11434.48,297296.36
Jungle Lynx,Sedan,Comfort,Pearl Ivory,2025,4,April,18,11093.76,342.85,54.25,11490.86,206835.55
Jungle Lynx,Sedan,Comfort,Pearl Ivory,2025,5,May,15,11154.9,335.04,0.0,11489.94,172349.06
Jungle Lynx,Sedan,Comfort,Pearl Ivory,2025,6,June,12,11206.5,339.99,0.49,11546.98,138563.72
Jungle Lynx,Sedan,Comfort,Pearl Ivory,2025,7,July,28,11209.23,334.35,50.36,11593.93,324630.05
Jungle Lynx,Sedan,Comfort,Pearl Ivory,2025,8,August,23,11239.76,340.56,4.27,11584.59,266445.46
Jungle Lynx,Sedan,Comfort,Pearl Ivory,2025,9,September,28,11316.09,335.4,28.77,11680.26,327047.31
Jungle Lynx,Sedan,Comfort,Pearl Ivory,2025,10,October,20,11321.44,339.9,15.38,11676.71,233534.28
Jungle Lynx,Sedan,Comfort,Pearl Ivory,2025,11,November,15,11355.7,344.86,25.72,11726.28,175894.2
Jungle Lynx,Sedan,Comfort,Pearl Ivory,2025,12,December,23,11457.74,339.73,10.67,11808.15,271587.34
Jungle Lynx,Sedan,Comfort,Pearl Ivory,2026,1,January,14,11467.81,337.03,0.0,11804.83,165267.67
Jungle Lynx,Sedan,Comfort,Pearl Ivory,2026,2,February,16,11534.66,340.25,0.28,11875.19,190002.99
Jungle Lynx,Sedan,Comfort,Pearl Ivory,2026,3,March,33,11539.04,343.88,36.43,11919.35,393338.62
Jungle Lynx,Sedan,Comfort,Pearl Ivory,2026,4,April,17,11586.93,339.16,43.64,11969.73,203485.43
Jungle Lynx,Sedan,Comfort,Pearl Ivory,2026,5,May,17,11617.64,339.29,23.01,11979.94,203659.03
Jungle Lynx,Sedan,Comfort,Pearl Ivory,2026,6,June,36,11684.19,346.29,0.4,12030.87,433111.49
Jungle Lynx,Sedan,Comfort,Pearl Ivory,2026,7,July,8,11693.47,344.36,84.61,12122.44,96979.5
Jungle Lynx,Sedan,Comfort,Steel Grey,2024,8,August,15,10791.77,337.49,0.0,11129.26,166938.9
Jungle Lynx,Sedan,Comfort,Steel Grey,2024,9,September,38,10820.07,339.31,10.51,11169.88,424455.6
Jungle Lynx,Sedan,Comfort,Steel Grey,2024,10,October,26,10857.03,338.97,0.0,11196.0,291096.12
Jungle Lynx,Sedan,Comfort,Steel Grey,2024,11,November,12,10919.51,339.4,10.28,11269.19,135230.32
Jungle Lynx,Sedan,Comfort,Steel Grey,2024,12,December,21,10943.31,341.64,159.23,11444.17,240327.61
Jungle Lynx,Sedan,Comfort,Steel Grey,2025,1,January,22,10982.94,344.48,5.25,11332.67,249318.71
Jungle Lynx,Sedan,Comfort,Steel Grey,2025,2,February,23,11004.26,340.38,4.38,11349.02,261027.4
Jungle Lynx,Sedan,Comfort,Steel Grey,2025,3,March,16,11064.33,344.24,42.34,11450.92,183214.69
Jungle Lynx,Sedan,Comfort,Steel Grey,2025,4,April,19,11113.63,332.97,22.26,11468.86,217908.32
Jungle Lynx,Sedan,Comfort,Steel Grey,2025,5,May,17,11155.56,332.28,0.0,11487.84,195293.31
Jungle Lynx,Sedan,Comfort,Steel Grey,2025,6,June,23,11177.46,336.12,0.23,11513.81,264817.71
Jungle Lynx,Sedan,Comfort,Steel Grey,2025,7,July,13,11234.81,336.59,16.22,11587.61,150638.96
Jungle Lynx,Sedan,Comfort,Steel Grey,2025,8,August,7,11279.07,337.5,4.83,11621.41,81349.84
Jungle Lynx,Sedan,Comfort,Steel Grey,2025,9,September,15,11316.02,335.0,53.96,11704.98,175574.63
Jungle Lynx,Sedan,Comfort,Steel Grey,2025,10,October,30,11354.74,342.91,33.8,11731.45,351943.6
Jungle Lynx,Sedan,Comfort,Steel Grey,2025,11,November,21,11377.27,333.83,0.35,11711.45,245940.54
Jungle Lynx,Sedan,Comfort,Steel Grey,2025,12,December,1,11450.88,340.22,0.0,11791.1,11791.1
Jungle Lynx,Sedan,Comfort,Steel Grey,2026,1,January,24,11436.02,344.24,5.09,11785.35,282848.4
Jungle Lynx,Sedan,Comfort,Steel Grey,2026,2,February,6,11568.22,347.46,0.0,11915.67,71494.05
Jungle Lynx,Sedan,Comfort,Steel Grey,2026,3,March,18,11565.25,332.94,0.05,11898.24,214168.37
Jungle Lynx,Sedan,Comfort,Steel Grey,2026,4,April,21,11607.69,342.92,7.87,11958.47,251127.95
Jungle Lynx,Sedan,Comfort,Steel Grey,2026,5,May,14,11631.07,348.8,64.88,12044.75,168626.48
Jungle Lynx,Sedan,Comfort,Steel Grey,2026,6,June,14,11699.6,345.97,7.44,12053.0,168742.03
Jungle Lynx,Sedan,Comfort,Steel Grey,2026,7,July,15,11722.26,342.58,46.05,12110.89,181663.31
Jungle Lynx,Sedan,Luxury,Arctic White,2024,8,August,13,12393.89,344.64,0.0,12738.53,165600.88
Jungle Lynx,Sedan,Luxury,Arctic White,2024,9,September,12,12442.88,344.74,55.34,12842.95,154115.42
Jungle Lynx,Sedan,Luxury,Arctic White,2024,10,October,7,12426.49,338.8,0.0,12765.29,89357.02
Jungle Lynx,Sedan,Luxury,Arctic White,2024,11,November,3,12496.38,323.54,0.0,12819.93,38459.78
Jungle Lynx,Sedan,Luxury,Arctic White,2024,12,December,6,12528.63,340.4,0.0,12869.03,77214.18
Jungle Lynx,Sedan,Luxury,Arctic White,2025,1,January,10,12620.19,346.79,0.17,12967.14,129671.43
Jungle Lynx,Sedan,Luxury,Arctic White,2025,2,February,5,12656.09,351.38,0.0,13007.47,65037.34
Jungle Lynx,Sedan,Luxury,Arctic White,2025,3,March,16,12722.83,339.55,10.8,13073.17,209170.75
Jungle Lynx,Sedan,Luxury,Arctic White,2025,4,April,12,12768.13,342.91,0.0,13111.04,157332.51
Jungle Lynx,Sedan,Luxury,Arctic White,2025,5,May,7,12798.36,331.46,0.98,13130.81,91915.65
Jungle Lynx,Sedan,Luxury,Arctic White,2025,6,June,10,12842.29,340.51,0.7,13183.5,131834.96
Jungle Lynx,Sedan,Luxury,Arctic White,2025,8,August,3,13012.92,343.54,57.53,13413.98,40241.95
Jungle Lynx,Sedan,Luxury,Arctic White,2025,9,September,19,12991.47,342.81,9.46,13343.73,253530.93
Jungle Lynx,Sedan,Luxury,Arctic White,2025,10,October,14,12986.72,339.5,12.42,13338.64,186740.89
Jungle Lynx,Sedan,Luxury,Arctic White,2025,11,November,4,13021.95,352.08,0.0,13374.03,53496.1
Jungle Lynx,Sedan,Luxury,Arctic White,2025,12,December,5,13101.65,329.42,19.49,13450.56,67252.81
Jungle Lynx,Sedan,Luxury,Arctic White,2026,1,January,7,13150.14,327.15,6.17,13483.46,94384.23
Jungle Lynx,Sedan,Luxury,Arctic White,2026,2,February,13,13268.33,337.71,0.0,13606.04,176878.57
Jungle Lynx,Sedan,Luxury,Arctic White,2026,3,March,5,13237.55,324.01,0.0,13561.57,67807.84
Jungle Lynx,Sedan,Luxury,Arctic White,2026,4,April,14,13351.04,335.56,9.28,13695.88,191742.38
Jungle Lynx,Sedan,Luxury,Arctic White,2026,5,May,6,13290.08,341.78,0.0,13631.86,81791.18
Jungle Lynx,Sedan,Luxury,Arctic White,2026,6,June,10,13466.27,340.67,0.0,13806.94,138069.42
Jungle Lynx,Sedan,Luxury,Arctic White,2026,7,July,9,13464.04,334.33,10.58,13808.95,124280.57
Jungle Lynx,Sedan,Luxury,Copper Bronze,2024,8,August,8,12385.07,342.03,0.0,12727.1,101816.78
Jungle Lynx,Sedan,Luxury,Copper Bronze,2024,9,September,7,12470.11,335.22,37.45,12842.78,89899.46
Jungle Lynx,Sedan,Luxury,Copper Bronze,2024,11,November,7,12524.14,333.92,0.0,12858.06,90006.43
Jungle Lynx,Sedan,Luxury,Copper Bronze,2024,12,December,11,12566.41,341.81,0.0,12908.21,141990.36
Jungle Lynx,Sedan,Luxury,Copper Bronze,2025,1,January,11,12599.95,339.18,14.38,12953.51,142488.64
Jungle Lynx,Sedan,Luxury,Copper Bronze,2025,2,February,6,12714.75,332.92,0.0,13047.67,78286.0
Jungle Lynx,Sedan,Luxury,Copper Bronze,2025,3,March,5,12731.21,329.93,0.0,13061.14,65305.72
Jungle Lynx,Sedan,Luxury,Copper Bronze,2025,4,April,13,12800.93,345.54,0.0,13146.47,170904.11
Jungle Lynx,Sedan,Luxury,Copper Bronze,2025,5,May,7,12745.46,346.17,96.73,13188.36,92318.51
Jungle Lynx,Sedan,Luxury,Copper Bronze,2025,6,June,12,12847.99,337.28,263.69,13448.96,161387.54
Jungle Lynx,Sedan,Luxury,Copper Bronze,2025,7,July,1,12705.76,351.37,0.0,13057.13,13057.13
Jungle Lynx,Sedan,Luxury,Copper Bronze,2025,8,August,2,12937.67,339.86,0.0,13277.53,26555.06
Jungle Lynx,Sedan,Luxury,Copper Bronze,2025,9,September,5,12983.12,338.79,0.0,13321.92,66609.58
Jungle Lynx,Sedan,Luxury,Copper Bronze,2025,10,October,4,13078.89,339.33,43.37,13461.59,53846.34
Jungle Lynx,Sedan,Luxury,Copper Bronze,2025,11,November,6,13095.65,338.6,0.0,13434.25,80605.49
Jungle Lynx,Sedan,Luxury,Copper Bronze,2025,12,December,4,13105.61,335.33,0.0,13440.94,53763.76
Jungle Lynx,Sedan,Luxury,Copper Bronze,2026,1,January,12,13178.38,340.46,0.74,13519.57,162234.82
Jungle Lynx,Sedan,Luxury,Copper Bronze,2026,2,February,2,13253.06,351.15,0.0,13604.2,27208.4
Jungle Lynx,Sedan,Luxury,Copper Bronze,2026,3,March,11,13281.1,349.33,1.1,13631.52,149946.72
Jungle Lynx,Sedan,Luxury,Copper Bronze,2026,4,April,8,13321.02,341.99,0.0,13663.01,109304.09
Jungle Lynx,Sedan,Luxury,Copper Bronze,2026,5,May,5,13428.87,346.47,0.17,13775.51,68877.57
Jungle Lynx,Sedan,Luxury,Copper Bronze,2026,6,June,7,13446.82,339.96,96.91,13883.7,97185.91
Jungle Lynx,Sedan,Luxury,Copper Bronze,2026,7,July,4,13474.65,340.09,0.0,13814.74,55258.94
Jungle Lynx,Sedan,Luxury,Crimson Red,2024,8,August,6,12398.21,338.45,0.0,12736.67,76419.99
Jungle Lynx,Sedan,Luxury,Crimson Red,2024,9,September,13,12421.05,337.76,0.39,12759.21,165869.72
Jungle Lynx,Sedan,Luxury,Crimson Red,2024,10,October,8,12506.23,352.09,0.0,12858.32,102866.55
Jungle Lynx,Sedan,Luxury,Crimson Red,2024,12,December,12,12601.63,327.28,16.09,12945.0,155340.03
Jungle Lynx,Sedan,Luxury,Crimson Red,2025,1,January,14,12631.7,347.41,1.99,12981.1,181735.42
Jungle Lynx,Sedan,Luxury,Crimson Red,2025,2,February,8,12639.37,340.58,0.0,12979.95,103839.63
Jungle Lynx,Sedan,Luxury,Crimson Red,2025,3,March,14,12705.86,345.12,0.0,13050.98,182713.68
Jungle Lynx,Sedan,Luxury,Crimson Red,2025,4,April,6,12723.58,336.09,0.0,13059.67,78357.99
Jungle Lynx,Sedan,Luxury,Crimson Red,2025,5,May,5,12825.67,351.41,0.0,13177.09,65885.44
Jungle Lynx,Sedan,Luxury,Crimson Red,2025,6,June,7,12866.12,350.47,50.45,13267.04,92869.27
Jungle Lynx,Sedan,Luxury,Crimson Red,2025,7,July,6,12873.29,339.33,1.08,13213.7,79282.22
Jungle Lynx,Sedan,Luxury,Crimson Red,2025,8,August,4,12907.42,348.86,0.0,13256.28,53025.13
Jungle Lynx,Sedan,Luxury,Crimson Red,2025,9,September,14,12996.79,339.65,0.0,13336.44,186710.2
Jungle Lynx,Sedan,Luxury,Crimson Red,2025,10,October,5,13028.51,340.99,32.37,13401.87,67009.35
Jungle Lynx,Sedan,Luxury,Crimson Red,2025,11,November,2,13169.8,319.58,0.0,13489.38,26978.76
Jungle Lynx,Sedan,Luxury,Crimson Red,2025,12,December,8,13160.89,339.21,0.0,13500.1,108000.82
Jungle Lynx,Sedan,Luxury,Crimson Red,2026,1,January,12,13159.9,346.52,57.47,13563.89,162766.65
Jungle Lynx,Sedan,Luxury,Crimson Red,2026,3,March,4,13290.91,339.53,0.0,13630.45,54521.78
Jungle Lynx,Sedan,Luxury,Crimson Red,2026,4,April,17,13314.3,338.34,26.75,13679.39,232549.58
Jungle Lynx,Sedan,Luxury,Crimson Red,2026,5,May,8,13273.74,335.83,0.0,13609.57,108876.55
Jungle Lynx,Sedan,Luxury,Crimson Red,2026,6,June,4,13441.03,347.36,41.22,13829.61,55318.44
Jungle Lynx,Sedan,Luxury,Crimson Red,2026,7,July,14,13448.96,347.72,48.57,13845.25,193833.52
Jungle Lynx,Sedan,Luxury,Forest Green,2024,8,August,2,12389.74,316.01,0.0,12705.75,25411.5
Jungle Lynx,Sedan,Luxury,Forest Green,2024,9,September,12,12448.24,342.61,16.89,12807.74,153692.89
Jungle Lynx,Sedan,Luxury,Forest Green,2024,10,October,9,12449.37,350.02,0.0,12799.39,115194.51
Jungle Lynx,Sedan,Luxury,Forest Green,2024,11,November,2,12495.31,336.57,55.6,12887.48,25774.95
Jungle Lynx,Sedan,Luxury,Forest Green,2024,12,December,18,12606.96,332.09,0.0,12939.05,232902.91
Jungle Lynx,Sedan,Luxury,Forest Green,2025,1,January,7,12607.52,344.26,15.71,12967.49,90772.43
Jungle Lynx,Sedan,Luxury,Forest Green,2025,2,February,8,12690.47,341.65,0.61,13032.73,104261.87
Jungle Lynx,Sedan,Luxury,Forest Green,2025,3,March,12,12707.18,335.45,0.0,13042.62,156511.45
Jungle Lynx,Sedan,Luxury,Forest Green,2025,4,April,24,12719.83,339.21,4.46,13063.49,313523.84
Jungle Lynx,Sedan,Luxury,Forest Green,2025,5,May,7,12800.99,341.78,0.0,13142.77,91999.37
Jungle Lynx,Sedan,Luxury,Forest Green,2025,6,June,9,12840.02,330.77,0.0,13170.79,118537.1
Jungle Lynx,Sedan,Luxury,Forest Green,2025,7,July,10,12909.27,335.16,14.01,13258.44,132584.39
Jungle Lynx,Sedan,Luxury,Forest Green,2025,8,August,11,12919.83,349.12,14.48,13283.43,146117.73
Jungle Lynx,Sedan,Luxury,Forest Green,2025,9,September,5,13037.25,347.87,0.78,13385.89,66929.47
Jungle Lynx,Sedan,Luxury,Forest Green,2025,10,October,23,13085.1,337.36,11.06,13433.52,308970.88
Jungle Lynx,Sedan,Luxury,Forest Green,2025,11,November,6,13115.09,326.48,0.0,13441.57,80649.39
Jungle Lynx,Sedan,Luxury,Forest Green,2025,12,December,8,13199.42,339.1,21.28,13559.81,108478.44
Jungle Lynx,Sedan,Luxury,Forest Green,2026,1,January,3,13167.52,350.37,0.0,13517.89,40553.66
Jungle Lynx,Sedan,Luxury,Forest Green,2026,2,February,12,13193.61,350.62,28.02,13572.25,162867.01
Jungle Lynx,Sedan,Luxury,Forest Green,2026,3,March,7,13271.91,346.16,18.48,13636.56,95455.9
Jungle Lynx,Sedan,Luxury,Forest Green,2026,4,April,8,13270.48,356.29,20.03,13646.8,109174.37
Jungle Lynx,Sedan,Luxury,Forest Green,2026,5,May,11,13370.14,340.77,8.86,13719.76,150917.4
Jungle Lynx,Sedan,Luxury,Forest Green,2026,6,June,1,13464.85,331.13,0.0,13795.98,13795.98
Jungle Lynx,Sedan,Luxury,Forest Green,2026,7,July,3,13431.39,344.22,40.99,13816.6,41449.81
Jungle Lynx,Sedan,Luxury,Midnight Black,2024,9,September,14,12460.82,344.71,0.0,12805.53,179277.4
Jungle Lynx,Sedan,Luxury,Midnight Black,2024,10,October,5,12530.89,333.09,0.0,12863.98,64319.89
Jungle Lynx,Sedan,Luxury,Midnight Black,2024,11,November,7,12548.66,331.6,0.0,12880.26,90161.8
Jungle Lynx,Sedan,Luxury,Midnight Black,2024,12,December,14,12590.71,334.63,12.52,12937.86,181130.06
Jungle Lynx,Sedan,Luxury,Midnight Black,2025,1,January,6,12602.63,347.23,0.0,12949.86,77699.13
Jungle Lynx,Sedan,Luxury,Midnight Black,2025,2,February,6,12670.77,330.06,27.22,13028.04,78168.24
Jungle Lynx,Sedan,Luxury,Midnight Black,2025,3,March,21,12728.86,336.91,6.51,13072.28,274517.94
Jungle Lynx,Sedan,Luxury,Midnight Black,2025,4,April,14,12767.44,337.7,0.0,13105.14,183471.93
Jungle Lynx,Sedan,Luxury,Midnight Black,2025,5,May,9,12806.29,348.95,0.0,13155.24,118397.17
Jungle Lynx,Sedan,Luxury,Midnight Black,2025,6,June,20,12877.91,343.57,0.37,13221.84,264436.75
Jungle Lynx,Sedan,Luxury,Midnight Black,2025,8,August,6,12918.8,354.65,39.47,13312.92,79877.53
Jungle Lynx,Sedan,Luxury,Midnight Black,2025,9,September,4,13084.89,344.34,35.2,13464.42,53857.69
Jungle Lynx,Sedan,Luxury,Midnight Black,2025,10,October,2,13103.35,348.68,0.0,13452.03,26904.05
Jungle Lynx,Sedan,Luxury,Midnight Black,2025,11,November,9,13081.32,338.14,0.0,13419.47,120775.22
Jungle Lynx,Sedan,Luxury,Midnight Black,2025,12,December,7,13137.2,344.38,95.36,13576.93,95038.54
Jungle Lynx,Sedan,Luxury,Midnight Black,2026,1,January,4,13240.03,356.96,0.0,13596.99,54387.96
Jungle Lynx,Sedan,Luxury,Midnight Black,2026,2,February,4,13216.49,348.15,168.74,13733.37,54933.49
Jungle Lynx,Sedan,Luxury,Midnight Black,2026,3,March,15,13283.2,337.93,0.0,13621.12,204316.87
Jungle Lynx,Sedan,Luxury,Midnight Black,2026,4,April,9,13294.66,334.08,94.94,13723.69,123513.22
Jungle Lynx,Sedan,Luxury,Midnight Black,2026,5,May,6,13467.5,332.19,0.73,13800.42,82802.53
Jungle Lynx,Sedan,Luxury,Midnight Black,2026,6,June,12,13402.81,343.49,15.9,13762.2,165146.36
Jungle Lynx,Sedan,Luxury,Midnight Black,2026,7,July,6,13455.5,348.8,0.0,13804.3,82825.81
Jungle Lynx,Sedan,Luxury,Ocean Blue,2024,8,August,5,12409.73,338.71,0.0,12748.44,63742.2
Jungle Lynx,Sedan,Luxury,Ocean Blue,2024,9,September,12,12444.83,336.96,29.46,12811.25,153734.94
Jungle Lynx,Sedan,Luxury,Ocean Blue,2024,10,October,7,12521.75,337.72,0.0,12859.47,90016.28
Jungle Lynx,Sedan,Luxury,Ocean Blue,2024,11,November,13,12566.14,329.55,12.38,12908.07,167804.88
Jungle Lynx,Sedan,Luxury,Ocean Blue,2024,12,December,7,12573.13,348.59,0.97,12922.7,90458.87
Jungle Lynx,Sedan,Luxury,Ocean Blue,2025,1,January,7,12650.36,340.04,0.0,12990.4,90932.82
Jungle Lynx,Sedan,Luxury,Ocean Blue,2025,2,February,11,12736.69,331.48,43.82,13111.99,144231.93
Jungle Lynx,Sedan,Luxury,Ocean Blue,2025,3,March,3,12761.67,318.56,0.0,13080.23,39240.69
Jungle Lynx,Sedan,Luxury,Ocean Blue,2025,4,April,5,12731.18,331.37,0.88,13063.43,65317.16
Jungle Lynx,Sedan,Luxury,Ocean Blue,2025,5,May,14,12814.47,346.06,0.47,13161.0,184254.0
Jungle Lynx,Sedan,Luxury,Ocean Blue,2025,6,June,11,12840.94,343.12,0.07,13184.14,145025.52
Jungle Lynx,Sedan,Luxury,Ocean Blue,2025,7,July,7,12892.47,343.94,0.0,13236.41,92654.89
Jungle Lynx,Sedan,Luxury,Ocean Blue,2025,8,August,8,12929.74,344.42,21.64,13295.8,106366.41
Jungle Lynx,Sedan,Luxury,Ocean Blue,2025,9,September,13,13030.35,338.62,51.97,13420.94,174472.27
Jungle Lynx,Sedan,Luxury,Ocean Blue,2025,10,October,16,13023.24,341.24,42.75,13407.24,214515.85
Jungle Lynx,Sedan,Luxury,Ocean Blue,2025,11,November,16,13081.3,337.62,0.0,13418.92,214702.79
Jungle Lynx,Sedan,Luxury,Ocean Blue,2025,12,December,9,13108.09,343.75,0.0,13451.84,121066.59
Jungle Lynx,Sedan,Luxury,Ocean Blue,2026,1,January,7,13218.69,341.96,17.44,13578.09,95046.62
Jungle Lynx,Sedan,Luxury,Ocean Blue,2026,2,February,6,13193.95,324.04,0.0,13518.0,81107.98
Jungle Lynx,Sedan,Luxury,Ocean Blue,2026,3,March,13,13216.36,343.09,59.55,13619.0,177047.02
Jungle Lynx,Sedan,Luxury,Ocean Blue,2026,4,April,1,13360.58,326.93,0.0,13687.51,13687.51
Jungle Lynx,Sedan,Luxury,Ocean Blue,2026,5,May,3,13347.48,346.45,0.0,13693.94,41081.82
Jungle Lynx,Sedan,Luxury,Ocean Blue,2026,6,June,9,13416.01,342.92,0.0,13758.93,123830.39
Jungle Lynx,Sedan,Luxury,Ocean Blue,2026,7,July,5,13477.03,325.01,33.59,13835.63,69178.16
Jungle Lynx,Sedan,Luxury,Pearl Ivory,2024,8,August,11,12366.4,348.96,12.23,12727.58,140003.43
Jungle Lynx,Sedan,Luxury,Pearl Ivory,2024,9,September,13,12405.66,347.82,0.0,12753.48,165795.19
Jungle Lynx,Sedan,Luxury,Pearl Ivory,2024,10,October,7,12511.01,350.2,17.48,12878.69,90150.83
Jungle Lynx,Sedan,Luxury,Pearl Ivory,2024,11,November,9,12535.78,341.96,0.0,12877.74,115899.68
Jungle Lynx,Sedan,Luxury,Pearl Ivory,2024,12,December,8,12566.16,338.64,0.0,12904.8,103238.4
Jungle Lynx,Sedan,Luxury,Pearl Ivory,2025,1,January,2,12652.41,353.82,0.0,13006.24,26012.47
Jungle Lynx,Sedan,Luxury,Pearl Ivory,2025,2,February,14,12694.42,337.36,7.8,13039.58,182554.11
Jungle Lynx,Sedan,Luxury,Pearl Ivory,2025,3,March,8,12672.61,336.2,83.18,13091.98,104735.85
Jungle Lynx,Sedan,Luxury,Pearl Ivory,2025,4,April,7,12756.88,349.74,97.7,13204.32,92430.24
Jungle Lynx,Sedan,Luxury,Pearl Ivory,2025,5,May,15,12807.17,337.27,16.25,13160.69,197410.31
Jungle Lynx,Sedan,Luxury,Pearl Ivory,2025,6,June,11,12866.73,348.78,0.0,13215.5,145370.54
Jungle Lynx,Sedan,Luxury,Pearl Ivory,2025,7,July,4,12895.08,342.75,0.0,13237.82,52951.29
Jungle Lynx,Sedan,Luxury,Pearl Ivory,2025,8,August,5,12944.68,343.67,1.08,13289.44,66447.21
Jungle Lynx,Sedan,Luxury,Pearl Ivory,2025,9,September,18,13008.86,334.38,6.81,13350.04,240300.8
Jungle Lynx,Sedan,Luxury,Pearl Ivory,2025,10,October,11,13007.44,333.65,0.0,13341.09,146752.01
Jungle Lynx,Sedan,Luxury,Pearl Ivory,2025,11,November,12,13092.42,344.37,0.0,13436.8,161241.55
Jungle Lynx,Sedan,Luxury,Pearl Ivory,2025,12,December,3,13089.6,364.47,0.0,13454.07,40362.22
Jungle Lynx,Sedan,Luxury,Pearl Ivory,2026,1,January,11,13158.18,336.31,0.83,13495.32,148448.54
Jungle Lynx,Sedan,Luxury,Pearl Ivory,2026,2,February,4,13289.63,345.24,0.0,13634.87,54539.48
Jungle Lynx,Sedan,Luxury,Pearl Ivory,2026,3,March,13,13263.87,338.41,0.0,13602.28,176829.64
Jungle Lynx,Sedan,Luxury,Pearl Ivory,2026,4,April,3,13345.61,334.42,68.24,13748.27,41244.8
Jungle Lynx,Sedan,Luxury,Pearl Ivory,2026,5,May,9,13373.12,338.69,1.17,13712.99,123416.91
Jungle Lynx,Sedan,Luxury,Pearl Ivory,2026,6,June,3,13456.27,350.63,0.0,13806.9,41420.71
Jungle Lynx,Sedan,Luxury,Pearl Ivory,2026,7,July,7,13360.52,327.97,0.0,13688.49,95819.41
Jungle Lynx,Sedan,Luxury,Steel Grey,2024,8,August,9,12426.56,337.91,0.0,12764.46,114880.15
Jungle Lynx,Sedan,Luxury,Steel Grey,2024,9,September,4,12442.92,347.18,0.0,12790.1,51160.41
Jungle Lynx,Sedan,Luxury,Steel Grey,2024,10,October,11,12462.2,331.89,11.55,12805.64,140862.0
Jungle Lynx,Sedan,Luxury,Steel Grey,2024,11,November,3,12507.57,360.42,0.0,12867.99,38603.96
Jungle Lynx,Sedan,Luxury,Steel Grey,2024,12,December,11,12570.28,336.78,0.0,12907.06,141977.62
Jungle Lynx,Sedan,Luxury,Steel Grey,2025,1,January,11,12601.42,334.63,0.0,12936.05,142296.53
Jungle Lynx,Sedan,Luxury,Steel Grey,2025,2,February,1,12751.17,350.07,0.0,13101.24,13101.24
Jungle Lynx,Sedan,Luxury,Steel Grey,2025,3,March,6,12737.81,338.21,18.53,13094.54,78567.25
Jungle Lynx,Sedan,Luxury,Steel Grey,2025,4,April,12,12763.54,339.21,14.43,13117.18,157406.2
Jungle Lynx,Sedan,Luxury,Steel Grey,2025,5,May,16,12809.19,337.15,0.0,13146.34,210341.47
Jungle Lynx,Sedan,Luxury,Steel Grey,2025,6,June,5,12800.92,335.97,26.35,13163.24,65816.19
Jungle Lynx,Sedan,Luxury,Steel Grey,2025,8,August,12,12924.82,327.69,4.32,13256.83,159081.93
Jungle Lynx,Sedan,Luxury,Steel Grey,2025,9,September,3,13079.22,325.1,0.0,13404.32,40212.96
Jungle Lynx,Sedan,Luxury,Steel Grey,2025,10,October,9,13078.48,353.29,0.81,13432.58,120893.22
Jungle Lynx,Sedan,Luxury,Steel Grey,2025,11,November,8,13122.9,346.47,84.27,13553.64,108429.13
Jungle Lynx,Sedan,Luxury,Steel Grey,2025,12,December,11,13108.25,339.48,18.09,13465.82,148124.06
Jungle Lynx,Sedan,Luxury,Steel Grey,2026,1,January,7,13189.88,352.01,0.0,13541.89,94793.26
Jungle Lynx,Sedan,Luxury,Steel Grey,2026,2,February,2,13187.79,344.45,0.0,13532.24,27064.48
Jungle Lynx,Sedan,Luxury,Steel Grey,2026,3,March,7,13267.91,344.53,0.0,13612.44,95287.1
Jungle Lynx,Sedan,Luxury,Steel Grey,2026,5,May,11,13357.48,345.74,0.0,13703.22,150735.42
Jungle Lynx,Sedan,Luxury,Steel Grey,2026,6,June,13,13428.53,346.34,11.74,13786.61,179225.98
Jungle Lynx,Sedan,Luxury,Steel Grey,2026,7,July,3,13420.45,351.19,262.52,14034.16,42102.49
Jungle Owl,EV,Base,Arctic White,2024,8,August,11,11026.63,330.09,0.0,11356.72,124923.93
Jungle Owl,EV,Base,Arctic White,2024,9,September,15,11038.28,341.41,4.75,11384.44,170766.64
Jungle Owl,EV,Base,Arctic White,2024,10,October,8,11081.42,339.72,20.31,11441.46,91531.67
Jungle Owl,EV,Base,Arctic White,2024,11,November,29,11133.08,335.97,19.08,11488.13,333155.88
Jungle Owl,EV,Base,Arctic White,2024,12,December,18,11152.07,336.54,60.7,11549.31,207887.59
Jungle Owl,EV,Base,Arctic White,2025,1,January,20,11196.58,349.14,0.49,11546.21,230924.11
Jungle Owl,EV,Base,Arctic White,2025,2,February,28,11239.71,343.36,3.77,11586.84,324431.46
Jungle Owl,EV,Base,Arctic White,2025,3,March,27,11296.57,342.49,16.42,11655.49,314698.18
Jungle Owl,EV,Base,Arctic White,2025,4,April,43,11349.81,335.72,21.92,11707.46,503420.74
Jungle Owl,EV,Base,Arctic White,2025,5,May,37,11379.83,345.32,31.75,11756.89,435005.09
Jungle Owl,EV,Base,Arctic White,2025,6,June,10,11405.34,344.28,66.45,11816.07,118160.7
Jungle Owl,EV,Base,Arctic White,2025,7,July,24,11453.7,333.61,0.32,11787.64,282903.32
Jungle Owl,EV,Base,Arctic White,2025,8,August,10,11494.4,344.79,0.0,11839.19,118391.86
Jungle Owl,EV,Base,Arctic White,2025,9,September,31,11498.82,336.47,9.15,11844.44,367177.79
Jungle Owl,EV,Base,Arctic White,2025,10,October,35,11565.17,332.63,5.54,11903.34,416616.76
Jungle Owl,EV,Base,Arctic White,2025,11,November,31,11628.57,335.99,5.71,11970.28,371078.55
Jungle Owl,EV,Base,Arctic White,2025,12,December,41,11659.91,342.49,3.9,12006.3,492258.36
Jungle Owl,EV,Base,Arctic White,2026,1,January,27,11678.55,338.15,0.0,12016.7,324450.94
Jungle Owl,EV,Base,Arctic White,2026,2,February,30,11740.3,347.3,0.0,12087.6,362628.03
Jungle Owl,EV,Base,Arctic White,2026,3,March,61,11792.81,337.83,1.98,12132.63,740090.16
Jungle Owl,EV,Base,Arctic White,2026,4,April,32,11804.65,337.51,27.17,12169.33,389418.42
Jungle Owl,EV,Base,Arctic White,2026,5,May,53,11859.82,341.0,1.34,12202.16,646714.52
Jungle Owl,EV,Base,Arctic White,2026,6,June,23,11902.74,332.56,5.14,12240.44,281530.05
Jungle Owl,EV,Base,Arctic White,2026,7,July,49,11971.4,338.24,7.3,12316.94,603530.0
Jungle Owl,EV,Base,Copper Bronze,2024,7,July,3,11007.73,349.35,0.0,11357.09,34071.26
Jungle Owl,EV,Base,Copper Bronze,2024,8,August,12,11004.67,338.62,10.14,11353.44,136241.26
Jungle Owl,EV,Base,Copper Bronze,2024,9,September,26,11045.3,342.78,0.6,11388.68,296105.57
Jungle Owl,EV,Base,Copper Bronze,2024,10,October,11,11093.19,338.9,0.49,11432.58,125758.41
Jungle Owl,EV,Base,Copper Bronze,2024,11,November,32,11144.28,347.5,10.49,11502.26,368072.32
Jungle Owl,EV,Base,Copper Bronze,2024,12,December,22,11161.99,338.99,10.02,11511.0,253242.09
Jungle Owl,EV,Base,Copper Bronze,2025,1,January,16,11239.5,340.16,0.56,11580.21,185283.37
Jungle Owl,EV,Base,Copper Bronze,2025,2,February,13,11245.58,337.25,14.27,11597.1,150762.36
Jungle Owl,EV,Base,Copper Bronze,2025,3,March,30,11286.81,338.7,0.0,11625.51,348765.27
Jungle Owl,EV,Base,Copper Bronze,2025,4,April,13,11354.81,331.38,0.0,11686.19,151920.47
Jungle Owl,EV,Base,Copper Bronze,2025,5,May,42,11364.91,339.98,2.03,11706.92,491690.53
Jungle Owl,EV,Base,Copper Bronze,2025,6,June,18,11408.24,343.62,6.87,11758.73,211657.14
Jungle Owl,EV,Base,Copper Bronze,2025,7,July,11,11436.66,343.61,0.4,11780.67,129587.34
Jungle Owl,EV,Base,Copper Bronze,2025,8,August,8,11502.0,340.08,0.0,11842.08,94736.6
Jungle Owl,EV,Base,Copper Bronze,2025,9,September,46,11529.12,343.19,45.75,11918.05,548230.32
Jungle Owl,EV,Base,Copper Bronze,2025,10,October,35,11563.95,336.63,5.56,11906.14,416714.86
Jungle Owl,EV,Base,Copper Bronze,2025,11,November,34,11608.78,340.6,28.26,11977.64,407239.82
Jungle Owl,EV,Base,Copper Bronze,2025,12,December,26,11660.08,345.74,0.0,12005.82,312151.33
Jungle Owl,EV,Base,Copper Bronze,2026,1,January,35,11711.22,340.27,24.5,12075.98,422659.47
Jungle Owl,EV,Base,Copper Bronze,2026,2,February,29,11742.86,340.77,3.03,12086.65,350512.96
Jungle Owl,EV,Base,Copper Bronze,2026,3,March,46,11795.62,340.53,21.61,12157.76,559257.15
Jungle Owl,EV,Base,Copper Bronze,2026,4,April,45,11844.58,339.61,4.36,12188.55,548484.82
Jungle Owl,EV,Base,Copper Bronze,2026,5,May,33,11842.94,344.41,0.0,12187.34,402182.27
Jungle Owl,EV,Base,Copper Bronze,2026,6,June,48,11918.73,343.44,24.33,12286.51,589752.44
Jungle Owl,EV,Base,Copper Bronze,2026,7,July,38,11930.43,342.18,0.0,12272.61,466359.17
Jungle Owl,EV,Base,Crimson Red,2024,8,August,16,10999.15,330.24,0.0,11329.39,181270.25
Jungle Owl,EV,Base,Crimson Red,2024,9,September,5,11057.71,339.79,0.0,11397.5,56987.5
Jungle Owl,EV,Base,Crimson Red,2024,10,October,22,11097.15,333.99,0.92,11432.06,251505.42
Jungle Owl,EV,Base,Crimson Red,2024,11,November,14,11121.16,352.35,5.44,11478.95,160705.25
Jungle Owl,EV,Base,Crimson Red,2024,12,December,10,11129.77,340.13,0.0,11469.9,114698.99
Jungle Owl,EV,Base,Crimson Red,2025,1,January,30,11243.88,342.6,6.0,11592.48,347774.38
Jungle Owl,EV,Base,Crimson Red,2025,2,February,6,11301.29,330.77,20.18,11652.23,69913.4
Jungle Owl,EV,Base,Crimson Red,2025,3,March,38,11284.07,337.98,4.58,11626.64,441812.31
Jungle Owl,EV,Base,Crimson Red,2025,4,April,16,11317.11,338.85,16.01,11671.96,186751.39
Jungle Owl,EV,Base,Crimson Red,2025,5,May,47,11370.89,337.15,20.39,11728.44,551236.61
Jungle Owl,EV,Base,Crimson Red,2025,6,June,21,11426.59,332.43,31.71,11790.74,247605.5
Jungle Owl,EV,Base,Crimson Red,2025,7,July,18,11464.04,338.41,0.0,11802.45,212444.03
Jungle Owl,EV,Base,Crimson Red,2025,8,August,25,11474.79,335.46,7.42,11817.67,295441.63
Jungle Owl,EV,Base,Crimson Red,2025,9,September,21,11531.77,336.43,0.0,11868.2,249232.24
Jungle Owl,EV,Base,Crimson Red,2025,10,October,28,11585.8,342.5,0.08,11928.37,333994.49
Jungle Owl,EV,Base,Crimson Red,2025,11,November,23,11607.91,340.46,4.59,11952.96,274918.1
Jungle Owl,EV,Base,Crimson Red,2025,12,December,40,11680.77,340.79,5.04,12026.6,481064.17
Jungle Owl,EV,Base,Crimson Red,2026,1,January,47,11700.68,341.18,12.32,12054.17,566545.94
Jungle Owl,EV,Base,Crimson Red,2026,2,February,20,11745.32,343.77,4.58,12093.67,241873.32
Jungle Owl,EV,Base,Crimson Red,2026,3,March,44,11764.91,340.91,4.63,12110.44,532859.51
Jungle Owl,EV,Base,Crimson Red,2026,4,April,34,11827.3,343.9,8.86,12180.07,414122.26
Jungle Owl,EV,Base,Crimson Red,2026,5,May,36,11879.95,336.84,0.0,12216.79,439804.56
Jungle Owl,EV,Base,Crimson Red,2026,6,June,25,11897.9,350.15,10.43,12258.49,306462.26
Jungle Owl,EV,Base,Crimson Red,2026,7,July,31,11954.56,341.51,3.23,12299.3,381278.37
Jungle Owl,EV,Base,Forest Green,2024,8,August,6,10990.66,336.11,0.0,11326.77,67960.6
Jungle Owl,EV,Base,Forest Green,2024,9,September,10,11022.29,345.29,70.89,11438.47,114384.7
Jungle Owl,EV,Base,Forest Green,2024,10,October,27,11081.9,346.42,32.57,11460.89,309443.96
Jungle Owl,EV,Base,Forest Green,2024,11,November,17,11128.3,336.13,41.62,11506.05,195602.85
Jungle Owl,EV,Base,Forest Green,2024,12,December,29,11203.6,337.71,0.0,11541.31,334698.02
Jungle Owl,EV,Base,Forest Green,2025,1,January,23,11214.69,342.16,8.86,11565.72,266011.5
Jungle Owl,EV,Base,Forest Green,2025,2,February,10,11241.04,334.39,33.31,11608.74,116087.42
Jungle Owl,EV,Base,Forest Green,2025,3,March,19,11288.88,341.57,0.56,11631.01,220989.24
Jungle Owl,EV,Base,Forest Green,2025,4,April,20,11353.67,346.73,4.28,11704.68,234093.68
Jungle Owl,EV,Base,Forest Green,2025,5,May,43,11385.72,337.14,19.47,11742.33,504920.21
Jungle Owl,EV,Base,Forest Green,2025,6,June,25,11424.49,338.21,7.73,11770.43,294260.78
Jungle Owl,EV,Base,Forest Green,2025,7,July,30,11458.94,340.3,0.0,11799.24,353977.29
Jungle Owl,EV,Base,Forest Green,2025,8,August,15,11505.01,342.8,1.32,11849.14,177737.03
Jungle Owl,EV,Base,Forest Green,2025,9,September,27,11562.59,337.3,0.0,11899.89,321296.9
Jungle Owl,EV,Base,Forest Green,2025,10,October,21,11553.76,342.22,37.13,11933.11,250595.22
Jungle Owl,EV,Base,Forest Green,2025,11,November,25,11637.1,339.16,57.47,12033.73,300843.18
Jungle Owl,EV,Base,Forest Green,2025,12,December,36,11674.34,337.13,0.18,12011.66,432419.65
Jungle Owl,EV,Base,Forest Green,2026,1,January,38,11694.65,341.2,19.55,12055.4,458105.01
Jungle Owl,EV,Base,Forest Green,2026,2,February,50,11751.29,339.29,11.02,12101.6,605079.95
Jungle Owl,EV,Base,Forest Green,2026,3,March,50,11788.33,342.71,19.06,12150.1,607504.83
Jungle Owl,EV,Base,Forest Green,2026,4,April,43,11820.08,338.12,33.22,12191.42,524231.04
Jungle Owl,EV,Base,Forest Green,2026,5,May,45,11862.87,337.84,18.15,12218.87,549848.98
Jungle Owl,EV,Base,Forest Green,2026,6,June,41,11899.01,335.57,17.85,12252.44,502350.07
Jungle Owl,EV,Base,Forest Green,2026,7,July,29,11956.32,340.53,0.13,12296.98,356612.46
Jungle Owl,EV,Base,Midnight Black,2024,8,August,6,10980.32,332.46,26.94,11339.71,68038.28
Jungle Owl,EV,Base,Midnight Black,2024,9,September,13,11061.59,337.24,0.0,11398.82,148184.72
Jungle Owl,EV,Base,Midnight Black,2024,10,October,24,11095.31,338.37,0.0,11433.68,274408.32
Jungle Owl,EV,Base,Midnight Black,2024,11,November,6,11052.65,346.4,18.27,11417.32,68503.94
Jungle Owl,EV,Base,Midnight Black,2024,12,December,12,11167.27,335.23,55.46,11557.96,138695.54
Jungle Owl,EV,Base,Midnight Black,2025,1,January,36,11211.84,340.67,7.91,11560.42,416175.18
Jungle Owl,EV,Base,Midnight Black,2025,2,February,14,11242.49,342.13,0.12,11584.73,162186.22
Jungle Owl,EV,Base,Midnight Black,2025,3,March,16,11308.92,348.93,62.7,11720.55,187528.78
Jungle Owl,EV,Base,Midnight Black,2025,4,April,25,11336.81,343.78,26.76,11707.35,292683.81
Jungle Owl,EV,Base,Midnight Black,2025,5,May,19,11387.26,339.52,39.6,11766.38,223561.21
Jungle Owl,EV,Base,Midnight Black,2025,6,June,19,11425.8,342.74,35.11,11803.64,224269.17
Jungle Owl,EV,Base,Midnight Black,2025,7,July,20,11459.63,343.88,18.03,11821.55,236430.91
Jungle Owl,EV,Base,Midnight Black,2025,8,August,18,11517.78,337.57,17.8,11873.14,213716.6
Jungle Owl,EV,Base,Midnight Black,2025,9,September,22,11533.85,343.18,0.69,11877.71,261309.72
Jungle Owl,EV,Base,Midnight Black,2025,10,October,30,11580.63,342.7,22.18,11945.51,358365.2
Jungle Owl,EV,Base,Midnight Black,2025,11,November,29,11638.69,338.29,1.77,11978.75,347383.82
Jungle Owl,EV,Base,Midnight Black,2025,12,December,38,11645.65,333.69,5.28,11984.62,455415.47
Jungle Owl,EV,Base,Midnight Black,2026,1,January,42,11707.59,339.56,34.65,12081.8,507435.55
Jungle Owl,EV,Base,Midnight Black,2026,2,February,45,11759.71,343.92,5.14,12108.77,544894.47
Jungle Owl,EV,Base,Midnight Black,2026,3,March,41,11794.35,341.17,22.53,12158.05,498480.11
Jungle Owl,EV,Base,Midnight Black,2026,4,April,33,11847.53,343.51,0.0,12191.04,402304.35
Jungle Owl,EV,Base,Midnight Black,2026,5,May,39,11893.06,346.24,2.13,12241.43,477415.68
Jungle Owl,EV,Base,Midnight Black,2026,6,June,33,11923.8,343.57,0.16,12267.54,404828.76
Jungle Owl,EV,Base,Midnight Black,2026,7,July,35,11929.47,334.9,3.9,12268.28,429389.75
Jungle Owl,EV,Base,Ocean Blue,2024,8,August,20,10975.72,342.55,8.5,11326.77,226535.34
Jungle Owl,EV,Base,Ocean Blue,2024,9,September,10,11037.53,349.91,3.14,11390.58,113905.8
Jungle Owl,EV,Base,Ocean Blue,2024,10,October,8,11070.1,334.0,15.02,11419.13,91353.03
Jungle Owl,EV,Base,Ocean Blue,2024,11,November,18,11174.8,335.11,7.34,11517.25,207310.47
Jungle Owl,EV,Base,Ocean Blue,2024,12,December,12,11134.8,338.68,9.82,11483.31,137799.73
Jungle Owl,EV,Base,Ocean Blue,2025,1,January,9,11230.29,340.07,0.0,11570.36,104133.28
Jungle Owl,EV,Base,Ocean Blue,2025,2,February,22,11252.96,337.88,4.26,11595.1,255092.16
Jungle Owl,EV,Base,Ocean Blue,2025,3,March,38,11290.95,338.84,9.55,11639.34,442295.08
Jungle Owl,EV,Base,Ocean Blue,2025,4,April,26,11369.42,339.03,43.89,11752.33,305560.6
Jungle Owl,EV,Base,Ocean Blue,2025,5,May,32,11365.37,339.75,10.81,11715.93,374909.73
Jungle Owl,EV,Base,Ocean Blue,2025,6,June,29,11405.74,337.97,2.84,11746.55,340649.92
Jungle Owl,EV,Base,Ocean Blue,2025,7,July,7,11460.91,341.71,0.0,11802.63,82618.38
Jungle Owl,EV,Base,Ocean Blue,2025,8,August,14,11546.67,338.55,0.54,11885.76,166400.66
Jungle Owl,EV,Base,Ocean Blue,2025,9,September,40,11572.91,341.52,30.34,11944.77,477790.97
Jungle Owl,EV,Base,Ocean Blue,2025,10,October,28,11551.92,339.73,24.51,11916.15,333652.24
Jungle Owl,EV,Base,Ocean Blue,2025,11,November,35,11624.75,343.38,12.96,11981.09,419338.18
Jungle Owl,EV,Base,Ocean Blue,2025,12,December,42,11650.65,342.56,2.72,11995.93,503829.17
Jungle Owl,EV,Base,Ocean Blue,2026,1,January,51,11693.86,341.07,6.29,12041.21,614101.94
Jungle Owl,EV,Base,Ocean Blue,2026,2,February,31,11726.99,334.06,22.1,12083.16,374577.88
Jungle Owl,EV,Base,Ocean Blue,2026,3,March,55,11792.49,342.2,24.23,12158.93,668740.91
Jungle Owl,EV,Base,Ocean Blue,2026,4,April,22,11817.12,339.49,30.57,12187.17,268117.74
Jungle Owl,EV,Base,Ocean Blue,2026,5,May,66,11854.89,340.76,4.53,12200.17,805211.27
Jungle Owl,EV,Base,Ocean Blue,2026,6,June,34,11903.82,336.76,86.68,12327.26,419126.85
Jungle Owl,EV,Base,Ocean Blue,2026,7,July,42,11965.84,334.58,4.13,12304.55,516790.97
Jungle Owl,EV,Base,Pearl Ivory,2024,8,August,6,11078.25,355.77,0.33,11434.35,68606.08
Jungle Owl,EV,Base,Pearl Ivory,2024,9,September,23,11043.11,345.56,7.35,11396.02,262108.49
Jungle Owl,EV,Base,Pearl Ivory,2024,10,October,28,11085.09,341.18,0.0,11426.28,319935.77
Jungle Owl,EV,Base,Pearl Ivory,2024,11,November,19,11114.3,333.21,48.94,11496.45,218432.46
Jungle Owl,EV,Base,Pearl Ivory,2024,12,December,5,11158.9,353.4,0.0,11512.31,57561.53
Jungle Owl,EV,Base,Pearl Ivory,2025,1,January,23,11201.98,344.65,20.75,11567.37,266049.62
Jungle Owl,EV,Base,Pearl Ivory,2025,2,February,33,11244.69,337.8,8.92,11591.42,382516.75
Jungle Owl,EV,Base,Pearl Ivory,2025,3,March,14,11252.07,337.7,11.33,11601.09,162415.28
Jungle Owl,EV,Base,Pearl Ivory,2025,4,April,21,11320.91,335.53,0.62,11657.06,244798.16
Jungle Owl,EV,Base,Pearl Ivory,2025,5,May,26,11346.79,344.49,26.61,11717.89,304665.25
Jungle Owl,EV,Base,Pearl Ivory,2025,6,June,23,11440.9,349.42,8.46,11798.78,271371.9
Jungle Owl,EV,Base,Pearl Ivory,2025,7,July,21,11469.19,341.98,4.58,11815.75,248130.75
Jungle Owl,EV,Base,Pearl Ivory,2025,8,August,23,11493.89,333.6,8.27,11835.76,272222.49
Jungle Owl,EV,Base,Pearl Ivory,2025,9,September,24,11566.84,338.02,37.0,11941.85,286604.51
Jungle Owl,EV,Base,Pearl Ivory,2025,10,October,27,11583.63,339.11,40.8,11963.54,323015.55
Jungle Owl,EV,Base,Pearl Ivory,2025,11,November,24,11630.46,337.3,7.54,11975.31,287407.41
Jungle Owl,EV,Base,Pearl Ivory,2025,12,December,16,11665.91,343.22,0.0,12009.13,192146.07
Jungle Owl,EV,Base,Pearl Ivory,2026,1,January,49,11706.74,339.49,15.4,12061.63,591019.72
Jungle Owl,EV,Base,Pearl Ivory,2026,2,February,19,11724.91,344.22,0.6,12069.73,229324.83
Jungle Owl,EV,Base,Pearl Ivory,2026,3,March,44,11790.32,340.11,11.83,12142.26,534259.51
Jungle Owl,EV,Base,Pearl Ivory,2026,4,April,63,11828.72,339.13,2.62,12170.47,766739.87
Jungle Owl,EV,Base,Pearl Ivory,2026,5,May,53,11869.75,338.83,0.21,12208.79,647065.83
Jungle Owl,EV,Base,Pearl Ivory,2026,6,June,48,11907.01,343.81,7.74,12258.56,588410.94
Jungle Owl,EV,Base,Pearl Ivory,2026,7,July,25,11911.42,340.29,5.03,12256.74,306418.45
Jungle Owl,EV,Base,Steel Grey,2024,8,August,14,11031.82,347.12,0.78,11379.71,159315.9
Jungle Owl,EV,Base,Steel Grey,2024,9,September,11,11057.64,334.14,6.79,11398.57,125384.27
Jungle Owl,EV,Base,Steel Grey,2024,10,October,21,11095.35,340.09,9.7,11445.15,240348.05
Jungle Owl,EV,Base,Steel Grey,2024,11,November,11,11116.99,334.02,15.53,11466.53,126131.86
Jungle Owl,EV,Base,Steel Grey,2024,12,December,19,11211.37,340.25,0.0,11551.62,219480.87
Jungle Owl,EV,Base,Steel Grey,2025,1,January,27,11203.09,343.42,31.78,11578.29,312613.9
Jungle Owl,EV,Base,Steel Grey,2025,2,February,20,11210.06,338.67,8.74,11557.47,231149.48
Jungle Owl,EV,Base,Steel Grey,2025,3,March,16,11305.43,338.76,7.51,11651.7,186427.13
Jungle Owl,EV,Base,Steel Grey,2025,4,April,33,11336.04,340.81,5.56,11682.41,385519.39
Jungle Owl,EV,Base,Steel Grey,2025,5,May,22,11349.2,343.25,3.31,11695.76,257306.66
Jungle Owl,EV,Base,Steel Grey,2025,6,June,25,11418.35,337.23,14.12,11769.7,294242.48
Jungle Owl,EV,Base,Steel Grey,2025,7,July,27,11457.65,345.18,28.11,11830.94,319435.37
Jungle Owl,EV,Base,Steel Grey,2025,8,August,17,11507.11,339.96,0.0,11847.07,201400.11
Jungle Owl,EV,Base,Steel Grey,2025,9,September,43,11551.13,339.06,6.78,11896.98,511570.18
Jungle Owl,EV,Base,Steel Grey,2025,10,October,36,11589.72,345.19,0.0,11934.9,429656.49
Jungle Owl,EV,Base,Steel Grey,2025,11,November,60,11626.34,340.08,22.67,11989.09,719345.11
Jungle Owl,EV,Base,Steel Grey,2025,12,December,22,11647.89,341.02,32.61,12021.53,264473.65
Jungle Owl,EV,Base,Steel Grey,2026,1,January,30,11706.75,341.15,2.8,12050.7,361520.89
Jungle Owl,EV,Base,Steel Grey,2026,2,February,38,11730.88,335.35,5.3,12071.53,458718.03
Jungle Owl,EV,Base,Steel Grey,2026,3,March,28,11779.68,337.64,23.75,12141.07,339950.07
Jungle Owl,EV,Base,Steel Grey,2026,4,April,39,11845.68,341.9,2.51,12190.09,475413.57
Jungle Owl,EV,Base,Steel Grey,2026,5,May,51,11868.48,336.16,15.22,12219.86,623212.93
Jungle Owl,EV,Base,Steel Grey,2026,6,June,41,11908.59,341.84,66.4,12316.83,504990.14
Jungle Owl,EV,Base,Steel Grey,2026,7,July,30,11936.24,343.57,27.45,12307.26,369217.89
Jungle Owl,EV,Comfort,Arctic White,2024,7,July,1,11822.15,386.62,0.0,12208.77,12208.77
Jungle Owl,EV,Comfort,Arctic White,2024,8,August,18,11885.98,341.93,43.09,12270.99,220877.89
Jungle Owl,EV,Comfort,Arctic White,2024,9,September,14,11947.66,326.64,0.71,12275.02,171850.25
Jungle Owl,EV,Comfort,Arctic White,2024,10,October,10,11950.52,354.93,2.6,12308.05,123080.52
Jungle Owl,EV,Comfort,Arctic White,2024,11,November,11,12036.42,350.06,0.0,12386.48,136251.28
Jungle Owl,EV,Comfort,Arctic White,2024,12,December,14,12070.19,340.66,10.72,12421.58,173902.06
Jungle Owl,EV,Comfort,Arctic White,2025,1,January,20,12146.67,346.87,6.31,12499.84,249996.86
Jungle Owl,EV,Comfort,Arctic White,2025,2,February,10,12168.83,347.96,14.19,12530.98,125309.76
Jungle Owl,EV,Comfort,Arctic White,2025,3,March,6,12281.74,346.2,0.0,12627.94,75767.66
Jungle Owl,EV,Comfort,Arctic White,2025,4,April,17,12270.43,340.05,1.52,12612.0,214404.03
Jungle Owl,EV,Comfort,Arctic White,2025,5,May,18,12301.14,339.07,37.11,12677.32,228191.77
Jungle Owl,EV,Comfort,Arctic White,2025,6,June,15,12347.33,336.38,7.27,12690.98,190364.67
Jungle Owl,EV,Comfort,Arctic White,2025,7,July,13,12366.83,337.73,0.0,12704.56,165159.23
Jungle Owl,EV,Comfort,Arctic White,2025,8,August,24,12450.43,337.79,27.91,12816.13,307587.18
Jungle Owl,EV,Comfort,Arctic White,2025,9,September,30,12481.75,335.8,3.2,12820.75,384622.43
Jungle Owl,EV,Comfort,Arctic White,2025,10,October,28,12547.55,341.34,30.55,12919.44,361744.22
Jungle Owl,EV,Comfort,Arctic White,2025,11,November,16,12568.81,340.69,8.27,12917.76,206684.18
Jungle Owl,EV,Comfort,Arctic White,2025,12,December,16,12584.32,338.06,0.0,12922.38,206758.05
Jungle Owl,EV,Comfort,Arctic White,2026,1,January,25,12686.37,349.5,4.11,13039.98,325999.46
Jungle Owl,EV,Comfort,Arctic White,2026,2,February,15,12709.64,334.74,0.74,13045.12,195676.86
Jungle Owl,EV,Comfort,Arctic White,2026,3,March,34,12757.41,336.74,14.29,13108.45,445687.4
Jungle Owl,EV,Comfort,Arctic White,2026,4,April,18,12811.08,336.04,46.09,13193.22,237477.9
Jungle Owl,EV,Comfort,Arctic White,2026,5,May,28,12855.88,344.75,3.32,13203.95,369710.61
Jungle Owl,EV,Comfort,Arctic White,2026,6,June,24,12856.76,342.59,0.43,13199.77,316794.55
Jungle Owl,EV,Comfort,Arctic White,2026,7,July,36,12902.05,339.76,0.0,13241.81,476705.17
Jungle Owl,EV,Comfort,Copper Bronze,2024,8,August,11,11946.98,330.88,0.0,12277.86,135056.47
Jungle Owl,EV,Comfort,Copper Bronze,2024,9,September,21,11941.74,340.38,12.6,12294.71,258188.86
Jungle Owl,EV,Comfort,Copper Bronze,2024,10,October,6,11930.22,343.81,1.66,12275.69,73654.12
Jungle Owl,EV,Comfort,Copper Bronze,2024,11,November,11,12070.22,339.43,0.47,12410.13,136511.41
Jungle Owl,EV,Comfort,Copper Bronze,2024,12,December,13,12101.72,343.88,0.57,12446.18,161800.34
Jungle Owl,EV,Comfort,Copper Bronze,2025,1,January,4,12135.71,352.45,3.95,12492.11,49968.43
Jungle Owl,EV,Comfort,Copper Bronze,2025,2,February,18,12158.02,342.26,0.24,12500.51,225009.13
Jungle Owl,EV,Comfort,Copper Bronze,2025,3,March,29,12197.45,339.11,4.38,12540.95,363687.44
Jungle Owl,EV,Comfort,Copper Bronze,2025,4,April,16,12269.6,337.04,0.0,12606.64,201706.17
Jungle Owl,EV,Comfort,Copper Bronze,2025,5,May,14,12286.29,346.62,47.88,12680.79,177530.99
Jungle Owl,EV,Comfort,Copper Bronze,2025,6,June,17,12386.18,343.35,5.54,12735.06,216496.08
Jungle Owl,EV,Comfort,Copper Bronze,2025,7,July,9,12422.27,353.51,78.52,12854.3,115688.66
Jungle Owl,EV,Comfort,Copper Bronze,2025,8,August,11,12475.91,345.41,0.82,12822.14,141043.49
Jungle Owl,EV,Comfort,Copper Bronze,2025,9,September,18,12485.48,350.34,13.29,12849.11,231283.99
Jungle Owl,EV,Comfort,Copper Bronze,2025,10,October,21,12544.83,338.97,33.65,12917.45,271266.45
Jungle Owl,EV,Comfort,Copper Bronze,2025,11,November,22,12582.13,338.71,4.35,12925.19,284354.26
Jungle Owl,EV,Comfort,Copper Bronze,2025,12,December,8,12596.84,335.65,12.87,12945.36,103562.91
Jungle Owl,EV,Comfort,Copper Bronze,2026,1,January,24,12664.7,335.0,6.64,13006.34,312152.13
Jungle Owl,EV,Comfort,Copper Bronze,2026,2,February,17,12698.35,344.21,39.45,13082.01,222394.21
Jungle Owl,EV,Comfort,Copper Bronze,2026,3,March,26,12777.55,342.92,30.82,13151.29,341933.56
Jungle Owl,EV,Comfort,Copper Bronze,2026,4,April,36,12787.91,338.35,40.28,13166.54,473995.58
Jungle Owl,EV,Comfort,Copper Bronze,2026,5,May,11,12901.58,341.74,2.41,13245.73,145703.06
Jungle Owl,EV,Comfort,Copper Bronze,2026,6,June,33,12886.38,341.31,27.32,13255.02,437415.51
Jungle Owl,EV,Comfort,Copper Bronze,2026,7,July,19,12918.32,337.16,0.0,13255.48,251854.18
Jungle Owl,EV,Comfort,Crimson Red,2024,8,August,15,11870.61,343.28,51.31,12265.19,183977.91
Jungle Owl,EV,Comfort,Crimson Red,2024,9,September,10,11945.27,339.49,15.75,12300.51,123005.13
Jungle Owl,EV,Comfort,Crimson Red,2024,10,October,7,12022.62,358.28,20.51,12401.4,86809.83
Jungle Owl,EV,Comfort,Crimson Red,2024,11,November,13,12035.67,343.83,0.0,12379.49,160933.42
Jungle Owl,EV,Comfort,Crimson Red,2024,12,December,5,12105.55,343.68,25.93,12475.17,62375.84
Jungle Owl,EV,Comfort,Crimson Red,2025,1,January,7,12141.52,341.12,0.0,12482.64,87378.47
Jungle Owl,EV,Comfort,Crimson Red,2025,2,February,3,12179.42,350.33,0.0,12529.76,37589.28
Jungle Owl,EV,Comfort,Crimson Red,2025,3,March,12,12255.89,346.6,277.78,12880.28,154563.32
Jungle Owl,EV,Comfort,Crimson Red,2025,4,April,17,12252.43,339.0,0.31,12591.74,214059.57
Jungle Owl,EV,Comfort,Crimson Red,2025,5,May,25,12307.83,345.63,0.0,12653.46,316336.47
Jungle Owl,EV,Comfort,Crimson Red,2025,6,June,6,12359.56,344.79,4.03,12708.38,76250.28
Jungle Owl,EV,Comfort,Crimson Red,2025,7,July,14,12389.76,336.34,11.45,12737.55,178325.74
Jungle Owl,EV,Comfort,Crimson Red,2025,8,August,9,12467.28,332.64,0.0,12799.93,115199.33
Jungle Owl,EV,Comfort,Crimson Red,2025,9,September,17,12502.72,339.52,22.55,12864.79,218701.4
Jungle Owl,EV,Comfort,Crimson Red,2025,10,October,23,12506.49,343.69,0.46,12850.64,295564.66
Jungle Owl,EV,Comfort,Crimson Red,2025,11,November,15,12604.14,336.34,8.3,12948.78,194231.66
Jungle Owl,EV,Comfort,Crimson Red,2025,12,December,24,12612.31,339.19,0.0,12951.5,310836.1
Jungle Owl,EV,Comfort,Crimson Red,2026,1,January,34,12644.59,337.11,0.0,12981.7,441377.9
Jungle Owl,EV,Comfort,Crimson Red,2026,2,February,29,12701.73,347.03,9.57,13058.32,378691.36
Jungle Owl,EV,Comfort,Crimson Red,2026,3,March,11,12729.42,333.68,0.0,13063.11,143694.16
Jungle Owl,EV,Comfort,Crimson Red,2026,4,April,19,12827.47,343.81,0.0,13171.27,250254.17
Jungle Owl,EV,Comfort,Crimson Red,2026,5,May,30,12865.01,342.88,0.48,13208.37,396251.22
Jungle Owl,EV,Comfort,Crimson Red,2026,6,June,16,12912.13,340.05,11.36,13263.53,212216.52
Jungle Owl,EV,Comfort,Crimson Red,2026,7,July,19,12932.01,340.98,7.59,13280.58,252331.07
Jungle Owl,EV,Comfort,Forest Green,2024,8,August,4,11947.04,360.19,0.0,12307.23,49228.93
Jungle Owl,EV,Comfort,Forest Green,2024,9,September,2,11889.51,340.25,0.0,12229.76,24459.52
Jungle Owl,EV,Comfort,Forest Green,2024,10,October,18,12032.39,340.88,6.28,12379.56,222832.01
Jungle Owl,EV,Comfort,Forest Green,2024,11,November,9,12024.62,338.14,0.0,12362.75,111264.76
Jungle Owl,EV,Comfort,Forest Green,2024,12,December,4,12058.06,337.9,166.71,12562.67,50250.68
Jungle Owl,EV,Comfort,Forest Green,2025,1,January,11,12111.6,339.97,0.0,12451.57,136967.22
Jungle Owl,EV,Comfort,Forest Green,2025,2,February,9,12207.21,343.36,1.23,12551.81,112966.25
Jungle Owl,EV,Comfort,Forest Green,2025,3,March,26,12221.46,345.7,4.8,12571.97,326871.14
Jungle Owl,EV,Comfort,Forest Green,2025,4,April,17,12250.71,335.43,15.93,12602.06,214235.09
Jungle Owl,EV,Comfort,Forest Green,2025,5,May,14,12331.18,332.85,0.0,12664.03,177296.47
Jungle Owl,EV,Comfort,Forest Green,2025,6,June,14,12383.71,339.94,0.0,12723.65,178131.08
Jungle Owl,EV,Comfort,Forest Green,2025,7,July,19,12372.61,331.64,0.0,12704.25,241380.69
Jungle Owl,EV,Comfort,Forest Green,2025,8,August,8,12443.03,346.21,32.36,12821.61,102572.84
Jungle Owl,EV,Comfort,Forest Green,2025,9,September,12,12492.02,348.28,0.38,12840.68,154088.14
Jungle Owl,EV,Comfort,Forest Green,2025,10,October,20,12534.82,337.46,4.8,12877.08,257541.67
Jungle Owl,EV,Comfort,Forest Green,2025,11,November,16,12594.26,343.83,12.83,12950.93,207214.81
Jungle Owl,EV,Comfort,Forest Green,2025,12,December,17,12642.88,341.93,9.59,12994.41,220904.91
Jungle Owl,EV,Comfort,Forest Green,2026,1,January,11,12684.94,342.57,61.34,13088.86,143977.44
Jungle Owl,EV,Comfort,Forest Green,2026,2,February,10,12696.76,334.07,0.41,13031.24,130312.39
Jungle Owl,EV,Comfort,Forest Green,2026,3,March,32,12737.45,341.95,44.69,13124.09,419970.81
Jungle Owl,EV,Comfort,Forest Green,2026,4,April,10,12757.37,335.67,66.9,13159.94,131599.4
Jungle Owl,EV,Comfort,Forest Green,2026,5,May,10,12862.59,330.01,77.6,13270.19,132701.89
Jungle Owl,EV,Comfort,Forest Green,2026,6,June,17,12882.91,340.04,46.03,13268.98,225572.62
Jungle Owl,EV,Comfort,Forest Green,2026,7,July,17,12924.67,335.16,0.95,13260.77,225433.16
Jungle Owl,EV,Comfort,Midnight Black,2024,9,September,7,11947.02,334.29,31.44,12312.75,86189.23
Jungle Owl,EV,Comfort,Midnight Black,2024,10,October,7,11995.3,335.52,0.0,12330.82,86315.75
Jungle Owl,EV,Comfort,Midnight Black,2024,11,November,15,12061.6,333.64,0.0,12395.24,185928.65
Jungle Owl,EV,Comfort,Midnight Black,2024,12,December,10,12126.86,340.97,0.0,12467.83,124678.3
Jungle Owl,EV,Comfort,Midnight Black,2025,1,January,8,12157.58,337.99,0.0,12495.57,99964.55
Jungle Owl,EV,Comfort,Midnight Black,2025,2,February,9,12183.39,345.45,11.66,12540.5,112864.54
Jungle Owl,EV,Comfort,Midnight Black,2025,3,March,12,12193.32,338.23,0.68,12532.23,150386.8
Jungle Owl,EV,Comfort,Midnight Black,2025,4,April,7,12254.43,328.42,0.0,12582.85,88079.95
Jungle Owl,EV,Comfort,Midnight Black,2025,5,May,12,12298.24,334.1,10.12,12642.46,151709.47
Jungle Owl,EV,Comfort,Midnight Black,2025,6,June,25,12334.12,338.8,31.73,12704.64,317616.08
Jungle Owl,EV,Comfort,Midnight Black,2025,7,July,10,12457.16,335.84,0.0,12793.0,127930.04
Jungle Owl,EV,Comfort,Midnight Black,2025,8,August,14,12440.45,353.22,191.64,12985.3,181794.22
Jungle Owl,EV,Comfort,Midnight Black,2025,9,September,16,12498.21,339.03,10.18,12847.42,205558.64
Jungle Owl,EV,Comfort,Midnight Black,2025,10,October,12,12519.63,347.51,0.33,12867.48,154409.71
Jungle Owl,EV,Comfort,Midnight Black,2025,11,November,23,12540.3,336.18,0.46,12876.94,296169.61
Jungle Owl,EV,Comfort,Midnight Black,2025,12,December,10,12568.35,349.59,67.35,12985.29,129852.88
Jungle Owl,EV,Comfort,Midnight Black,2026,1,January,32,12690.85,338.87,29.02,13058.73,417879.42
Jungle Owl,EV,Comfort,Midnight Black,2026,2,February,14,12673.27,340.0,0.78,13014.06,182196.79
Jungle Owl,EV,Comfort,Midnight Black,2026,3,March,8,12724.9,336.38,0.0,13061.28,104490.24
Jungle Owl,EV,Comfort,Midnight Black,2026,4,April,20,12802.94,331.58,34.03,13168.55,263371.0
Jungle Owl,EV,Comfort,Midnight Black,2026,5,May,20,12831.52,343.57,13.87,13188.96,263779.2
Jungle Owl,EV,Comfort,Midnight Black,2026,6,June,20,12857.33,345.95,0.09,13203.36,264067.29
Jungle Owl,EV,Comfort,Midnight Black,2026,7,July,20,12957.98,341.31,16.1,13315.39,266307.73
Jungle Owl,EV,Comfort,Ocean Blue,2024,8,August,5,11896.69,325.62,0.0,12222.31,61111.53
Jungle Owl,EV,Comfort,Ocean Blue,2024,9,September,6,11962.74,343.77,29.84,12336.35,74018.08
Jungle Owl,EV,Comfort,Ocean Blue,2024,10,October,4,11993.13,344.45,35.71,12373.3,49493.18
Jungle Owl,EV,Comfort,Ocean Blue,2024,11,November,27,12038.51,342.96,11.09,12392.56,334599.17
Jungle Owl,EV,Comfort,Ocean Blue,2024,12,December,12,12075.58,340.4,20.89,12436.88,149242.51
Jungle Owl,EV,Comfort,Ocean Blue,2025,1,January,6,12243.65,335.96,0.29,12579.9,75479.38
Jungle Owl,EV,Comfort,Ocean Blue,2025,2,February,18,12185.52,342.3,46.46,12574.28,226337.12
Jungle Owl,EV,Comfort,Ocean Blue,2025,3,March,6,12276.28,340.89,0.0,12617.17,75702.99
Jungle Owl,EV,Comfort,Ocean Blue,2025,4,April,8,12264.17,341.52,0.0,12605.69,100845.52
Jungle Owl,EV,Comfort,Ocean Blue,2025,5,May,11,12263.38,339.31,0.91,12603.6,138639.6
Jungle Owl,EV,Comfort,Ocean Blue,2025,6,June,21,12373.83,348.45,8.23,12730.51,267340.72
Jungle Owl,EV,Comfort,Ocean Blue,2025,7,July,4,12413.8,327.9,0.0,12741.7,50966.8
Jungle Owl,EV,Comfort,Ocean Blue,2025,8,August,17,12410.55,344.69,6.28,12761.52,216945.77
Jungle Owl,EV,Comfort,Ocean Blue,2025,9,September,38,12501.54,341.09,76.55,12919.18,490928.96
Jungle Owl,EV,Comfort,Ocean Blue,2025,10,October,18,12556.96,336.81,45.64,12939.4,232909.22
Jungle Owl,EV,Comfort,Ocean Blue,2025,11,November,23,12592.16,340.7,43.03,12975.9,298445.7
Jungle Owl,EV,Comfort,Ocean Blue,2025,12,December,16,12668.43,342.77,6.03,13017.22,208275.56
Jungle Owl,EV,Comfort,Ocean Blue,2026,1,January,12,12627.51,335.2,0.99,12963.7,155564.34
Jungle Owl,EV,Comfort,Ocean Blue,2026,2,February,24,12713.32,337.7,6.74,13057.76,313386.34
Jungle Owl,EV,Comfort,Ocean Blue,2026,3,March,27,12741.26,337.57,34.47,13113.3,354058.97
Jungle Owl,EV,Comfort,Ocean Blue,2026,4,April,27,12788.83,339.58,2.0,13130.4,354520.92
Jungle Owl,EV,Comfort,Ocean Blue,2026,5,May,22,12850.87,336.74,45.36,13232.97,291125.44
Jungle Owl,EV,Comfort,Ocean Blue,2026,6,June,21,12913.76,340.85,0.0,13254.6,278346.66
Jungle Owl,EV,Comfort,Ocean Blue,2026,7,July,21,12945.67,344.18,5.43,13295.28,279200.88
Jungle Owl,EV,Comfort,Pearl Ivory,2024,8,August,17,11905.49,345.59,45.23,12296.31,209037.21
Jungle Owl,EV,Comfort,Pearl Ivory,2024,9,September,6,11879.86,345.93,443.43,12669.22,76015.34
Jungle Owl,EV,Comfort,Pearl Ivory,2024,10,October,13,11990.55,339.94,37.52,12368.0,160784.04
Jungle Owl,EV,Comfort,Pearl Ivory,2024,11,November,13,12050.28,336.83,0.0,12387.1,161032.35
Jungle Owl,EV,Comfort,Pearl Ivory,2024,12,December,7,12124.32,339.14,18.32,12481.78,87372.43
Jungle Owl,EV,Comfort,Pearl Ivory,2025,1,January,12,12097.23,343.1,8.68,12449.02,149388.21
Jungle Owl,EV,Comfort,Pearl Ivory,2025,2,February,7,12112.28,345.74,0.0,12458.02,87206.14
Jungle Owl,EV,Comfort,Pearl Ivory,2025,3,March,1,12314.06,340.75,0.0,12654.81,12654.81
Jungle Owl,EV,Comfort,Pearl Ivory,2025,4,April,21,12291.29,345.42,31.29,12667.99,266027.88
Jungle Owl,EV,Comfort,Pearl Ivory,2025,5,May,27,12332.02,339.14,28.9,12700.06,342901.73
Jungle Owl,EV,Comfort,Pearl Ivory,2025,6,June,17,12328.94,339.35,121.97,12790.26,217434.43
Jungle Owl,EV,Comfort,Pearl Ivory,2025,7,July,12,12389.23,340.99,55.62,12785.84,153430.06
Jungle Owl,EV,Comfort,Pearl Ivory,2025,8,August,11,12463.45,340.62,2.39,12806.46,140871.01
Jungle Owl,EV,Comfort,Pearl Ivory,2025,9,September,11,12424.8,340.55,0.0,12765.35,140418.85
Jungle Owl,EV,Comfort,Pearl Ivory,2025,10,October,27,12520.98,336.95,0.07,12857.99,347165.83
Jungle Owl,EV,Comfort,Pearl Ivory,2025,11,November,34,12550.2,345.17,1.07,12896.44,438478.9
Jungle Owl,EV,Comfort,Pearl Ivory,2025,12,December,27,12606.65,342.17,0.3,12949.11,349626.03
Jungle Owl,EV,Comfort,Pearl Ivory,2026,1,January,10,12669.77,327.84,0.0,12997.61,129976.11
Jungle Owl,EV,Comfort,Pearl Ivory,2026,2,February,9,12717.45,346.52,53.96,13117.93,118061.35
Jungle Owl,EV,Comfort,Pearl Ivory,2026,3,March,12,12753.85,347.8,87.77,13189.42,158273.04
Jungle Owl,EV,Comfort,Pearl Ivory,2026,4,April,38,12804.77,337.55,17.49,13159.81,500072.64
Jungle Owl,EV,Comfort,Pearl Ivory,2026,5,May,33,12847.1,336.58,11.93,13195.6,435454.96
Jungle Owl,EV,Comfort,Pearl Ivory,2026,6,June,24,12857.01,344.82,0.53,13202.36,316856.64
Jungle Owl,EV,Comfort,Pearl Ivory,2026,7,July,17,12884.56,341.09,6.67,13232.32,224949.51
Jungle Owl,EV,Comfort,Steel Grey,2024,8,August,5,11839.93,333.2,534.64,12707.77,63538.83
Jungle Owl,EV,Comfort,Steel Grey,2024,9,September,10,11951.15,328.21,0.0,12279.36,122793.59
Jungle Owl,EV,Comfort,Steel Grey,2024,10,October,10,12055.76,335.34,0.0,12391.1,123910.97
Jungle Owl,EV,Comfort,Steel Grey,2024,11,November,13,12040.55,334.66,46.52,12421.73,161482.5
Jungle Owl,EV,Comfort,Steel Grey,2025,1,January,6,12161.15,337.16,0.0,12498.31,74989.84
Jungle Owl,EV,Comfort,Steel Grey,2025,2,February,17,12158.25,346.04,8.38,12512.67,212715.32
Jungle Owl,EV,Comfort,Steel Grey,2025,3,March,26,12220.52,338.72,0.35,12559.59,326549.22
Jungle Owl,EV,Comfort,Steel Grey,2025,4,April,8,12277.07,324.16,17.86,12619.09,100952.75
Jungle Owl,EV,Comfort,Steel Grey,2025,5,May,24,12292.51,343.5,1.2,12637.21,303292.92
Jungle Owl,EV,Comfort,Steel Grey,2025,6,June,22,12340.0,335.91,18.0,12693.92,279266.21
Jungle Owl,EV,Comfort,Steel Grey,2025,7,July,7,12367.11,341.25,22.82,12731.18,89118.28
Jungle Owl,EV,Comfort,Steel Grey,2025,8,August,3,12441.34,336.53,31.14,12809.0,38427.0
Jungle Owl,EV,Comfort,Steel Grey,2025,9,September,12,12478.91,342.09,0.0,12821.0,153852.03
Jungle Owl,EV,Comfort,Steel Grey,2025,10,October,17,12509.92,335.69,13.92,12859.52,218611.87
Jungle Owl,EV,Comfort,Steel Grey,2025,11,November,11,12557.62,350.53,11.12,12919.27,142112.01
Jungle Owl,EV,Comfort,Steel Grey,2025,12,December,11,12635.9,335.04,0.0,12970.94,142680.29
Jungle Owl,EV,Comfort,Steel Grey,2026,1,January,10,12661.35,348.2,0.0,13009.55,130095.52
Jungle Owl,EV,Comfort,Steel Grey,2026,2,February,12,12681.19,349.82,0.0,13031.0,156372.02
Jungle Owl,EV,Comfort,Steel Grey,2026,3,March,28,12761.35,341.47,4.82,13107.64,367013.87
Jungle Owl,EV,Comfort,Steel Grey,2026,4,April,19,12774.45,342.62,140.0,13257.07,251884.37
Jungle Owl,EV,Comfort,Steel Grey,2026,5,May,19,12841.25,335.76,34.91,13211.93,251026.67
Jungle Owl,EV,Comfort,Steel Grey,2026,6,June,28,12885.78,342.2,33.9,13261.88,371332.58
Jungle Owl,EV,Comfort,Steel Grey,2026,7,July,17,12927.2,345.62,8.59,13281.41,225783.95
Jungle Owl,EV,Luxury,Arctic White,2024,9,September,12,13331.83,340.04,65.59,13737.47,164849.6
Jungle Owl,EV,Luxury,Arctic White,2024,10,October,6,13278.98,340.14,4.71,13623.83,81742.97
Jungle Owl,EV,Luxury,Arctic White,2024,12,December,4,13439.56,356.59,0.0,13796.15,55184.61
Jungle Owl,EV,Luxury,Arctic White,2025,1,January,3,13500.5,312.39,0.0,13812.89,41438.66
Jungle Owl,EV,Luxury,Arctic White,2025,2,February,7,13585.25,339.5,0.46,13925.2,97476.43
Jungle Owl,EV,Luxury,Arctic White,2025,3,March,4,13578.28,347.21,0.0,13925.49,55701.94
Jungle Owl,EV,Luxury,Arctic White,2025,4,April,6,13615.85,339.75,0.0,13955.59,83733.56
Jungle Owl,EV,Luxury,Arctic White,2025,5,May,5,13671.52,351.86,18.52,14041.9,70209.49
Jungle Owl,EV,Luxury,Arctic White,2025,7,July,4,13815.37,340.16,39.92,14195.44,56781.76
Jungle Owl,EV,Luxury,Arctic White,2025,8,August,3,13809.65,335.32,0.0,14144.97,42434.9
Jungle Owl,EV,Luxury,Arctic White,2025,9,September,3,13858.66,341.15,0.0,14199.81,42599.43
Jungle Owl,EV,Luxury,Arctic White,2025,10,October,13,13963.27,340.75,10.0,14314.02,186082.26
Jungle Owl,EV,Luxury,Arctic White,2025,11,November,2,14062.18,322.03,0.0,14384.21,28768.42
Jungle Owl,EV,Luxury,Arctic White,2025,12,December,7,14078.98,341.77,26.09,14446.84,101127.89
Jungle Owl,EV,Luxury,Arctic White,2026,1,January,18,14103.83,337.34,37.07,14478.25,260608.44
Jungle Owl,EV,Luxury,Arctic White,2026,2,February,4,14180.64,342.68,0.0,14523.32,58093.26
Jungle Owl,EV,Luxury,Arctic White,2026,4,April,12,14261.9,338.6,0.0,14600.49,175205.92
Jungle Owl,EV,Luxury,Arctic White,2026,5,May,11,14249.82,343.93,61.65,14655.4,161209.39
Jungle Owl,EV,Luxury,Arctic White,2026,6,June,12,14329.13,330.3,10.57,14669.99,176039.88
Jungle Owl,EV,Luxury,Arctic White,2026,7,July,8,14431.78,345.53,0.0,14777.31,118218.44
Jungle Owl,EV,Luxury,Copper Bronze,2024,9,September,6,13259.36,341.83,32.97,13634.15,81804.91
Jungle Owl,EV,Luxury,Copper Bronze,2024,10,October,5,13376.75,338.96,34.67,13750.37,68751.87
Jungle Owl,EV,Luxury,Copper Bronze,2024,11,November,3,13469.06,356.21,0.0,13825.26,41475.79
Jungle Owl,EV,Luxury,Copper Bronze,2024,12,December,1,13454.19,316.79,0.0,13770.98,13770.98
Jungle Owl,EV,Luxury,Copper Bronze,2025,1,January,3,13498.36,321.38,0.0,13819.74,41459.22
Jungle Owl,EV,Luxury,Copper Bronze,2025,2,February,11,13585.92,344.44,0.78,13931.14,153242.55
Jungle Owl,EV,Luxury,Copper Bronze,2025,3,March,5,13558.0,327.27,0.0,13885.27,69426.34
Jungle Owl,EV,Luxury,Copper Bronze,2025,4,April,6,13701.27,341.42,0.0,14042.69,84256.16
Jungle Owl,EV,Luxury,Copper Bronze,2025,5,May,2,13606.74,333.5,0.0,13940.25,27880.49
Jungle Owl,EV,Luxury,Copper Bronze,2025,6,June,1,13732.27,309.89,118.38,14160.54,14160.54
Jungle Owl,EV,Luxury,Copper Bronze,2025,7,July,8,13828.76,344.84,1.23,14174.83,113398.63
Jungle Owl,EV,Luxury,Copper Bronze,2025,8,August,4,13857.93,341.08,43.65,14242.66,56970.63
Jungle Owl,EV,Luxury,Copper Bronze,2025,9,September,5,14004.39,340.54,0.36,14345.28,71726.4
Jungle Owl,EV,Luxury,Copper Bronze,2025,10,October,4,13904.63,338.17,0.0,14242.8,56971.2
Jungle Owl,EV,Luxury,Copper Bronze,2025,11,November,6,14030.93,349.65,0.0,14380.58,86283.47
Jungle Owl,EV,Luxury,Copper Bronze,2025,12,December,13,14026.09,331.19,0.0,14357.28,186644.7
Jungle Owl,EV,Luxury,Copper Bronze,2026,1,January,5,14057.41,344.32,0.0,14401.73,72008.66
Jungle Owl,EV,Luxury,Copper Bronze,2026,2,February,8,14154.77,345.9,0.0,14500.66,116005.29
Jungle Owl,EV,Luxury,Copper Bronze,2026,3,March,13,14216.22,339.69,0.0,14555.91,189226.88
Jungle Owl,EV,Luxury,Copper Bronze,2026,4,April,2,14152.61,362.13,0.0,14514.74,29029.47
Jungle Owl,EV,Luxury,Copper Bronze,2026,5,May,11,14296.48,343.22,1.01,14640.71,161047.82
Jungle Owl,EV,Luxury,Copper Bronze,2026,6,June,8,14358.72,327.58,0.0,14686.3,117490.39
Jungle Owl,EV,Luxury,Copper Bronze,2026,7,July,10,14419.89,337.17,0.0,14757.06,147570.59
Jungle Owl,EV,Luxury,Crimson Red,2024,9,September,4,13307.11,353.88,0.0,13660.99,54643.95
Jungle Owl,EV,Luxury,Crimson Red,2024,11,November,3,13460.29,333.02,59.18,13852.5,41557.49
Jungle Owl,EV,Luxury,Crimson Red,2024,12,December,10,13443.45,329.23,28.33,13801.01,138010.05
Jungle Owl,EV,Luxury,Crimson Red,2025,1,January,5,13543.33,338.0,0.0,13881.33,69406.65
Jungle Owl,EV,Luxury,Crimson Red,2025,2,February,1,13626.47,347.12,0.0,13973.59,13973.59
Jungle Owl,EV,Luxury,Crimson Red,2025,3,March,3,13576.54,338.2,0.0,13914.74,41744.21
Jungle Owl,EV,Luxury,Crimson Red,2025,4,April,6,13636.99,340.45,0.0,13977.44,83864.65
Jungle Owl,EV,Luxury,Crimson Red,2025,5,May,8,13729.76,325.18,0.0,14054.94,112439.49
Jungle Owl,EV,Luxury,Crimson Red,2025,6,June,5,13714.22,342.71,0.0,14056.93,70284.64
Jungle Owl,EV,Luxury,Crimson Red,2025,7,July,11,13877.25,339.04,0.0,14216.29,156379.23
Jungle Owl,EV,Luxury,Crimson Red,2025,8,August,5,13816.84,321.18,0.0,14138.02,70690.1
Jungle Owl,EV,Luxury,Crimson Red,2025,9,September,12,13883.12,332.28,0.0,14215.4,170584.75
Jungle Owl,EV,Luxury,Crimson Red,2025,10,October,13,13898.07,341.48,0.0,14239.55,185114.13
Jungle Owl,EV,Luxury,Crimson Red,2025,11,November,3,13976.68,339.35,0.0,14316.03,42948.09
Jungle Owl,EV,Luxury,Crimson Red,2025,12,December,17,14061.61,339.9,0.14,14401.65,244828.09
Jungle Owl,EV,Luxury,Crimson Red,2026,1,January,18,14095.37,343.12,0.0,14438.49,259892.9
Jungle Owl,EV,Luxury,Crimson Red,2026,2,February,5,14117.36,344.01,0.0,14461.38,72306.88
Jungle Owl,EV,Luxury,Crimson Red,2026,3,March,9,14160.65,332.3,1.13,14494.08,130446.73
Jungle Owl,EV,Luxury,Crimson Red,2026,4,April,6,14249.04,348.83,2.07,14599.93,87599.6
Jungle Owl,EV,Luxury,Crimson Red,2026,5,May,11,14297.19,340.77,0.46,14638.43,161022.69
Jungle Owl,EV,Luxury,Crimson Red,2026,6,June,12,14350.4,352.22,9.35,14711.97,176543.6
Jungle Owl,EV,Luxury,Crimson Red,2026,7,July,13,14425.97,340.2,14.0,14780.18,192142.3
Jungle Owl,EV,Luxury,Forest Green,2024,7,July,4,13156.94,354.82,0.0,13511.76,54047.04
Jungle Owl,EV,Luxury,Forest Green,2024,8,August,1,13144.7,354.63,3.35,13502.68,13502.68
Jungle Owl,EV,Luxury,Forest Green,2024,9,September,3,13332.07,334.46,0.0,13666.53,40999.59
Jungle Owl,EV,Luxury,Forest Green,2024,10,October,8,13375.88,350.36,20.41,13746.64,109973.13
Jungle Owl,EV,Luxury,Forest Green,2024,11,November,3,13364.64,340.43,36.26,13741.33,41223.99
Jungle Owl,EV,Luxury,Forest Green,2024,12,December,2,13475.92,326.45,1329.9,15132.27,30264.54
Jungle Owl,EV,Luxury,Forest Green,2025,1,January,17,13558.56,336.22,49.38,13944.16,237050.69
Jungle Owl,EV,Luxury,Forest Green,2025,3,March,8,13626.14,335.58,0.0,13961.73,111693.8
Jungle Owl,EV,Luxury,Forest Green,2025,4,April,11,13591.19,343.94,14.8,13949.93,153449.22
Jungle Owl,EV,Luxury,Forest Green,2025,5,May,5,13704.77,342.36,0.0,14047.13,70235.66
Jungle Owl,EV,Luxury,Forest Green,2025,6,June,6,13748.05,336.21,1.22,14085.48,84512.87
Jungle Owl,EV,Luxury,Forest Green,2025,7,July,5,13839.34,333.48,0.0,14172.82,70864.11
Jungle Owl,EV,Luxury,Forest Green,2025,8,August,9,13839.77,339.28,74.36,14253.41,128280.73
Jungle Owl,EV,Luxury,Forest Green,2025,9,September,9,13972.04,341.6,13.73,14327.37,128946.33
Jungle Owl,EV,Luxury,Forest Green,2025,10,October,12,13978.95,340.79,22.35,14342.08,172105.01
Jungle Owl,EV,Luxury,Forest Green,2025,11,November,7,13950.27,340.76,0.82,14291.86,100042.99
Jungle Owl,EV,Luxury,Forest Green,2025,12,December,1,13992.88,365.07,0.0,14357.95,14357.95
Jungle Owl,EV,Luxury,Forest Green,2026,1,January,5,14106.51,342.8,0.0,14449.31,72246.54
Jungle Owl,EV,Luxury,Forest Green,2026,3,March,8,14224.92,331.58,100.3,14656.81,117254.44
Jungle Owl,EV,Luxury,Forest Green,2026,4,April,12,14257.43,342.98,0.0,14600.41,175204.91
Jungle Owl,EV,Luxury,Forest Green,2026,5,May,3,14394.38,337.35,0.0,14731.73,44195.2
Jungle Owl,EV,Luxury,Forest Green,2026,6,June,4,14352.9,339.04,41.39,14733.33,58933.31
Jungle Owl,EV,Luxury,Forest Green,2026,7,July,17,14440.32,345.69,94.6,14880.61,252970.33
Jungle Owl,EV,Luxury,Midnight Black,2024,9,September,3,13271.58,332.45,0.0,13604.02,40812.07
Jungle Owl,EV,Luxury,Midnight Black,2024,11,November,7,13299.96,356.26,38.94,13695.15,95866.06
Jungle Owl,EV,Luxury,Midnight Black,2024,12,December,5,13441.96,362.39,19.5,13823.85,69119.27
Jungle Owl,EV,Luxury,Midnight Black,2025,1,January,2,13397.26,344.96,87.12,13829.34,27658.68
Jungle Owl,EV,Luxury,Midnight Black,2025,2,February,9,13499.36,348.9,0.0,13848.26,124634.34
Jungle Owl,EV,Luxury,Midnight Black,2025,3,March,11,13603.96,339.59,0.89,13944.44,153388.87
Jungle Owl,EV,Luxury,Midnight Black,2025,4,April,10,13678.95,344.28,26.6,14049.83,140498.3
Jungle Owl,EV,Luxury,Midnight Black,2025,6,June,3,13739.02,331.43,0.0,14070.46,42211.37
Jungle Owl,EV,Luxury,Midnight Black,2025,7,July,6,13873.88,333.82,0.83,14208.53,85251.19
Jungle Owl,EV,Luxury,Midnight Black,2025,8,August,6,13892.55,330.57,0.0,14223.12,85338.72
Jungle Owl,EV,Luxury,Midnight Black,2025,9,September,8,13927.59,336.81,0.0,14264.4,114115.21
Jungle Owl,EV,Luxury,Midnight Black,2025,10,October,8,13965.08,337.29,11.85,14314.21,114513.71
Jungle Owl,EV,Luxury,Midnight Black,2025,11,November,17,14023.79,340.78,10.19,14374.76,244370.97
Jungle Owl,EV,Luxury,Midnight Black,2025,12,December,6,14104.94,335.26,0.0,14440.2,86641.2
Jungle Owl,EV,Luxury,Midnight Black,2026,1,January,11,14101.73,339.69,14.61,14456.04,159016.41
Jungle Owl,EV,Luxury,Midnight Black,2026,2,February,6,14216.03,336.0,20.41,14572.45,87434.7
Jungle Owl,EV,Luxury,Midnight Black,2026,3,March,10,14242.07,337.62,17.64,14597.32,145973.24
Jungle Owl,EV,Luxury,Midnight Black,2026,4,April,4,14241.6,335.95,2.27,14579.82,58319.27
Jungle Owl,EV,Luxury,Midnight Black,2026,5,May,14,14303.47,346.16,24.52,14674.16,205438.21
Jungle Owl,EV,Luxury,Midnight Black,2026,6,June,10,14339.54,338.99,0.0,14678.53,146785.3
Jungle Owl,EV,Luxury,Midnight Black,2026,7,July,11,14427.77,336.53,64.34,14828.64,163115.05
Jungle Owl,EV,Luxury,Ocean Blue,2024,8,August,1,13237.14,301.69,0.0,13538.83,13538.83
Jungle Owl,EV,Luxury,Ocean Blue,2024,9,September,1,13209.15,371.33,0.0,13580.48,13580.48
Jungle Owl,EV,Luxury,Ocean Blue,2024,10,October,3,13385.41,348.06,0.0,13733.47,41200.4
Jungle Owl,EV,Luxury,Ocean Blue,2025,1,January,9,13491.01,348.54,0.0,13839.55,124555.97
Jungle Owl,EV,Luxury,Ocean Blue,2025,2,February,4,13535.75,333.84,0.0,13869.59,55478.37
Jungle Owl,EV,Luxury,Ocean Blue,2025,3,March,8,13700.28,346.32,84.83,14131.43,113051.45
Jungle Owl,EV,Luxury,Ocean Blue,2025,5,May,7,13702.67,344.23,18.21,14065.11,98455.78
Jungle Owl,EV,Luxury,Ocean Blue,2025,6,June,8,13762.26,326.54,0.0,14088.8,112710.4
Jungle Owl,EV,Luxury,Ocean Blue,2025,7,July,10,13872.02,344.43,0.0,14216.46,142164.58
Jungle Owl,EV,Luxury,Ocean Blue,2025,8,August,4,13880.65,339.89,0.0,14220.54,56882.14
Jungle Owl,EV,Luxury,Ocean Blue,2025,9,September,6,13944.68,356.03,30.5,14331.21,85987.25
Jungle Owl,EV,Luxury,Ocean Blue,2025,10,October,3,13991.69,343.05,0.0,14334.74,43004.23
Jungle Owl,EV,Luxury,Ocean Blue,2025,11,November,2,14109.23,353.28,46.17,14508.68,29017.36
Jungle Owl,EV,Luxury,Ocean Blue,2025,12,December,10,14062.89,332.96,85.03,14480.88,144808.8
Jungle Owl,EV,Luxury,Ocean Blue,2026,1,January,1,14290.94,346.13,669.48,15306.55,15306.55
Jungle Owl,EV,Luxury,Ocean Blue,2026,2,February,9,14209.51,346.36,0.8,14556.66,131009.94
Jungle Owl,EV,Luxury,Ocean Blue,2026,3,March,11,14170.81,326.66,0.0,14497.47,159472.12
Jungle Owl,EV,Luxury,Ocean Blue,2026,4,April,10,14244.08,336.56,0.0,14580.65,145806.49
Jungle Owl,EV,Luxury,Ocean Blue,2026,5,May,11,14310.88,340.46,0.0,14651.34,161164.69
Jungle Owl,EV,Luxury,Ocean Blue,2026,6,June,10,14370.11,346.06,0.0,14716.17,147161.69
Jungle Owl,EV,Luxury,Ocean Blue,2026,7,July,3,14489.49,329.34,0.0,14818.83,44456.48
Jungle Owl,EV,Luxury,Pearl Ivory,2024,9,September,5,13280.91,333.65,0.0,13614.56,68072.79
Jungle Owl,EV,Luxury,Pearl Ivory,2024,10,October,13,13355.34,343.7,29.7,13728.74,178473.6
Jungle Owl,EV,Luxury,Pearl Ivory,2024,11,November,5,13410.07,335.64,0.0,13745.72,68728.58
Jungle Owl,EV,Luxury,Pearl Ivory,2024,12,December,10,13413.64,344.57,80.18,13838.4,138383.95
Jungle Owl,EV,Luxury,Pearl Ivory,2025,3,March,8,13563.02,337.73,0.0,13900.75,111206.02
Jungle Owl,EV,Luxury,Pearl Ivory,2025,4,April,14,13680.28,337.05,13.14,14030.46,196426.46
Jungle Owl,EV,Luxury,Pearl Ivory,2025,5,May,2,13728.45,346.88,0.0,14075.34,28150.67
Jungle Owl,EV,Luxury,Pearl Ivory,2025,6,June,13,13796.57,347.97,0.0,14144.54,183879.04
Jungle Owl,EV,Luxury,Pearl Ivory,2025,7,July,1,13880.93,359.59,0.0,14240.52,14240.52
Jungle Owl,EV,Luxury,Pearl Ivory,2025,8,August,5,13943.44,340.46,0.44,14284.34,71421.68
Jungle Owl,EV,Luxury,Pearl Ivory,2025,9,September,16,13963.19,334.8,64.24,14362.23,229795.63
Jungle Owl,EV,Luxury,Pearl Ivory,2025,10,October,9,13942.08,345.01,10.91,14298.0,128682.01
Jungle Owl,EV,Luxury,Pearl Ivory,2025,11,November,13,13963.35,347.89,0.47,14311.72,186052.3
Jungle Owl,EV,Luxury,Pearl Ivory,2025,12,December,3,14025.43,331.87,0.0,14357.3,43071.9
Jungle Owl,EV,Luxury,Pearl Ivory,2026,1,January,14,14139.31,333.53,0.0,14472.83,202619.63
Jungle Owl,EV,Luxury,Pearl Ivory,2026,2,February,9,14155.13,339.33,0.0,14494.47,130450.19
Jungle Owl,EV,Luxury,Pearl Ivory,2026,3,March,4,14144.98,349.64,0.0,14494.61,57978.45
Jungle Owl,EV,Luxury,Pearl Ivory,2026,4,April,2,14169.67,348.3,0.0,14517.97,29035.93
Jungle Owl,EV,Luxury,Pearl Ivory,2026,5,May,8,14319.73,337.64,331.37,14988.74,119909.92
Jungle Owl,EV,Luxury,Pearl Ivory,2026,6,June,4,14428.51,324.41,0.0,14752.91,59011.65
Jungle Owl,EV,Luxury,Pearl Ivory,2026,7,July,4,14358.91,349.52,0.0,14708.43,58833.71
Jungle Owl,EV,Luxury,Steel Grey,2024,8,August,12,13276.68,353.62,0.0,13630.3,163563.59
Jungle Owl,EV,Luxury,Steel Grey,2024,9,September,4,13284.71,333.59,41.55,13659.85,54639.4
Jungle Owl,EV,Luxury,Steel Grey,2024,10,October,5,13391.89,361.26,54.38,13807.52,69037.61
Jungle Owl,EV,Luxury,Steel Grey,2024,11,November,3,13436.82,332.73,0.0,13769.55,41308.66
Jungle Owl,EV,Luxury,Steel Grey,2024,12,December,3,13470.22,358.07,226.25,14054.54,42163.63
Jungle Owl,EV,Luxury,Steel Grey,2025,1,January,1,13454.33,311.16,0.0,13765.49,13765.49
Jungle Owl,EV,Luxury,Steel Grey,2025,3,March,3,13647.59,340.91,0.0,13988.51,41965.52
Jungle Owl,EV,Luxury,Steel Grey,2025,6,June,6,13830.1,318.1,0.0,14148.2,84889.2
Jungle Owl,EV,Luxury,Steel Grey,2025,7,July,5,13813.12,330.63,0.0,14143.75,70718.74
Jungle Owl,EV,Luxury,Steel Grey,2025,8,August,11,13887.72,347.41,0.0,14235.14,156586.53
Jungle Owl,EV,Luxury,Steel Grey,2025,9,September,5,13911.53,338.33,0.0,14249.86,71249.3
Jungle Owl,EV,Luxury,Steel Grey,2025,10,October,3,13993.62,346.11,0.0,14339.73,43019.19
Jungle Owl,EV,Luxury,Steel Grey,2025,11,November,4,13972.44,341.75,0.0,14314.19,57256.75
Jungle Owl,EV,Luxury,Steel Grey,2025,12,December,6,14038.39,346.14,0.0,14384.53,86307.18
Jungle Owl,EV,Luxury,Steel Grey,2026,1,January,12,14084.4,338.68,0.12,14423.21,173078.51
Jungle Owl,EV,Luxury,Steel Grey,2026,2,February,11,14139.48,334.95,1.75,14476.17,159237.92
Jungle Owl,EV,Luxury,Steel Grey,2026,3,March,9,14204.09,331.25,74.86,14610.2,131491.8
Jungle Owl,EV,Luxury,Steel Grey,2026,4,April,11,14299.07,342.23,10.24,14651.54,161166.91
Jungle Owl,EV,Luxury,Steel Grey,2026,5,May,7,14288.32,334.17,1.2,14623.68,102365.77
Jungle Owl,EV,Luxury,Steel Grey,2026,6,June,6,14276.38,323.62,18.25,14618.24,87709.45
Jungle Owl,EV,Luxury,Steel Grey,2026,7,July,8,14422.41,337.35,0.0,14759.76,118078.06
Jungle Tiger,SUV,Base,Arctic White,2024,8,August,21,9794.89,342.67,0.0,10137.56,212888.76
Jungle Tiger,SUV,Base,Arctic White,2024,9,September,23,9832.76,345.98,18.9,10197.64,234545.75
Jungle Tiger,SUV,Base,Arctic White,2024,10,October,52,9859.32,341.19,9.41,10209.91,530915.45
Jungle Tiger,SUV,Base,Arctic White,2024,11,November,23,9900.73,342.79,30.06,10273.58,236292.41
Jungle Tiger,SUV,Base,Arctic White,2024,12,December,28,9911.78,340.69,8.89,10261.36,287318.2
Jungle Tiger,SUV,Base,Arctic White,2025,1,January,30,9971.84,340.76,22.19,10334.79,310043.67
Jungle Tiger,SUV,Base,Arctic White,2025,2,February,35,10033.55,344.29,13.61,10391.45,363700.77
Jungle Tiger,SUV,Base,Arctic White,2025,3,March,29,10066.47,343.62,1.58,10411.67,301938.5
Jungle Tiger,SUV,Base,Arctic White,2025,4,April,31,10105.6,341.33,4.04,10450.97,323980.18
Jungle Tiger,SUV,Base,Arctic White,2025,5,May,8,10112.54,342.94,0.0,10455.48,83643.85
Jungle Tiger,SUV,Base,Arctic White,2025,6,June,26,10160.65,338.91,10.52,10510.09,273262.22
Jungle Tiger,SUV,Base,Arctic White,2025,7,July,24,10207.69,339.91,15.97,10563.57,253525.73
Jungle Tiger,SUV,Base,Arctic White,2025,8,August,38,10227.45,342.87,0.17,10570.48,401678.36
Jungle Tiger,SUV,Base,Arctic White,2025,9,September,24,10280.78,336.88,6.73,10624.4,254985.52
Jungle Tiger,SUV,Base,Arctic White,2025,10,October,34,10305.82,343.18,5.4,10654.4,362249.44
Jungle Tiger,SUV,Base,Arctic White,2025,11,November,34,10337.02,340.92,8.48,10686.41,363338.09
Jungle Tiger,SUV,Base,Arctic White,2025,12,December,15,10396.11,337.91,7.84,10741.86,161127.91
Jungle Tiger,SUV,Base,Arctic White,2026,1,January,6,10449.38,343.37,0.0,10792.74,64756.44
Jungle Tiger,SUV,Base,Arctic White,2026,2,February,24,10401.58,336.96,2.52,10741.05,257785.14
Jungle Tiger,SUV,Base,Arctic White,2026,3,March,21,10482.8,342.63,42.75,10868.19,228231.95
Jungle Tiger,SUV,Base,Arctic White,2026,4,April,22,10523.3,340.29,78.81,10942.4,240732.71
Jungle Tiger,SUV,Base,Arctic White,2026,5,May,34,10577.78,347.53,83.75,11009.05,374307.76
Jungle Tiger,SUV,Base,Arctic White,2026,6,June,37,10593.27,337.53,103.01,11033.81,408251.07
Jungle Tiger,SUV,Base,Arctic White,2026,7,July,14,10664.82,340.28,0.35,11005.45,154076.25
Jungle Tiger,SUV,Base,Copper Bronze,2024,7,July,1,9868.34,341.36,0.0,10209.7,10209.7
Jungle Tiger,SUV,Base,Copper Bronze,2024,8,August,35,9768.26,339.21,90.29,10197.76,356921.55
Jungle Tiger,SUV,Base,Copper Bronze,2024,9,September,39,9826.0,343.21,21.73,10190.94,397446.6
Jungle Tiger,SUV,Base,Copper Bronze,2024,10,October,38,9881.82,342.39,16.53,10240.74,389148.19
Jungle Tiger,SUV,Base,Copper Bronze,2024,11,November,27,9902.48,345.42,0.0,10247.89,276693.14
Jungle Tiger,SUV,Base,Copper Bronze,2024,12,December,24,9926.12,335.58,0.0,10261.69,246280.6
Jungle Tiger,SUV,Base,Copper Bronze,2025,1,January,18,9964.27,346.43,0.0,10310.7,185592.63
Jungle Tiger,SUV,Base,Copper Bronze,2025,2,February,45,10004.12,342.42,11.21,10357.75,466098.76
Jungle Tiger,SUV,Base,Copper Bronze,2025,3,March,23,10049.39,343.38,29.97,10422.74,239722.96
Jungle Tiger,SUV,Base,Copper Bronze,2025,4,April,22,10095.38,337.81,30.4,10463.59,230199.04
Jungle Tiger,SUV,Base,Copper Bronze,2025,5,May,36,10128.84,336.33,3.14,10468.31,376859.33
Jungle Tiger,SUV,Base,Copper Bronze,2025,6,June,34,10183.26,342.61,8.52,10534.4,358169.45
Jungle Tiger,SUV,Base,Copper Bronze,2025,7,July,37,10196.3,341.11,1.98,10539.39,389957.49
Jungle Tiger,SUV,Base,Copper Bronze,2025,8,August,15,10232.4,343.33,10.17,10585.9,158788.55
Jungle Tiger,SUV,Base,Copper Bronze,2025,9,September,38,10258.29,337.25,3.23,10598.77,402753.3
Jungle Tiger,SUV,Base,Copper Bronze,2025,10,October,21,10308.43,343.14,30.68,10682.26,224327.37
Jungle Tiger,SUV,Base,Copper Bronze,2025,11,November,24,10330.86,337.26,0.0,10668.11,256034.75
Jungle Tiger,SUV,Base,Copper Bronze,2025,12,December,15,10351.89,335.82,7.89,10695.61,160434.1
Jungle Tiger,SUV,Base,Copper Bronze,2026,1,January,20,10425.03,345.82,36.44,10807.3,216145.92
Jungle Tiger,SUV,Base,Copper Bronze,2026,2,February,33,10445.88,341.25,1.42,10788.55,356022.12
Jungle Tiger,SUV,Base,Copper Bronze,2026,3,March,14,10518.88,339.51,0.0,10858.39,152017.47
Jungle Tiger,SUV,Base,Copper Bronze,2026,4,April,23,10532.3,340.14,5.44,10877.88,250191.21
Jungle Tiger,SUV,Base,Copper Bronze,2026,5,May,21,10584.55,340.27,5.82,10930.64,229543.38
Jungle Tiger,SUV,Base,Copper Bronze,2026,6,June,32,10589.02,340.83,7.39,10937.24,349991.83
Jungle Tiger,SUV,Base,Copper Bronze,2026,7,July,21,10657.67,332.41,72.0,11062.08,232303.62
Jungle Tiger,SUV,Base,Crimson Red,2024,7,July,2,9799.86,354.27,0.0,10154.13,20308.26
Jungle Tiger,SUV,Base,Crimson Red,2024,8,August,25,9794.2,340.65,39.71,10174.56,254364.01
Jungle Tiger,SUV,Base,Crimson Red,2024,9,September,34,9828.08,335.1,7.83,10171.01,345814.36
Jungle Tiger,SUV,Base,Crimson Red,2024,10,October,46,9853.36,340.3,9.18,10202.84,469330.58
Jungle Tiger,SUV,Base,Crimson Red,2024,11,November,49,9900.86,340.02,5.45,10246.33,502070.28
Jungle Tiger,SUV,Base,Crimson Red,2024,12,December,32,9936.12,343.36,3.38,10282.86,329051.44
Jungle Tiger,SUV,Base,Crimson Red,2025,1,January,30,9954.07,342.11,23.44,10319.63,309588.8
Jungle Tiger,SUV,Base,Crimson Red,2025,2,February,21,10001.46,341.16,32.98,10375.59,217887.49
Jungle Tiger,SUV,Base,Crimson Red,2025,3,March,39,10055.55,339.11,7.6,10402.26,405688.07
Jungle Tiger,SUV,Base,Crimson Red,2025,4,April,21,10070.97,338.21,24.3,10433.48,219103.15
Jungle Tiger,SUV,Base,Crimson Red,2025,5,May,29,10117.95,338.92,38.55,10495.42,304367.26
Jungle Tiger,SUV,Base,Crimson Red,2025,6,June,21,10140.68,342.26,34.59,10517.53,220868.11
Jungle Tiger,SUV,Base,Crimson Red,2025,7,July,43,10207.11,346.18,6.55,10559.84,454073.03
Jungle Tiger,SUV,Base,Crimson Red,2025,8,August,33,10254.11,342.61,1.41,10598.13,349738.29
Jungle Tiger,SUV,Base,Crimson Red,2025,9,September,44,10255.18,341.88,0.41,10597.47,466288.61
Jungle Tiger,SUV,Base,Crimson Red,2025,10,October,10,10335.8,329.87,0.2,10665.88,106658.77
Jungle Tiger,SUV,Base,Crimson Red,2025,11,November,21,10351.78,343.21,32.4,10727.39,225275.2
Jungle Tiger,SUV,Base,Crimson Red,2025,12,December,24,10377.81,331.33,1.0,10710.14,257043.46
Jungle Tiger,SUV,Base,Crimson Red,2026,1,January,25,10422.75,343.64,5.02,10771.41,269285.2
Jungle Tiger,SUV,Base,Crimson Red,2026,2,February,13,10425.03,346.12,13.12,10784.27,140195.52
Jungle Tiger,SUV,Base,Crimson Red,2026,3,March,36,10486.81,334.57,7.83,10829.21,389851.44
Jungle Tiger,SUV,Base,Crimson Red,2026,4,April,48,10503.61,340.91,3.59,10848.1,520708.97
Jungle Tiger,SUV,Base,Crimson Red,2026,5,May,58,10543.61,336.89,65.68,10946.18,634878.33
Jungle Tiger,SUV,Base,Crimson Red,2026,6,June,25,10608.97,341.57,28.56,10979.11,274477.69
Jungle Tiger,SUV,Base,Crimson Red,2026,7,July,27,10629.11,343.31,39.19,11011.6,297313.22
Jungle Tiger,SUV,Base,Forest Green,2024,7,July,1,9785.99,296.37,0.0,10082.36,10082.36
Jungle Tiger,SUV,Base,Forest Green,2024,8,August,23,9797.46,335.56,9.6,10142.63,233280.48
Jungle Tiger,SUV,Base,Forest Green,2024,9,September,38,9820.85,346.07,3.11,10170.03,386461.17
Jungle Tiger,SUV,Base,Forest Green,2024,10,October,43,9867.94,340.74,0.36,10209.04,438988.93
Jungle Tiger,SUV,Base,Forest Green,2024,11,November,35,9896.55,338.42,23.99,10258.95,359063.34
Jungle Tiger,SUV,Base,Forest Green,2024,12,December,16,9951.49,343.61,8.09,10303.19,164850.97
Jungle Tiger,SUV,Base,Forest Green,2025,1,January,23,9961.85,342.84,5.57,10310.25,237135.84
Jungle Tiger,SUV,Base,Forest Green,2025,2,February,27,10012.97,353.42,4.53,10370.93,280015.12
Jungle Tiger,SUV,Base,Forest Green,2025,3,March,32,10037.49,339.48,4.52,10381.5,332207.94
Jungle Tiger,SUV,Base,Forest Green,2025,4,April,49,10096.59,336.03,6.5,10439.12,511516.9
Jungle Tiger,SUV,Base,Forest Green,2025,5,May,17,10094.78,335.19,40.29,10470.26,177994.44
Jungle Tiger,SUV,Base,Forest Green,2025,6,June,23,10186.85,346.84,6.46,10540.15,242423.54
Jungle Tiger,SUV,Base,Forest Green,2025,7,July,13,10211.9,340.64,36.88,10589.42,137662.49
Jungle Tiger,SUV,Base,Forest Green,2025,8,August,26,10216.83,341.43,13.13,10571.39,274856.2
Jungle Tiger,SUV,Base,Forest Green,2025,9,September,24,10258.89,347.43,110.56,10716.88,257205.03
Jungle Tiger,SUV,Base,Forest Green,2025,10,October,31,10314.11,343.66,27.48,10685.25,331242.77
Jungle Tiger,SUV,Base,Forest Green,2025,11,November,25,10325.28,341.09,0.0,10666.36,266659.09
Jungle Tiger,SUV,Base,Forest Green,2025,12,December,26,10370.88,340.71,24.33,10735.92,279133.96
Jungle Tiger,SUV,Base,Forest Green,2026,1,January,12,10405.94,343.74,14.61,10764.28,129171.41
Jungle Tiger,SUV,Base,Forest Green,2026,2,February,24,10448.57,347.53,8.29,10804.39,259305.25
Jungle Tiger,SUV,Base,Forest Green,2026,3,March,27,10500.35,343.26,4.57,10848.17,292900.7
Jungle Tiger,SUV,Base,Forest Green,2026,4,April,26,10535.44,338.05,13.29,10886.78,283056.25
Jungle Tiger,SUV,Base,Forest Green,2026,5,May,39,10556.64,337.89,15.92,10910.45,425507.43
Jungle Tiger,SUV,Base,Forest Green,2026,6,June,14,10575.45,333.23,0.0,10908.68,152721.5
Jungle Tiger,SUV,Base,Forest Green,2026,7,July,21,10623.86,340.15,8.16,10972.16,230415.41
Jungle Tiger,SUV,Base,Midnight Black,2024,8,August,27,9799.07,342.19,11.65,10152.91,274128.47
Jungle Tiger,SUV,Base,Midnight Black,2024,9,September,40,9834.42,339.6,28.44,10202.46,408098.27
Jungle Tiger,SUV,Base,Midnight Black,2024,10,October,55,9858.35,340.07,82.63,10281.05,565457.9
Jungle Tiger,SUV,Base,Midnight Black,2024,11,November,30,9885.43,336.82,89.09,10311.34,309340.21
Jungle Tiger,SUV,Base,Midnight Black,2024,12,December,30,9948.05,339.56,0.29,10287.9,308637.01
Jungle Tiger,SUV,Base,Midnight Black,2025,1,January,39,9995.88,344.34,18.59,10358.81,403993.78
Jungle Tiger,SUV,Base,Midnight Black,2025,2,February,34,10005.78,344.27,15.23,10365.28,352419.64
Jungle Tiger,SUV,Base,Midnight Black,2025,3,March,45,10022.63,336.6,20.01,10379.23,467065.55
Jungle Tiger,SUV,Base,Midnight Black,2025,4,April,27,10086.12,340.08,5.73,10431.93,281662.14
Jungle Tiger,SUV,Base,Midnight Black,2025,5,May,20,10132.56,343.53,47.15,10523.24,210464.88
Jungle Tiger,SUV,Base,Midnight Black,2025,6,June,24,10159.8,337.97,29.8,10527.56,252661.54
Jungle Tiger,SUV,Base,Midnight Black,2025,7,July,33,10150.88,343.19,9.82,10503.9,346628.65
Jungle Tiger,SUV,Base,Midnight Black,2025,8,August,34,10226.72,343.75,51.06,10621.52,361131.67
Jungle Tiger,SUV,Base,Midnight Black,2025,9,September,31,10251.83,339.76,23.67,10615.26,329072.91
Jungle Tiger,SUV,Base,Midnight Black,2025,10,October,33,10265.31,339.59,5.39,10610.29,350139.71
Jungle Tiger,SUV,Base,Midnight Black,2025,11,November,31,10331.57,339.75,14.78,10686.11,331269.29
Jungle Tiger,SUV,Base,Midnight Black,2025,12,December,22,10382.96,336.73,0.2,10719.89,235837.47
Jungle Tiger,SUV,Base,Midnight Black,2026,1,January,24,10431.99,338.01,6.45,10776.45,258634.81
Jungle Tiger,SUV,Base,Midnight Black,2026,2,February,26,10444.3,346.32,5.59,10796.21,280701.38
Jungle Tiger,SUV,Base,Midnight Black,2026,3,March,24,10480.1,340.87,0.0,10820.97,259703.34
Jungle Tiger,SUV,Base,Midnight Black,2026,4,April,38,10527.91,338.25,24.01,10890.17,413826.39
Jungle Tiger,SUV,Base,Midnight Black,2026,5,May,34,10577.86,337.1,0.33,10915.29,371119.82
Jungle Tiger,SUV,Base,Midnight Black,2026,6,June,21,10605.74,339.28,0.06,10945.09,229846.93
Jungle Tiger,SUV,Base,Midnight Black,2026,7,July,29,10638.16,341.61,57.02,11036.79,320066.77
Jungle Tiger,SUV,Base,Ocean Blue,2024,8,August,9,9790.23,337.29,18.37,10145.89,91313.0
Jungle Tiger,SUV,Base,Ocean Blue,2024,9,September,32,9813.56,340.06,10.45,10164.06,325249.97
Jungle Tiger,SUV,Base,Ocean Blue,2024,10,October,47,9894.35,339.32,51.12,10284.79,483385.27
Jungle Tiger,SUV,Base,Ocean Blue,2024,11,November,32,9898.97,335.28,9.61,10243.86,327803.39
Jungle Tiger,SUV,Base,Ocean Blue,2024,12,December,25,9922.09,342.94,42.52,10307.55,257688.65
Jungle Tiger,SUV,Base,Ocean Blue,2025,1,January,29,9943.57,341.34,7.44,10292.35,298478.28
Jungle Tiger,SUV,Base,Ocean Blue,2025,2,February,35,10015.75,338.95,21.71,10376.41,363174.28
Jungle Tiger,SUV,Base,Ocean Blue,2025,3,March,43,10041.01,337.66,9.46,10388.13,446689.69
Jungle Tiger,SUV,Base,Ocean Blue,2025,4,April,40,10088.44,340.06,10.49,10438.98,417559.35
Jungle Tiger,SUV,Base,Ocean Blue,2025,5,May,30,10099.25,337.67,4.13,10441.05,313231.57
Jungle Tiger,SUV,Base,Ocean Blue,2025,6,June,24,10160.6,335.47,0.0,10496.08,251905.83
Jungle Tiger,SUV,Base,Ocean Blue,2025,7,July,28,10195.58,338.14,4.28,10537.99,295063.84
Jungle Tiger,SUV,Base,Ocean Blue,2025,8,August,12,10178.15,334.04,0.0,10512.19,126146.22
Jungle Tiger,SUV,Base,Ocean Blue,2025,9,September,37,10264.15,340.38,6.8,10611.34,392619.63
Jungle Tiger,SUV,Base,Ocean Blue,2025,10,October,34,10311.79,338.65,12.74,10663.18,362547.98
Jungle Tiger,SUV,Base,Ocean Blue,2025,11,November,15,10340.77,338.87,8.25,10687.9,160318.47
Jungle Tiger,SUV,Base,Ocean Blue,2025,12,December,33,10407.03,338.44,7.8,10753.27,354857.82
Jungle Tiger,SUV,Base,Ocean Blue,2026,1,January,26,10430.28,334.12,11.55,10775.95,280174.57
Jungle Tiger,SUV,Base,Ocean Blue,2026,2,February,13,10438.14,340.73,32.58,10811.45,140548.85
Jungle Tiger,SUV,Base,Ocean Blue,2026,3,March,21,10458.8,341.12,43.75,10843.66,227716.96
Jungle Tiger,SUV,Base,Ocean Blue,2026,4,April,20,10508.0,343.13,14.07,10865.19,217303.89
Jungle Tiger,SUV,Base,Ocean Blue,2026,5,May,23,10578.4,341.65,16.03,10936.08,251529.91
Jungle Tiger,SUV,Base,Ocean Blue,2026,6,June,33,10605.8,340.3,14.69,10960.79,361706.07
Jungle Tiger,SUV,Base,Ocean Blue,2026,7,July,7,10644.78,341.17,0.0,10985.95,76901.65
Jungle Tiger,SUV,Base,Pearl Ivory,2024,7,July,2,9832.64,332.67,0.0,10165.31,20330.61
Jungle Tiger,SUV,Base,Pearl Ivory,2024,8,August,6,9784.83,339.63,0.0,10124.46,60746.77
Jungle Tiger,SUV,Base,Pearl Ivory,2024,9,September,3,9825.46,336.62,0.0,10162.08,30486.23
Jungle Tiger,SUV,Base,Pearl Ivory,2024,10,October,35,9862.14,339.93,0.57,10202.64,357092.44
Jungle Tiger,SUV,Base,Pearl Ivory,2024,11,November,36,9910.84,336.85,0.0,10247.7,368917.05
Jungle Tiger,SUV,Base,Pearl Ivory,2024,12,December,11,9982.49,347.35,5.28,10335.11,113686.25
Jungle Tiger,SUV,Base,Pearl Ivory,2025,1,January,45,9969.33,341.67,7.22,10318.22,464319.95
Jungle Tiger,SUV,Base,Pearl Ivory,2025,2,February,24,10049.2,339.15,0.0,10388.35,249320.47
Jungle Tiger,SUV,Base,Pearl Ivory,2025,3,March,52,10054.24,339.61,4.38,10398.23,540708.2
Jungle Tiger,SUV,Base,Pearl Ivory,2025,4,April,44,10079.07,340.89,5.64,10425.59,458726.01
Jungle Tiger,SUV,Base,Pearl Ivory,2025,5,May,44,10107.91,342.2,6.96,10457.07,460111.13
Jungle Tiger,SUV,Base,Pearl Ivory,2025,6,June,36,10148.5,336.77,0.0,10485.27,377469.78
Jungle Tiger,SUV,Base,Pearl Ivory,2025,7,July,25,10166.32,334.68,2.21,10503.2,262580.05
Jungle Tiger,SUV,Base,Pearl Ivory,2025,8,August,22,10229.63,342.48,33.94,10606.04,233332.91
Jungle Tiger,SUV,Base,Pearl Ivory,2025,9,September,27,10273.64,341.54,0.41,10615.59,286620.8
Jungle Tiger,SUV,Base,Pearl Ivory,2025,10,October,46,10310.39,337.62,19.85,10667.86,490721.41
Jungle Tiger,SUV,Base,Pearl Ivory,2025,11,November,27,10346.49,342.18,33.24,10721.91,289491.67
Jungle Tiger,SUV,Base,Pearl Ivory,2025,12,December,11,10384.03,339.41,23.67,10747.11,118218.22
Jungle Tiger,SUV,Base,Pearl Ivory,2026,1,January,8,10427.45,340.48,6.25,10774.18,86193.42
Jungle Tiger,SUV,Base,Pearl Ivory,2026,2,February,22,10485.1,340.56,5.87,10831.53,238293.57
Jungle Tiger,SUV,Base,Pearl Ivory,2026,3,March,41,10483.65,345.7,12.85,10842.21,444530.6
Jungle Tiger,SUV,Base,Pearl Ivory,2026,4,April,18,10498.07,331.55,37.06,10866.67,195600.14
Jungle Tiger,SUV,Base,Pearl Ivory,2026,5,May,16,10539.38,341.76,7.24,10888.38,174214.13
Jungle Tiger,SUV,Base,Pearl Ivory,2026,6,June,15,10587.86,334.3,0.0,10922.16,163832.36
Jungle Tiger,SUV,Base,Pearl Ivory,2026,7,July,24,10625.65,337.96,6.02,10969.64,263271.26
Jungle Tiger,SUV,Base,Steel Grey,2024,8,August,21,9816.44,339.4,4.13,10159.98,213359.49
Jungle Tiger,SUV,Base,Steel Grey,2024,9,September,34,9818.55,340.64,19.65,10178.84,346080.64
Jungle Tiger,SUV,Base,Steel Grey,2024,10,October,17,9862.65,341.73,0.93,10205.31,173490.23
Jungle Tiger,SUV,Base,Steel Grey,2024,11,November,31,9913.68,343.5,0.34,10257.52,317983.14
Jungle Tiger,SUV,Base,Steel Grey,2024,12,December,24,9918.74,343.73,21.6,10284.07,246817.56
Jungle Tiger,SUV,Base,Steel Grey,2025,1,January,53,9989.33,343.93,12.97,10346.23,548350.44
Jungle Tiger,SUV,Base,Steel Grey,2025,2,February,20,10027.12,343.48,5.82,10376.43,207528.51
Jungle Tiger,SUV,Base,Steel Grey,2025,3,March,36,10055.08,343.33,11.74,10410.15,374765.32
Jungle Tiger,SUV,Base,Steel Grey,2025,4,April,14,10070.69,342.36,17.78,10430.83,146031.59
Jungle Tiger,SUV,Base,Steel Grey,2025,5,May,37,10132.51,339.75,3.02,10475.27,387585.09
Jungle Tiger,SUV,Base,Steel Grey,2025,6,June,17,10148.68,346.33,0.0,10495.01,178415.23
Jungle Tiger,SUV,Base,Steel Grey,2025,7,July,16,10204.49,347.74,0.39,10552.61,168841.8
Jungle Tiger,SUV,Base,Steel Grey,2025,8,August,28,10220.66,339.6,6.17,10566.42,295859.84
Jungle Tiger,SUV,Base,Steel Grey,2025,9,September,23,10259.38,332.49,0.14,10592.01,243616.13
Jungle Tiger,SUV,Base,Steel Grey,2025,10,October,20,10291.76,347.86,36.56,10676.18,213523.66
Jungle Tiger,SUV,Base,Steel Grey,2025,11,November,13,10327.61,338.25,0.14,10666.0,138658.02
Jungle Tiger,SUV,Base,Steel Grey,2025,12,December,49,10370.86,339.26,29.0,10739.12,526216.71
Jungle Tiger,SUV,Base,Steel Grey,2026,1,January,15,10419.6,348.54,9.28,10777.42,161661.32
Jungle Tiger,SUV,Base,Steel Grey,2026,2,February,35,10468.2,334.39,23.65,10826.24,378918.44
Jungle Tiger,SUV,Base,Steel Grey,2026,3,March,22,10454.37,337.56,61.46,10853.39,238774.59
Jungle Tiger,SUV,Base,Steel Grey,2026,4,April,27,10557.58,337.99,27.19,10922.75,294914.32
Jungle Tiger,SUV,Base,Steel Grey,2026,5,May,50,10557.66,339.02,21.26,10917.95,545897.36
Jungle Tiger,SUV,Base,Steel Grey,2026,6,June,28,10590.02,342.45,8.97,10941.44,306360.25
Jungle Tiger,SUV,Base,Steel Grey,2026,7,July,27,10635.11,337.6,6.1,10978.81,296427.98
Jungle Tiger,SUV,Comfort,Arctic White,2024,7,July,3,10711.22,344.8,0.0,11056.02,33168.05
Jungle Tiger,SUV,Comfort,Arctic White,2024,8,August,19,10681.55,339.83,8.64,11030.02,209570.32
Jungle Tiger,SUV,Comfort,Arctic White,2024,9,September,30,10734.26,340.58,6.23,11081.08,332432.35
Jungle Tiger,SUV,Comfort,Arctic White,2024,10,October,9,10727.72,344.06,0.0,11071.79,99646.07
Jungle Tiger,SUV,Comfort,Arctic White,2024,11,November,11,10806.23,349.93,1.09,11157.25,122729.76
Jungle Tiger,SUV,Comfort,Arctic White,2024,12,December,12,10829.99,344.32,0.94,11175.25,134102.94
Jungle Tiger,SUV,Comfort,Arctic White,2025,1,January,14,10881.53,351.76,8.56,11241.85,157385.93
Jungle Tiger,SUV,Comfort,Arctic White,2025,2,February,13,10942.12,340.73,0.36,11283.21,146681.71
Jungle Tiger,SUV,Comfort,Arctic White,2025,3,March,23,10932.98,341.52,5.53,11280.03,259440.72
Jungle Tiger,SUV,Comfort,Arctic White,2025,4,April,10,10979.68,329.4,64.53,11373.61,113736.1
Jungle Tiger,SUV,Comfort,Arctic White,2025,5,May,35,11029.63,338.51,0.0,11368.13,397884.69
Jungle Tiger,SUV,Comfort,Arctic White,2025,6,June,28,11095.52,333.51,22.86,11451.89,320652.78
Jungle Tiger,SUV,Comfort,Arctic White,2025,7,July,9,11123.37,335.2,0.0,11458.57,103127.14
Jungle Tiger,SUV,Comfort,Arctic White,2025,8,August,6,11113.22,346.36,0.0,11459.59,68757.53
Jungle Tiger,SUV,Comfort,Arctic White,2025,9,September,31,11226.6,336.85,31.79,11595.23,359452.27
Jungle Tiger,SUV,Comfort,Arctic White,2025,10,October,8,11237.8,338.99,16.97,11593.76,92750.08
Jungle Tiger,SUV,Comfort,Arctic White,2025,11,November,15,11252.77,334.43,6.1,11593.29,173899.39
Jungle Tiger,SUV,Comfort,Arctic White,2025,12,December,27,11306.88,344.78,0.0,11651.66,314594.72
Jungle Tiger,SUV,Comfort,Arctic White,2026,1,January,8,11347.62,340.75,0.0,11688.37,93506.92
Jungle Tiger,SUV,Comfort,Arctic White,2026,2,February,18,11403.4,343.56,2.7,11749.66,211493.88
Jungle Tiger,SUV,Comfort,Arctic White,2026,3,March,14,11477.7,331.44,0.0,11809.14,165327.92
Jungle Tiger,SUV,Comfort,Arctic White,2026,4,April,33,11473.69,340.96,4.44,11819.09,390029.94
Jungle Tiger,SUV,Comfort,Arctic White,2026,5,May,13,11542.68,337.91,0.0,11880.6,154447.75
Jungle Tiger,SUV,Comfort,Arctic White,2026,6,June,23,11592.16,341.52,29.01,11962.69,275141.78
Jungle Tiger,SUV,Comfort,Arctic White,2026,7,July,11,11655.6,338.24,62.23,12056.08,132616.84
Jungle Tiger,SUV,Comfort,Copper Bronze,2024,7,July,3,10654.59,337.12,36.53,11028.24,33084.71
Jungle Tiger,SUV,Comfort,Copper Bronze,2024,8,August,16,10692.94,337.7,7.55,11038.19,176610.97
Jungle Tiger,SUV,Comfort,Copper Bronze,2024,9,September,20,10715.64,340.53,4.7,11060.87,221217.31
Jungle Tiger,SUV,Comfort,Copper Bronze,2024,10,October,30,10776.36,337.25,3.81,11117.42,333522.55
Jungle Tiger,SUV,Comfort,Copper Bronze,2024,11,November,20,10783.53,336.86,0.0,11120.39,222407.85
Jungle Tiger,SUV,Comfort,Copper Bronze,2024,12,December,9,10831.99,331.56,0.0,11163.55,100471.95
Jungle Tiger,SUV,Comfort,Copper Bronze,2025,1,January,21,10925.62,338.24,13.47,11277.33,236823.96
Jungle Tiger,SUV,Comfort,Copper Bronze,2025,2,February,26,10936.65,340.81,4.33,11281.78,293326.35
Jungle Tiger,SUV,Comfort,Copper Bronze,2025,3,March,35,10974.81,340.93,0.0,11315.74,396050.78
Jungle Tiger,SUV,Comfort,Copper Bronze,2025,4,April,23,11024.83,335.76,4.42,11365.01,261395.24
Jungle Tiger,SUV,Comfort,Copper Bronze,2025,5,May,21,11050.2,341.21,7.56,11398.97,239378.28
Jungle Tiger,SUV,Comfort,Copper Bronze,2025,6,June,9,11027.23,337.33,0.0,11364.56,102281.02
Jungle Tiger,SUV,Comfort,Copper Bronze,2025,7,July,16,11110.15,334.1,27.75,11471.99,183551.81
Jungle Tiger,SUV,Comfort,Copper Bronze,2025,8,August,12,11180.7,338.09,2.69,11521.49,138257.85
Jungle Tiger,SUV,Comfort,Copper Bronze,2025,9,September,9,11192.55,332.07,0.0,11524.62,103721.58
Jungle Tiger,SUV,Comfort,Copper Bronze,2025,10,October,16,11250.05,344.31,0.0,11594.36,185509.82
Jungle Tiger,SUV,Comfort,Copper Bronze,2025,11,November,18,11293.92,340.03,0.0,11633.95,209411.05
Jungle Tiger,SUV,Comfort,Copper Bronze,2025,12,December,10,11343.98,337.38,14.83,11696.19,116961.87
Jungle Tiger,SUV,Comfort,Copper Bronze,2026,1,January,12,11377.54,340.89,11.99,11730.43,140765.1
Jungle Tiger,SUV,Comfort,Copper Bronze,2026,2,February,18,11345.98,338.35,39.56,11723.89,211029.97
Jungle Tiger,SUV,Comfort,Copper Bronze,2026,3,March,4,11501.17,340.53,0.0,11841.7,47366.79
Jungle Tiger,SUV,Comfort,Copper Bronze,2026,4,April,12,11508.58,340.44,7.65,11856.68,142280.11
Jungle Tiger,SUV,Comfort,Copper Bronze,2026,5,May,19,11538.71,344.45,18.16,11901.33,226125.32
Jungle Tiger,SUV,Comfort,Copper Bronze,2026,6,June,10,11515.12,340.6,66.74,11922.46,119224.59
Jungle Tiger,SUV,Comfort,Copper Bronze,2026,7,July,16,11608.41,341.36,0.47,11950.24,191203.79
Jungle Tiger,SUV,Comfort,Crimson Red,2024,8,August,16,10689.04,334.97,0.0,11024.01,176384.22
Jungle Tiger,SUV,Comfort,Crimson Red,2024,9,September,21,10720.78,337.8,38.73,11097.31,233043.52
Jungle Tiger,SUV,Comfort,Crimson Red,2024,10,October,26,10744.81,336.21,31.46,11112.48,288924.44
Jungle Tiger,SUV,Comfort,Crimson Red,2024,11,November,16,10829.24,346.37,0.11,11175.71,178811.33
Jungle Tiger,SUV,Comfort,Crimson Red,2024,12,December,3,10830.0,323.01,0.0,11153.01,33459.04
Jungle Tiger,SUV,Comfort,Crimson Red,2025,1,January,27,10876.82,338.41,0.56,11215.79,302826.27
Jungle Tiger,SUV,Comfort,Crimson Red,2025,2,February,12,10891.82,350.25,0.0,11242.07,134904.89
Jungle Tiger,SUV,Comfort,Crimson Red,2025,3,March,23,10990.55,339.97,0.73,11331.25,260618.81
Jungle Tiger,SUV,Comfort,Crimson Red,2025,4,April,25,11012.53,341.3,54.66,11408.48,285212.05
Jungle Tiger,SUV,Comfort,Crimson Red,2025,5,May,11,11030.38,330.2,76.07,11436.66,125803.22
Jungle Tiger,SUV,Comfort,Crimson Red,2025,6,June,16,11088.25,333.91,14.86,11437.02,182992.26
Jungle Tiger,SUV,Comfort,Crimson Red,2025,7,July,14,11117.43,342.62,0.0,11460.05,160440.66
Jungle Tiger,SUV,Comfort,Crimson Red,2025,8,August,25,11185.46,340.48,27.71,11553.65,288841.34
Jungle Tiger,SUV,Comfort,Crimson Red,2025,9,September,16,11213.21,350.32,18.61,11582.14,185314.24
Jungle Tiger,SUV,Comfort,Crimson Red,2025,10,October,18,11230.01,338.93,0.73,11569.67,208254.02
Jungle Tiger,SUV,Comfort,Crimson Red,2025,11,November,17,11288.99,341.29,16.32,11646.59,197992.07
Jungle Tiger,SUV,Comfort,Crimson Red,2025,12,December,14,11316.12,341.98,43.83,11701.93,163827.06
Jungle Tiger,SUV,Comfort,Crimson Red,2026,1,January,13,11337.84,335.88,1.13,11674.85,151773.09
Jungle Tiger,SUV,Comfort,Crimson Red,2026,2,February,6,11383.76,329.48,0.29,11713.53,70281.17
Jungle Tiger,SUV,Comfort,Crimson Red,2026,3,March,12,11451.29,336.05,0.0,11787.35,141448.14
Jungle Tiger,SUV,Comfort,Crimson Red,2026,4,April,13,11471.5,332.44,204.85,12008.78,156114.19
Jungle Tiger,SUV,Comfort,Crimson Red,2026,5,May,24,11511.82,340.07,0.86,11852.75,284466.05
Jungle Tiger,SUV,Comfort,Crimson Red,2026,6,June,19,11610.3,343.93,36.05,11990.28,227815.41
Jungle Tiger,SUV,Comfort,Crimson Red,2026,7,July,5,11706.54,352.79,0.0,12059.33,60296.66
Jungle Tiger,SUV,Comfort,Forest Green,2024,8,August,27,10693.13,340.91,6.3,11040.34,298089.26
Jungle Tiger,SUV,Comfort,Forest Green,2024,9,September,19,10709.97,342.85,35.37,11088.18,210675.46
Jungle Tiger,SUV,Comfort,Forest Green,2024,10,October,12,10759.04,335.24,47.8,11142.09,133705.09
Jungle Tiger,SUV,Comfort,Forest Green,2024,11,November,14,10811.8,348.71,21.58,11182.09,156549.19
Jungle Tiger,SUV,Comfort,Forest Green,2024,12,December,18,10835.41,335.31,5.09,11175.81,201164.61
Jungle Tiger,SUV,Comfort,Forest Green,2025,1,January,14,10883.42,339.15,8.73,11231.29,157238.12
Jungle Tiger,SUV,Comfort,Forest Green,2025,2,February,26,10928.71,343.45,11.02,11283.19,293362.85
Jungle Tiger,SUV,Comfort,Forest Green,2025,3,March,16,10944.32,339.29,41.85,11325.46,181207.32
Jungle Tiger,SUV,Comfort,Forest Green,2025,4,April,16,11026.62,335.85,44.27,11406.75,182507.95
Jungle Tiger,SUV,Comfort,Forest Green,2025,5,May,23,11063.92,343.41,1.22,11408.54,262396.52
Jungle Tiger,SUV,Comfort,Forest Green,2025,6,June,21,11108.07,342.43,0.0,11450.5,240460.51
Jungle Tiger,SUV,Comfort,Forest Green,2025,7,July,8,11100.8,344.72,27.06,11472.57,91780.57
Jungle Tiger,SUV,Comfort,Forest Green,2025,8,August,32,11174.78,336.08,0.17,11511.03,368352.84
Jungle Tiger,SUV,Comfort,Forest Green,2025,9,September,12,11204.4,335.49,0.17,11540.05,138480.64
Jungle Tiger,SUV,Comfort,Forest Green,2025,10,October,17,11246.42,339.6,0.0,11586.02,196962.28
Jungle Tiger,SUV,Comfort,Forest Green,2025,11,November,14,11311.75,342.92,10.45,11665.13,163311.78
Jungle Tiger,SUV,Comfort,Forest Green,2025,12,December,14,11328.22,340.04,10.5,11678.76,163502.63
Jungle Tiger,SUV,Comfort,Forest Green,2026,1,January,21,11372.31,345.23,4.97,11722.52,246172.9
Jungle Tiger,SUV,Comfort,Forest Green,2026,2,February,15,11415.97,338.73,0.0,11754.7,176320.5
Jungle Tiger,SUV,Comfort,Forest Green,2026,3,March,37,11461.69,337.48,7.24,11806.4,436836.92
Jungle Tiger,SUV,Comfort,Forest Green,2026,4,April,25,11466.96,342.41,3.77,11813.15,295328.8
Jungle Tiger,SUV,Comfort,Forest Green,2026,5,May,24,11528.66,345.49,63.13,11937.29,286494.95
Jungle Tiger,SUV,Comfort,Forest Green,2026,6,June,17,11597.18,345.87,85.56,12028.6,204486.25
Jungle Tiger,SUV,Comfort,Forest Green,2026,7,July,9,11585.0,341.0,0.0,11926.0,107333.98
Jungle Tiger,SUV,Comfort,Midnight Black,2024,7,July,3,10591.64,324.51,0.0,10916.15,32748.45
Jungle Tiger,SUV,Comfort,Midnight Black,2024,8,August,11,10707.87,334.06,10.81,11052.74,121580.1
Jungle Tiger,SUV,Comfort,Midnight Black,2024,9,September,22,10743.72,346.07,0.43,11090.22,243984.76
Jungle Tiger,SUV,Comfort,Midnight Black,2024,10,October,15,10752.94,343.89,19.28,11116.11,166741.6
Jungle Tiger,SUV,Comfort,Midnight Black,2024,11,November,27,10810.58,338.78,3.95,11153.31,301139.5
Jungle Tiger,SUV,Comfort,Midnight Black,2024,12,December,10,10836.16,344.06,14.7,11194.91,111949.11
Jungle Tiger,SUV,Comfort,Midnight Black,2025,1,January,10,10859.06,341.92,0.0,11200.98,112009.85
Jungle Tiger,SUV,Comfort,Midnight Black,2025,2,February,6,10934.95,330.35,22.83,11288.12,67728.74
Jungle Tiger,SUV,Comfort,Midnight Black,2025,3,March,38,10957.07,339.24,11.04,11307.35,429679.12
Jungle Tiger,SUV,Comfort,Midnight Black,2025,4,April,16,11002.67,333.26,10.06,11346.0,181535.93
Jungle Tiger,SUV,Comfort,Midnight Black,2025,5,May,40,11024.25,341.81,91.01,11457.07,458282.98
Jungle Tiger,SUV,Comfort,Midnight Black,2025,6,June,12,11077.81,332.35,10.26,11420.41,137044.92
Jungle Tiger,SUV,Comfort,Midnight Black,2025,8,August,12,11115.71,333.01,0.0,11448.72,137384.66
Jungle Tiger,SUV,Comfort,Midnight Black,2025,9,September,10,11166.66,328.09,0.0,11494.75,114947.49
Jungle Tiger,SUV,Comfort,Midnight Black,2025,10,October,23,11254.94,340.07,1.09,11596.11,266710.42
Jungle Tiger,SUV,Comfort,Midnight Black,2025,11,November,18,11288.36,345.05,13.34,11646.75,209641.58
Jungle Tiger,SUV,Comfort,Midnight Black,2025,12,December,17,11316.06,334.19,0.53,11650.77,198063.14
Jungle Tiger,SUV,Comfort,Midnight Black,2026,1,January,18,11364.47,336.96,0.0,11701.44,210625.86
Jungle Tiger,SUV,Comfort,Midnight Black,2026,2,February,13,11411.67,336.16,29.22,11777.05,153101.63
Jungle Tiger,SUV,Comfort,Midnight Black,2026,3,March,10,11477.13,341.19,16.67,11834.99,118349.92
Jungle Tiger,SUV,Comfort,Midnight Black,2026,4,April,15,11538.22,335.98,16.57,11890.77,178361.51
Jungle Tiger,SUV,Comfort,Midnight Black,2026,5,May,21,11503.2,340.8,7.57,11851.56,248882.83
Jungle Tiger,SUV,Comfort,Midnight Black,2026,6,June,18,11538.47,341.93,9.08,11889.48,214010.56
Jungle Tiger,SUV,Comfort,Midnight Black,2026,7,July,19,11630.44,330.12,0.0,11960.55,227250.51
Jungle Tiger,SUV,Comfort,Ocean Blue,2024,7,July,1,10589.25,314.57,0.0,10903.82,10903.82
Jungle Tiger,SUV,Comfort,Ocean Blue,2024,8,August,44,10698.61,342.99,6.0,11047.6,486094.27
Jungle Tiger,SUV,Comfort,Ocean Blue,2024,9,September,16,10729.51,335.68,17.45,11082.64,177322.2
Jungle Tiger,SUV,Comfort,Ocean Blue,2024,10,October,9,10711.99,341.97,53.12,11107.08,99963.73
Jungle Tiger,SUV,Comfort,Ocean Blue,2024,11,November,21,10820.73,338.42,0.23,11159.38,234346.88
Jungle Tiger,SUV,Comfort,Ocean Blue,2024,12,December,7,10832.57,339.9,0.0,11172.47,78207.28
Jungle Tiger,SUV,Comfort,Ocean Blue,2025,1,January,9,10905.93,335.98,15.22,11257.12,101314.09
Jungle Tiger,SUV,Comfort,Ocean Blue,2025,2,February,14,10944.96,336.29,7.23,11288.48,158038.74
Jungle Tiger,SUV,Comfort,Ocean Blue,2025,3,March,9,10948.72,347.58,87.38,11383.68,102453.1
Jungle Tiger,SUV,Comfort,Ocean Blue,2025,4,April,15,10999.3,339.27,54.06,11392.63,170889.44
Jungle Tiger,SUV,Comfort,Ocean Blue,2025,5,May,20,11050.58,348.27,9.24,11408.09,228161.86
Jungle Tiger,SUV,Comfort,Ocean Blue,2025,6,June,21,11078.96,338.77,32.23,11449.96,240449.06
Jungle Tiger,SUV,Comfort,Ocean Blue,2025,7,July,10,11059.41,342.57,9.58,11411.57,114115.67
Jungle Tiger,SUV,Comfort,Ocean Blue,2025,8,August,9,11152.76,349.44,11.61,11513.8,103624.22
Jungle Tiger,SUV,Comfort,Ocean Blue,2025,9,September,27,11222.87,339.33,4.49,11566.69,312300.65
Jungle Tiger,SUV,Comfort,Ocean Blue,2025,10,October,20,11256.53,339.91,0.0,11596.44,231928.79
Jungle Tiger,SUV,Comfort,Ocean Blue,2025,11,November,3,11339.1,340.11,0.0,11679.21,35037.63
Jungle Tiger,SUV,Comfort,Ocean Blue,2025,12,December,10,11356.66,337.61,12.67,11706.93,117069.33
Jungle Tiger,SUV,Comfort,Ocean Blue,2026,1,January,23,11336.75,339.64,42.46,11718.85,269533.66
Jungle Tiger,SUV,Comfort,Ocean Blue,2026,2,February,14,11391.13,341.51,6.8,11739.44,164352.21
Jungle Tiger,SUV,Comfort,Ocean Blue,2026,3,March,27,11391.59,340.78,21.43,11753.81,317352.77
Jungle Tiger,SUV,Comfort,Ocean Blue,2026,4,April,15,11453.79,336.02,8.65,11798.46,176976.96
Jungle Tiger,SUV,Comfort,Ocean Blue,2026,5,May,19,11549.97,339.87,35.44,11925.28,226580.41
Jungle Tiger,SUV,Comfort,Ocean Blue,2026,6,June,11,11567.86,347.52,0.0,11915.38,131069.16
Jungle Tiger,SUV,Comfort,Ocean Blue,2026,7,July,23,11594.91,343.68,6.63,11945.22,274740.14
Jungle Tiger,SUV,Comfort,Pearl Ivory,2024,8,August,21,10675.36,336.8,9.88,11022.05,231462.97
Jungle Tiger,SUV,Comfort,Pearl Ivory,2024,9,September,20,10738.52,347.01,0.0,11085.53,221710.58
Jungle Tiger,SUV,Comfort,Pearl Ivory,2024,10,October,9,10771.44,334.33,12.02,11117.8,100060.18
Jungle Tiger,SUV,Comfort,Pearl Ivory,2024,11,November,27,10824.87,334.91,32.4,11192.18,302188.97
Jungle Tiger,SUV,Comfort,Pearl Ivory,2024,12,December,16,10878.05,341.48,9.42,11228.95,179663.23
Jungle Tiger,SUV,Comfort,Pearl Ivory,2025,1,January,24,10858.01,340.81,0.0,11198.82,268771.69
Jungle Tiger,SUV,Comfort,Pearl Ivory,2025,2,February,8,10883.36,348.12,14.04,11245.52,89964.16
Jungle Tiger,SUV,Comfort,Pearl Ivory,2025,3,March,20,10956.27,340.31,0.0,11296.58,225931.54
Jungle Tiger,SUV,Comfort,Pearl Ivory,2025,4,April,28,11026.63,342.8,54.38,11423.81,319866.74
Jungle Tiger,SUV,Comfort,Pearl Ivory,2025,5,May,12,11067.73,341.33,21.95,11431.01,137172.1
Jungle Tiger,SUV,Comfort,Pearl Ivory,2025,6,June,3,11107.72,326.27,2.84,11436.83,34310.48
Jungle Tiger,SUV,Comfort,Pearl Ivory,2025,7,July,15,11141.47,340.21,0.45,11482.13,172232.0
Jungle Tiger,SUV,Comfort,Pearl Ivory,2025,8,August,23,11163.28,342.77,44.87,11550.92,265671.08
Jungle Tiger,SUV,Comfort,Pearl Ivory,2025,9,September,26,11193.37,340.17,4.99,11538.53,300001.83
Jungle Tiger,SUV,Comfort,Pearl Ivory,2025,10,October,18,11235.82,342.17,46.07,11624.06,209233.05
Jungle Tiger,SUV,Comfort,Pearl Ivory,2025,11,November,12,11326.87,336.55,0.0,11663.42,139961.04
Jungle Tiger,SUV,Comfort,Pearl Ivory,2025,12,December,21,11314.18,333.31,20.49,11667.98,245027.65
Jungle Tiger,SUV,Comfort,Pearl Ivory,2026,1,January,16,11380.94,335.78,180.94,11897.66,190362.56
Jungle Tiger,SUV,Comfort,Pearl Ivory,2026,2,February,10,11350.83,343.79,0.0,11694.62,116946.17
Jungle Tiger,SUV,Comfort,Pearl Ivory,2026,3,March,1,11416.04,336.82,0.0,11752.86,11752.86
Jungle Tiger,SUV,Comfort,Pearl Ivory,2026,4,April,6,11472.06,351.22,0.0,11823.27,70939.63
Jungle Tiger,SUV,Comfort,Pearl Ivory,2026,5,May,20,11537.58,340.76,40.53,11918.87,238377.34
Jungle Tiger,SUV,Comfort,Pearl Ivory,2026,6,June,26,11557.67,344.1,10.47,11912.24,309718.33
Jungle Tiger,SUV,Comfort,Pearl Ivory,2026,7,July,17,11625.68,346.37,7.15,11979.2,203646.38
Jungle Tiger,SUV,Comfort,Steel Grey,2024,7,July,1,10678.78,312.41,4.98,10996.17,10996.17
Jungle Tiger,SUV,Comfort,Steel Grey,2024,8,August,10,10672.67,348.4,0.0,11021.07,110210.69
Jungle Tiger,SUV,Comfort,Steel Grey,2024,9,September,25,10769.9,341.89,32.74,11144.54,278613.46
Jungle Tiger,SUV,Comfort,Steel Grey,2024,10,October,37,10747.63,342.16,4.17,11093.96,410476.62
Jungle Tiger,SUV,Comfort,Steel Grey,2024,11,November,16,10776.79,341.62,0.79,11119.2,177907.16
Jungle Tiger,SUV,Comfort,Steel Grey,2024,12,December,11,10854.7,332.06,0.0,11186.77,123054.42
Jungle Tiger,SUV,Comfort,Steel Grey,2025,1,January,7,10872.52,335.7,1.46,11209.68,78467.77
Jungle Tiger,SUV,Comfort,Steel Grey,2025,2,February,16,10957.66,343.55,10.01,11311.22,180979.55
Jungle Tiger,SUV,Comfort,Steel Grey,2025,3,March,26,10969.08,345.35,31.68,11346.1,294998.64
Jungle Tiger,SUV,Comfort,Steel Grey,2025,4,April,18,11015.29,343.29,47.44,11406.03,205308.52
Jungle Tiger,SUV,Comfort,Steel Grey,2025,5,May,15,11077.78,339.26,9.44,11426.48,171397.21
Jungle Tiger,SUV,Comfort,Steel Grey,2025,6,June,10,11080.71,349.95,0.0,11430.66,114306.58
Jungle Tiger,SUV,Comfort,Steel Grey,2025,7,July,7,11134.14,333.15,3.44,11470.73,80295.09
Jungle Tiger,SUV,Comfort,Steel Grey,2025,8,August,11,11140.15,339.64,14.88,11494.66,126441.26
Jungle Tiger,SUV,Comfort,Steel Grey,2025,9,September,9,11179.53,339.07,0.0,11518.6,103667.36
Jungle Tiger,SUV,Comfort,Steel Grey,2025,10,October,14,11219.05,337.47,19.64,11576.16,162066.21
Jungle Tiger,SUV,Comfort,Steel Grey,2025,11,November,7,11258.3,332.65,0.0,11590.95,81136.65
Jungle Tiger,SUV,Comfort,Steel Grey,2025,12,December,12,11277.75,344.78,0.0,11622.53,139470.36
Jungle Tiger,SUV,Comfort,Steel Grey,2026,1,January,19,11375.53,346.38,0.0,11721.92,222716.4
Jungle Tiger,SUV,Comfort,Steel Grey,2026,2,February,14,11390.79,342.48,8.94,11742.21,164390.94
Jungle Tiger,SUV,Comfort,Steel Grey,2026,3,March,11,11449.3,339.08,0.0,11788.37,129672.09
Jungle Tiger,SUV,Comfort,Steel Grey,2026,4,April,11,11510.28,337.63,0.43,11848.34,130331.71
Jungle Tiger,SUV,Comfort,Steel Grey,2026,5,May,9,11531.07,349.23,1.02,11881.32,106931.88
Jungle Tiger,SUV,Comfort,Steel Grey,2026,6,June,21,11569.75,345.44,7.58,11922.78,250378.3
Jungle Tiger,SUV,Comfort,Steel Grey,2026,7,July,13,11631.61,346.22,51.42,12029.25,156380.2
Jungle Tiger,SUV,Luxury,Arctic White,2024,8,August,18,11880.29,343.54,0.62,12224.44,220039.95
Jungle Tiger,SUV,Luxury,Arctic White,2024,9,September,3,11978.41,368.86,0.0,12347.27,37041.82
Jungle Tiger,SUV,Luxury,Arctic White,2024,10,October,6,12049.25,340.12,0.0,12389.37,74336.19
Jungle Tiger,SUV,Luxury,Arctic White,2024,11,November,31,12012.59,339.98,6.21,12358.79,383122.42
Jungle Tiger,SUV,Luxury,Arctic White,2024,12,December,6,12046.96,341.69,0.0,12388.65,74331.92
Jungle Tiger,SUV,Luxury,Arctic White,2025,1,January,6,12187.11,343.48,0.0,12530.59,75183.54
Jungle Tiger,SUV,Luxury,Arctic White,2025,2,February,6,12164.18,340.16,0.0,12504.34,75026.02
Jungle Tiger,SUV,Luxury,Arctic White,2025,3,March,2,12137.34,341.62,0.0,12478.96,24957.91
Jungle Tiger,SUV,Luxury,Arctic White,2025,4,April,7,12304.29,340.8,95.26,12740.35,89182.42
Jungle Tiger,SUV,Luxury,Arctic White,2025,5,May,5,12251.62,331.36,4.71,12587.69,62938.43
Jungle Tiger,SUV,Luxury,Arctic White,2025,6,June,2,12350.24,351.26,0.0,12701.51,25403.01
Jungle Tiger,SUV,Luxury,Arctic White,2025,7,July,6,12407.2,336.44,0.0,12743.65,76461.87
Jungle Tiger,SUV,Luxury,Arctic White,2025,8,August,4,12425.97,331.73,0.0,12757.7,51030.81
Jungle Tiger,SUV,Luxury,Arctic White,2025,9,September,5,12476.68,340.09,0.41,12817.18,64085.88
Jungle Tiger,SUV,Luxury,Arctic White,2025,10,October,3,12491.81,331.63,0.0,12823.44,38470.31
Jungle Tiger,SUV,Luxury,Arctic White,2025,11,November,5,12606.27,343.03,1.93,12951.23,64756.13
Jungle Tiger,SUV,Luxury,Arctic White,2025,12,December,4,12597.24,337.66,0.0,12934.9,51739.59
Jungle Tiger,SUV,Luxury,Arctic White,2026,1,January,7,12695.23,346.14,0.0,13041.38,91289.65
Jungle Tiger,SUV,Luxury,Arctic White,2026,2,February,5,12702.86,342.57,0.0,13045.43,65227.13
Jungle Tiger,SUV,Luxury,Arctic White,2026,3,March,5,12786.58,345.04,0.0,13131.62,65658.09
Jungle Tiger,SUV,Luxury,Arctic White,2026,4,April,4,12797.48,352.1,0.0,13149.58,52598.31
Jungle Tiger,SUV,Luxury,Arctic White,2026,5,May,6,12852.95,338.48,0.81,13192.24,79153.42
Jungle Tiger,SUV,Luxury,Arctic White,2026,6,June,5,12852.11,338.18,0.0,13190.29,65951.47
Jungle Tiger,SUV,Luxury,Arctic White,2026,7,July,7,13026.83,337.14,0.0,13363.97,93547.76
Jungle Tiger,SUV,Luxury,Copper Bronze,2024,8,August,10,11876.33,336.36,10.77,12223.46,122234.6
Jungle Tiger,SUV,Luxury,Copper Bronze,2024,9,September,11,11943.85,333.45,20.02,12297.32,135270.55
Jungle Tiger,SUV,Luxury,Copper Bronze,2024,10,October,3,12030.19,352.85,31.23,12414.27,37242.8
Jungle Tiger,SUV,Luxury,Copper Bronze,2024,11,November,6,12065.95,333.71,27.96,12427.62,74565.72
Jungle Tiger,SUV,Luxury,Copper Bronze,2024,12,December,5,12092.66,344.29,0.0,12436.95,62184.76
Jungle Tiger,SUV,Luxury,Copper Bronze,2025,1,January,7,12116.69,341.4,0.3,12458.4,87208.8
Jungle Tiger,SUV,Luxury,Copper Bronze,2025,2,February,14,12182.35,341.28,40.81,12564.44,175902.12
Jungle Tiger,SUV,Luxury,Copper Bronze,2025,3,March,6,12220.34,323.12,0.0,12543.45,75260.7
Jungle Tiger,SUV,Luxury,Copper Bronze,2025,4,April,9,12281.24,338.35,13.2,12632.78,113695.06
Jungle Tiger,SUV,Luxury,Copper Bronze,2025,5,May,12,12265.81,340.4,29.15,12635.36,151624.26
Jungle Tiger,SUV,Luxury,Copper Bronze,2025,6,June,4,12366.65,327.73,0.0,12694.37,50777.49
Jungle Tiger,SUV,Luxury,Copper Bronze,2025,7,July,11,12369.11,338.54,0.0,12707.66,139784.21
Jungle Tiger,SUV,Luxury,Copper Bronze,2025,8,August,4,12433.08,368.29,0.0,12801.37,51205.47
Jungle Tiger,SUV,Luxury,Copper Bronze,2025,9,September,8,12467.46,335.35,0.0,12802.8,102422.43
Jungle Tiger,SUV,Luxury,Copper Bronze,2025,10,October,6,12595.51,338.94,111.73,13046.19,78277.14
Jungle Tiger,SUV,Luxury,Copper Bronze,2025,12,December,7,12611.1,338.34,0.0,12949.44,90646.06
Jungle Tiger,SUV,Luxury,Copper Bronze,2026,1,January,8,12655.98,339.92,0.0,12995.9,103967.2
Jungle Tiger,SUV,Luxury,Copper Bronze,2026,2,February,4,12707.59,343.69,166.08,13217.35,52869.41
Jungle Tiger,SUV,Luxury,Copper Bronze,2026,3,March,12,12720.16,341.32,0.9,13062.38,156748.52
Jungle Tiger,SUV,Luxury,Copper Bronze,2026,4,April,9,12818.34,347.48,0.0,13165.82,118492.38
Jungle Tiger,SUV,Luxury,Copper Bronze,2026,5,May,6,12819.12,343.09,0.0,13162.2,78973.21
Jungle Tiger,SUV,Luxury,Copper Bronze,2026,6,June,4,12984.07,343.34,0.0,13327.41,53309.63
Jungle Tiger,SUV,Luxury,Copper Bronze,2026,7,July,6,12915.72,345.19,4.99,13265.9,79595.37
Jungle Tiger,SUV,Luxury,Crimson Red,2024,8,August,4,11964.48,336.04,0.0,12300.53,49202.1
Jungle Tiger,SUV,Luxury,Crimson Red,2024,9,September,5,11947.44,344.33,0.0,12291.77,61458.86
Jungle Tiger,SUV,Luxury,Crimson Red,2024,10,October,15,12032.09,345.18,0.59,12377.87,185668.01
Jungle Tiger,SUV,Luxury,Crimson Red,2024,11,November,10,12059.91,327.45,1.11,12388.47,123884.7
Jungle Tiger,SUV,Luxury,Crimson Red,2024,12,December,6,12091.77,348.52,0.0,12440.29,74641.76
Jungle Tiger,SUV,Luxury,Crimson Red,2025,1,January,4,12103.29,343.93,169.21,12616.43,50465.7
Jungle Tiger,SUV,Luxury,Crimson Red,2025,3,March,9,12224.02,332.79,0.0,12556.81,113011.26
Jungle Tiger,SUV,Luxury,Crimson Red,2025,4,April,7,12276.48,340.83,0.0,12617.31,88321.15
Jungle Tiger,SUV,Luxury,Crimson Red,2025,5,May,10,12316.6,339.73,17.69,12674.02,126740.2
Jungle Tiger,SUV,Luxury,Crimson Red,2025,6,June,3,12356.15,344.31,0.0,12700.47,38101.4
Jungle Tiger,SUV,Luxury,Crimson Red,2025,7,July,5,12418.03,348.16,0.0,12766.2,63830.98
Jungle Tiger,SUV,Luxury,Crimson Red,2025,8,August,7,12392.36,342.85,0.0,12735.21,89146.46
Jungle Tiger,SUV,Luxury,Crimson Red,2025,9,September,6,12424.91,342.7,0.0,12767.61,76605.66
Jungle Tiger,SUV,Luxury,Crimson Red,2025,10,October,6,12482.35,339.11,0.0,12821.46,76928.75
Jungle Tiger,SUV,Luxury,Crimson Red,2025,11,November,6,12592.51,334.1,0.0,12926.61,77559.64
Jungle Tiger,SUV,Luxury,Crimson Red,2025,12,December,9,12647.43,349.17,1.45,12998.04,116982.39
Jungle Tiger,SUV,Luxury,Crimson Red,2026,1,January,4,12722.72,331.8,0.0,13054.52,52218.07
Jungle Tiger,SUV,Luxury,Crimson Red,2026,3,March,4,12773.46,368.22,0.0,13141.69,52566.74
Jungle Tiger,SUV,Luxury,Crimson Red,2026,4,April,3,12760.12,342.31,0.0,13102.42,39307.27
Jungle Tiger,SUV,Luxury,Crimson Red,2026,5,May,3,12796.0,333.75,0.0,13129.75,39389.26
Jungle Tiger,SUV,Luxury,Forest Green,2024,8,August,3,11924.95,345.95,68.57,12339.47,37018.42
Jungle Tiger,SUV,Luxury,Forest Green,2024,9,September,13,11946.47,339.26,7.08,12292.81,159806.51
Jungle Tiger,SUV,Luxury,Forest Green,2024,10,October,9,12033.99,334.11,0.1,12368.2,111313.78
Jungle Tiger,SUV,Luxury,Forest Green,2024,11,November,9,11979.22,332.54,0.0,12311.77,110805.9
Jungle Tiger,SUV,Luxury,Forest Green,2024,12,December,10,12081.46,338.77,17.91,12438.14,124381.42
Jungle Tiger,SUV,Luxury,Forest Green,2025,1,January,25,12124.38,345.51,28.59,12498.48,312461.91
Jungle Tiger,SUV,Luxury,Forest Green,2025,2,February,18,12163.76,341.91,0.0,12505.67,225102.07
Jungle Tiger,SUV,Luxury,Forest Green,2025,3,March,5,12223.32,342.01,0.0,12565.33,62826.63
Jungle Tiger,SUV,Luxury,Forest Green,2025,4,April,7,12286.66,358.27,0.0,12644.93,88514.52
Jungle Tiger,SUV,Luxury,Forest Green,2025,5,May,14,12262.63,343.49,0.0,12606.13,176485.79
Jungle Tiger,SUV,Luxury,Forest Green,2025,6,June,4,12355.86,340.56,0.0,12696.43,50785.71
Jungle Tiger,SUV,Luxury,Forest Green,2025,7,July,3,12405.22,345.6,0.0,12750.82,38252.46
Jungle Tiger,SUV,Luxury,Forest Green,2025,8,August,9,12473.45,337.96,0.0,12811.4,115302.64
Jungle Tiger,SUV,Luxury,Forest Green,2025,9,September,1,12418.12,379.82,0.0,12797.94,12797.94
Jungle Tiger,SUV,Luxury,Forest Green,2025,10,October,8,12538.78,337.14,0.0,12875.92,103007.36
Jungle Tiger,SUV,Luxury,Forest Green,2025,11,November,10,12596.1,336.38,0.0,12932.48,129324.83
Jungle Tiger,SUV,Luxury,Forest Green,2025,12,December,9,12561.03,338.92,0.83,12900.78,116107.01
Jungle Tiger,SUV,Luxury,Forest Green,2026,1,January,2,12622.81,346.49,0.0,12969.3,25938.6
Jungle Tiger,SUV,Luxury,Forest Green,2026,2,February,1,12900.8,355.33,0.0,13256.13,13256.13
Jungle Tiger,SUV,Luxury,Forest Green,2026,3,March,8,12789.84,342.06,0.0,13131.9,105055.17
Jungle Tiger,SUV,Luxury,Forest Green,2026,4,April,17,12801.24,338.25,10.66,13150.15,223552.55
Jungle Tiger,SUV,Luxury,Forest Green,2026,5,May,5,12835.67,336.95,0.0,13172.62,65863.12
Jungle Tiger,SUV,Luxury,Forest Green,2026,6,June,17,12865.44,347.81,0.0,13213.24,224625.16
Jungle Tiger,SUV,Luxury,Forest Green,2026,7,July,4,12828.33,356.55,0.0,13184.88,52739.51
Jungle Tiger,SUV,Luxury,Midnight Black,2024,7,July,5,11889.23,334.25,0.0,12223.48,61117.38
Jungle Tiger,SUV,Luxury,Midnight Black,2024,8,August,8,11908.41,329.36,22.15,12259.91,98079.3
Jungle Tiger,SUV,Luxury,Midnight Black,2024,9,September,5,11980.28,345.45,0.0,12325.74,61628.68
Jungle Tiger,SUV,Luxury,Midnight Black,2024,10,October,3,12049.74,354.74,0.0,12404.48,37213.45
Jungle Tiger,SUV,Luxury,Midnight Black,2024,11,November,7,12085.6,338.26,1.43,12425.29,86977.02
Jungle Tiger,SUV,Luxury,Midnight Black,2024,12,December,1,12131.37,370.14,0.0,12501.51,12501.51
Jungle Tiger,SUV,Luxury,Midnight Black,2025,1,January,3,12056.02,341.24,2.38,12399.64,37198.93
Jungle Tiger,SUV,Luxury,Midnight Black,2025,2,February,6,12202.5,336.14,0.0,12538.63,75231.8
Jungle Tiger,SUV,Luxury,Midnight Black,2025,3,March,8,12233.29,349.6,0.0,12582.89,100663.13
Jungle Tiger,SUV,Luxury,Midnight Black,2025,4,April,7,12209.5,329.37,0.0,12538.87,87772.1
Jungle Tiger,SUV,Luxury,Midnight Black,2025,5,May,7,12311.86,338.19,16.79,12666.84,88667.89
Jungle Tiger,SUV,Luxury,Midnight Black,2025,6,June,1,12420.15,363.7,0.0,12783.85,12783.85
Jungle Tiger,SUV,Luxury,Midnight Black,2025,7,July,4,12384.09,348.67,0.0,12732.76,50931.03
Jungle Tiger,SUV,Luxury,Midnight Black,2025,8,August,3,12456.42,340.82,0.0,12797.24,38391.73
Jungle Tiger,SUV,Luxury,Midnight Black,2025,9,September,6,12520.99,336.22,0.0,12857.21,77143.27
Jungle Tiger,SUV,Luxury,Midnight Black,2025,10,October,6,12538.39,335.66,0.0,12874.05,77244.32
Jungle Tiger,SUV,Luxury,Midnight Black,2025,11,November,7,12577.04,350.31,0.0,12927.34,90491.4
Jungle Tiger,SUV,Luxury,Midnight Black,2025,12,December,4,12617.01,341.09,0.0,12958.1,51832.39
Jungle Tiger,SUV,Luxury,Midnight Black,2026,1,January,10,12680.81,335.85,240.23,13256.89,132568.94
Jungle Tiger,SUV,Luxury,Midnight Black,2026,2,February,4,12730.31,315.21,0.0,13045.52,52182.06
Jungle Tiger,SUV,Luxury,Midnight Black,2026,3,March,9,12716.82,353.74,0.0,13070.56,117635.05
Jungle Tiger,SUV,Luxury,Midnight Black,2026,4,April,5,12756.73,337.82,0.0,13094.55,65472.73
Jungle Tiger,SUV,Luxury,Midnight Black,2026,5,May,2,12939.13,340.06,53.5,13332.69,26665.37
Jungle Tiger,SUV,Luxury,Midnight Black,2026,6,June,4,12871.65,340.46,0.0,13212.11,52848.43
Jungle Tiger,SUV,Luxury,Midnight Black,2026,7,July,2,12834.24,358.0,332.97,13525.21,27050.42
Jungle Tiger,SUV,Luxury,Ocean Blue,2024,8,August,7,11831.89,346.71,0.0,12178.6,85250.19
Jungle Tiger,SUV,Luxury,Ocean Blue,2024,9,September,10,11909.4,339.39,0.0,12248.79,122487.85
Jungle Tiger,SUV,Luxury,Ocean Blue,2024,10,October,10,11960.34,342.94,0.0,12303.28,123032.8
Jungle Tiger,SUV,Luxury,Ocean Blue,2024,11,November,12,12042.28,347.42,0.0,12389.7,148676.4
Jungle Tiger,SUV,Luxury,Ocean Blue,2024,12,December,13,12106.88,346.39,7.12,12460.39,161985.06
Jungle Tiger,SUV,Luxury,Ocean Blue,2025,1,January,12,12110.97,340.0,7.84,12458.8,149505.62
Jungle Tiger,SUV,Luxury,Ocean Blue,2025,3,March,4,12201.41,368.31,0.0,12569.72,50278.89
Jungle Tiger,SUV,Luxury,Ocean Blue,2025,4,April,13,12220.23,341.18,9.77,12571.18,163425.29
Jungle Tiger,SUV,Luxury,Ocean Blue,2025,6,June,6,12278.22,355.52,112.04,12745.78,76474.66
Jungle Tiger,SUV,Luxury,Ocean Blue,2025,7,July,11,12459.14,351.07,33.44,12843.66,141280.22
Jungle Tiger,SUV,Luxury,Ocean Blue,2025,8,August,3,12451.58,333.86,41.17,12826.6,38479.8
Jungle Tiger,SUV,Luxury,Ocean Blue,2025,9,September,10,12457.71,338.97,11.52,12808.19,128081.9
Jungle Tiger,SUV,Luxury,Ocean Blue,2025,10,October,12,12516.96,340.13,59.2,12916.29,154995.45
Jungle Tiger,SUV,Luxury,Ocean Blue,2025,11,November,3,12650.95,340.83,0.61,12992.39,38977.18
Jungle Tiger,SUV,Luxury,Ocean Blue,2025,12,December,7,12640.04,337.77,0.0,12977.81,90844.69
Jungle Tiger,SUV,Luxury,Ocean Blue,2026,1,January,4,12702.62,336.04,0.0,13038.66,52154.64
Jungle Tiger,SUV,Luxury,Ocean Blue,2026,2,February,3,12782.41,350.79,0.0,13133.2,39399.6
Jungle Tiger,SUV,Luxury,Ocean Blue,2026,3,March,12,12764.96,338.63,67.4,13170.99,158051.87
Jungle Tiger,SUV,Luxury,Ocean Blue,2026,4,April,3,12761.41,346.55,0.0,13107.96,39323.88
Jungle Tiger,SUV,Luxury,Ocean Blue,2026,6,June,4,12865.74,331.37,0.0,13197.11,52788.43
Jungle Tiger,SUV,Luxury,Ocean Blue,2026,7,July,5,12842.74,329.21,0.0,13171.95,65859.76
Jungle Tiger,SUV,Luxury,Pearl Ivory,2024,8,August,3,11935.88,330.56,0.0,12266.44,36799.33
Jungle Tiger,SUV,Luxury,Pearl Ivory,2024,10,October,6,12049.12,340.19,27.5,12416.81,74500.83
Jungle Tiger,SUV,Luxury,Pearl Ivory,2024,11,November,6,11954.65,340.29,0.0,12294.94,73769.65
Jungle Tiger,SUV,Luxury,Pearl Ivory,2024,12,December,7,12110.67,337.73,0.46,12448.86,87141.99
Jungle Tiger,SUV,Luxury,Pearl Ivory,2025,1,January,3,12133.42,331.74,0.0,12465.15,37395.46
Jungle Tiger,SUV,Luxury,Pearl Ivory,2025,2,February,6,12206.89,344.53,28.27,12579.7,75478.19
Jungle Tiger,SUV,Luxury,Pearl Ivory,2025,3,March,10,12252.34,333.96,80.09,12666.39,126663.85
Jungle Tiger,SUV,Luxury,Pearl Ivory,2025,4,April,1,12375.06,331.49,0.0,12706.55,12706.55
Jungle Tiger,SUV,Luxury,Pearl Ivory,2025,5,May,3,12311.16,338.81,1116.08,13766.06,41298.17
Jungle Tiger,SUV,Luxury,Pearl Ivory,2025,6,June,11,12337.36,344.76,16.38,12698.5,139683.48
Jungle Tiger,SUV,Luxury,Pearl Ivory,2025,7,July,6,12410.72,332.5,0.0,12743.22,76459.33
Jungle Tiger,SUV,Luxury,Pearl Ivory,2025,8,August,5,12431.53,346.15,0.0,12777.68,63888.4
Jungle Tiger,SUV,Luxury,Pearl Ivory,2025,10,October,10,12549.6,336.4,68.61,12954.61,129546.1
Jungle Tiger,SUV,Luxury,Pearl Ivory,2025,11,November,11,12607.73,336.2,0.0,12943.93,142383.26
Jungle Tiger,SUV,Luxury,Pearl Ivory,2026,1,January,3,12566.86,346.19,30.65,12943.7,38831.1
Jungle Tiger,SUV,Luxury,Pearl Ivory,2026,2,February,11,12763.41,335.0,15.75,13114.16,144255.77
Jungle Tiger,SUV,Luxury,Pearl Ivory,2026,3,March,1,12834.01,358.0,0.0,13192.01,13192.01
Jungle Tiger,SUV,Luxury,Pearl Ivory,2026,4,April,8,12805.69,342.56,14.69,13162.94,105303.51
Jungle Tiger,SUV,Luxury,Pearl Ivory,2026,5,May,6,12828.46,338.47,0.0,13166.93,79001.58
Jungle Tiger,SUV,Luxury,Pearl Ivory,2026,6,June,4,12901.51,341.0,32.62,13275.12,53100.47
Jungle Tiger,SUV,Luxury,Steel Grey,2024,8,August,13,11899.68,336.01,51.33,12287.01,159731.18
Jungle Tiger,SUV,Luxury,Steel Grey,2024,9,September,7,11950.05,328.67,0.0,12278.71,85950.98
Jungle Tiger,SUV,Luxury,Steel Grey,2024,10,October,9,11942.29,341.4,93.2,12376.9,111392.07
Jungle Tiger,SUV,Luxury,Steel Grey,2024,11,November,5,12011.59,319.35,0.0,12330.94,61654.69
Jungle Tiger,SUV,Luxury,Steel Grey,2024,12,December,3,12107.87,338.36,0.0,12446.23,37338.69
Jungle Tiger,SUV,Luxury,Steel Grey,2025,1,January,6,12221.56,348.13,0.0,12569.69,75418.13
Jungle Tiger,SUV,Luxury,Steel Grey,2025,2,February,7,12211.86,346.37,0.0,12558.23,87907.61
Jungle Tiger,SUV,Luxury,Steel Grey,2025,3,March,2,12261.62,338.91,0.0,12600.53,25201.06
Jungle Tiger,SUV,Luxury,Steel Grey,2025,4,April,5,12293.13,350.06,0.0,12643.19,63215.95
Jungle Tiger,SUV,Luxury,Steel Grey,2025,5,May,9,12306.92,333.2,14.4,12654.53,113890.73
Jungle Tiger,SUV,Luxury,Steel Grey,2025,6,June,3,12400.7,348.33,0.0,12749.03,38247.09
Jungle Tiger,SUV,Luxury,Steel Grey,2025,7,July,5,12358.35,343.17,0.0,12701.52,63507.62
Jungle Tiger,SUV,Luxury,Steel Grey,2025,8,August,7,12407.1,337.6,1.43,12746.12,89222.86
Jungle Tiger,SUV,Luxury,Steel Grey,2025,9,September,11,12449.84,337.91,0.0,12787.75,140665.27
Jungle Tiger,SUV,Luxury,Steel Grey,2025,10,October,5,12531.98,344.53,0.22,12876.73,64383.63
Jungle Tiger,SUV,Luxury,Steel Grey,2025,11,November,7,12573.61,335.47,0.0,12909.07,90363.52
Jungle Tiger,SUV,Luxury,Steel Grey,2025,12,December,6,12613.89,330.24,0.0,12944.14,77664.81
Jungle Tiger,SUV,Luxury,Steel Grey,2026,1,January,2,12664.39,325.64,0.0,12990.03,25980.05
Jungle Tiger,SUV,Luxury,Steel Grey,2026,2,February,12,12670.96,335.88,23.22,13030.06,156360.67
Jungle Tiger,SUV,Luxury,Steel Grey,2026,3,March,6,12733.28,341.8,0.0,13075.08,78450.48
Jungle Tiger,SUV,Luxury,Steel Grey,2026,4,April,1,12811.9,322.36,0.0,13134.26,13134.26
Jungle Tiger,SUV,Luxury,Steel Grey,2026,5,May,7,12863.6,339.88,0.28,13203.76,92426.33
Jungle Tiger,SUV,Luxury,Steel Grey,2026,7,July,18,12906.1,344.63,53.68,13304.41,239479.42
