defect_id,detected_date_id,detected_date,year,month,month_name,part_name,part_category,supplier_name,reliability_score,station_name,station_type,defect_type,severity,resolution,rework_cost,rework_time_minutes
1,20240731,2024-07-31,2024,7,July,Battery Pack v2,Electrical,Wolfe LLC,91.2,Electrical Assembly - Station 13,Electrical Assembly,electrical,major,rework,109.6,60.9
2,20240731,2024-07-31,2024,7,July,,,,,Welding - Station 02,Welding,dimensional,minor,rework,4.98,13.2
3,20240801,2024-08-01,2024,8,August,Drive Shaft v4,Powertrain,"Rodriguez, Figueroa and Sanchez",88.0,Powertrain Assembly - Station 07,Powertrain Assembly,functional,minor,rework,541.86,20.7
4,20240801,2024-08-01,2024,8,August,,,,,Welding - Station 02,Welding,dimensional,minor,rework,9.78,25.9
5,20240801,2024-08-01,2024,8,August,Shock Absorber v3,Chassis,Wyatt Inc,85.8,Chassis Assembly - Station 08,Chassis Assembly,assembly,minor,rework,160.8,25.1
6,20240801,2024-08-01,2024,8,August,,,,,Painting - Station 05,Painting,cosmetic,critical,rework,40.33,106.6
7,20240801,2024-08-01,2024,8,August,Headliner v2,Interior,Rhodes PLC,80.3,Interior Assembly - Station 12,Interior Assembly,assembly,minor,accepted_with_deviation,0.99,13.1
8,20240802,2024-08-02,2024,8,August,Grille v2,Exterior,Arnold Ltd,99.0,Exterior Trim - Station 15,Exterior Trim,cosmetic,minor,accepted_with_deviation,1.46,19.3
9,20240802,2024-08-02,2024,8,August,,,,,Welding - Station 03,Welding,dimensional,minor,rework,11.2,29.6
10,20240802,2024-08-02,2024,8,August,Center Console,Interior,Rhodes PLC,80.3,Interior Assembly - Station 12,Interior Assembly,assembly,major,rework,194.52,74.2
11,20240802,2024-08-02,2024,8,August,,,,,Final Assembly - Station 18,Final Assembly,assembly,minor,rework,9.82,26.0
12,20240802,2024-08-02,2024,8,August,Battery Pack v2,Electrical,Wolfe LLC,91.2,Electrical Assembly - Station 14,Electrical Assembly,electrical,critical,rework,123.15,96.8
13,20240802,2024-08-02,2024,8,August,Electric Motor v6,Powertrain,Wyatt Inc,85.8,Powertrain Assembly - Station 07,Powertrain Assembly,functional,major,rework,677.35,47.0
14,20240802,2024-08-02,2024,8,August,,,,,Painting - Station 05,Painting,cosmetic,minor,rework,10.65,28.2
15,20240803,2024-08-03,2024,8,August,Headliner v2,Interior,Rhodes PLC,80.3,Interior Assembly - Station 10,Interior Assembly,assembly,major,rework,159.91,59.7
16,20240803,2024-08-03,2024,8,August,Headliner v2,Interior,Rhodes PLC,80.3,Interior Assembly - Station 12,Interior Assembly,assembly,major,rework,153.73,43.3
17,20240803,2024-08-03,2024,8,August,Headliner v2,Interior,Rhodes PLC,80.3,Interior Assembly - Station 12,Interior Assembly,assembly,minor,rework,146.34,23.8
18,20240804,2024-08-04,2024,8,August,Electric Motor v6,Powertrain,Wyatt Inc,85.8,Powertrain Assembly - Station 06,Powertrain Assembly,functional,major,accepted_with_deviation,3.35,44.3
19,20240804,2024-08-04,2024,8,August,Backup Camera v6,Safety,Cole LLC,99.0,Safety Systems - Station 17,Safety Systems,functional,critical,accepted_with_deviation,7.55,99.8
20,20240804,2024-08-04,2024,8,August,,,,,Quality Check - Station 19,Quality Check,dimensional,minor,rework,5.57,14.7
21,20240805,2024-08-05,2024,8,August,Battery Pack v2,Electrical,Wolfe LLC,91.2,Electrical Assembly - Station 14,Electrical Assembly,electrical,critical,rework,134.51,126.8
22,20240805,2024-08-05,2024,8,August,Grille v2,Exterior,Arnold Ltd,99.0,Exterior Trim - Station 16,Exterior Trim,cosmetic,major,rework,128.79,41.3
23,20240806,2024-08-06,2024,8,August,Grille v2,Exterior,Arnold Ltd,99.0,Exterior Trim - Station 15,Exterior Trim,cosmetic,major,rework,135.38,58.7
24,20240806,2024-08-06,2024,8,August,Brake Caliper v4,Chassis,Blair PLC,99.0,Chassis Assembly - Station 08,Chassis Assembly,assembly,minor,rework,165.46,29.3
25,20240806,2024-08-06,2024,8,August,,,,,Painting - Station 04,Painting,cosmetic,minor,rework,4.69,12.4
26,20240806,2024-08-06,2024,8,August,,,,,Welding - Station 03,Welding,dimensional,minor,rework,10.16,26.9
27,20240807,2024-08-07,2024,8,August,Battery Pack v2,Electrical,Wolfe LLC,91.2,Electrical Assembly - Station 13,Electrical Assembly,electrical,minor,rework,93.84,19.3
28,20240807,2024-08-07,2024,8,August,Grille v2,Exterior,Arnold Ltd,99.0,Exterior Trim - Station 16,Exterior Trim,cosmetic,minor,rework,120.76,20.1
29,20240807,2024-08-07,2024,8,August,Rear Bumper v5,Exterior,Wolfe LLC,91.2,Exterior Trim - Station 15,Exterior Trim,cosmetic,minor,rework,121.72,24.9
30,20240807,2024-08-07,2024,8,August,Electric Motor v6,Powertrain,Wyatt Inc,85.8,Powertrain Assembly - Station 06,Powertrain Assembly,functional,major,rework,680.79,56.1
31,20240807,2024-08-07,2024,8,August,,,,,Welding - Station 01,Welding,dimensional,minor,rework,8.58,22.7
32,20240807,2024-08-07,2024,8,August,Electric Motor v6,Powertrain,Wyatt Inc,85.8,Powertrain Assembly - Station 07,Powertrain Assembly,functional,critical,scrap,2689.8,136.1
33,20240807,2024-08-07,2024,8,August,Battery Pack v2,Electrical,Wolfe LLC,91.2,Electrical Assembly - Station 13,Electrical Assembly,electrical,minor,rework,91.63,13.5
34,20240808,2024-08-08,2024,8,August,Brake Caliper v4,Chassis,Blair PLC,99.0,Chassis Assembly - Station 08,Chassis Assembly,assembly,minor,rework,160.16,15.3
35,20240808,2024-08-08,2024,8,August,Drive Shaft v4,Powertrain,"Rodriguez, Figueroa and Sanchez",88.0,Powertrain Assembly - Station 07,Powertrain Assembly,functional,minor,rework,544.33,27.2
36,20240808,2024-08-08,2024,8,August,Drive Shaft v4,Powertrain,"Rodriguez, Figueroa and Sanchez",88.0,Powertrain Assembly - Station 07,Powertrain Assembly,functional,minor,rework,540.2,16.3
37,20240808,2024-08-08,2024,8,August,Shock Absorber v3,Chassis,Wyatt Inc,85.8,Chassis Assembly - Station 08,Chassis Assembly,assembly,major,rework,171.56,53.5
38,20240808,2024-08-08,2024,8,August,Battery Pack v2,Electrical,Wolfe LLC,91.2,Electrical Assembly - Station 14,Electrical Assembly,electrical,minor,rework,92.11,14.7
39,20240808,2024-08-08,2024,8,August,Shock Absorber v3,Chassis,Wyatt Inc,85.8,Chassis Assembly - Station 08,Chassis Assembly,assembly,minor,rework,156.47,13.6
40,20240809,2024-08-09,2024,8,August,,,,,Painting - Station 05,Painting,cosmetic,major,rework,13.39,35.4
41,20240809,2024-08-09,2024,8,August,Electric Motor v6,Powertrain,Wyatt Inc,85.8,Powertrain Assembly - Station 07,Powertrain Assembly,functional,minor,rework,667.25,20.3
42,20240809,2024-08-09,2024,8,August,Headliner v2,Interior,Rhodes PLC,80.3,Interior Assembly - Station 12,Interior Assembly,assembly,minor,rework,143.29,15.7
43,20240811,2024-08-11,2024,8,August,Electric Motor v6,Powertrain,Wyatt Inc,85.8,Powertrain Assembly - Station 07,Powertrain Assembly,functional,major,rework,674.71,40.0
44,20240812,2024-08-12,2024,8,August,,,,,Painting - Station 04,Painting,cosmetic,minor,rework,11.23,29.7
45,20240812,2024-08-12,2024,8,August,Electric Motor v6,Powertrain,Wyatt Inc,85.8,Powertrain Assembly - Station 07,Powertrain Assembly,functional,major,rework,687.23,73.1
46,20240812,2024-08-12,2024,8,August,Rear Bumper v5,Exterior,Wolfe LLC,91.2,Exterior Trim - Station 16,Exterior Trim,cosmetic,minor,rework,118.61,16.6
47,20240812,2024-08-12,2024,8,August,Brake Caliper v4,Chassis,Blair PLC,99.0,Chassis Assembly - Station 08,Chassis Assembly,assembly,critical,rework,207.55,140.6
48,20240812,2024-08-12,2024,8,August,Grille v2,Exterior,Arnold Ltd,99.0,Exterior Trim - Station 15,Exterior Trim,cosmetic,minor,rework,118.4,13.8
49,20240812,2024-08-12,2024,8,August,Shock Absorber v3,Chassis,Wyatt Inc,85.8,Chassis Assembly - Station 08,Chassis Assembly,assembly,major,rework,173.99,59.9
50,20240812,2024-08-12,2024,8,August,Electric Motor v6,Powertrain,Wyatt Inc,85.8,Powertrain Assembly - Station 06,Powertrain Assembly,functional,critical,scrap,2673.19,92.2
51,20240812,2024-08-12,2024,8,August,Drive Shaft v4,Powertrain,"Rodriguez, Figueroa and Sanchez",88.0,Powertrain Assembly - Station 06,Powertrain Assembly,functional,minor,rework,538.98,13.1
52,20240812,2024-08-12,2024,8,August,ECU Module v7,Electrical,"Rodriguez, Figueroa and Sanchez",88.0,Electrical Assembly - Station 13,Electrical Assembly,electrical,minor,rework,47.78,15.5
53,20240812,2024-08-12,2024,8,August,Battery Pack v2,Electrical,Wolfe LLC,91.2,Electrical Assembly - Station 14,Electrical Assembly,electrical,major,rework,107.68,55.9
54,20240813,2024-08-13,2024,8,August,Battery Pack v2,Electrical,Wolfe LLC,91.2,Electrical Assembly - Station 13,Electrical Assembly,electrical,major,rework,98.53,31.7
55,20240813,2024-08-13,2024,8,August,Brake Caliper v4,Chassis,Blair PLC,99.0,Chassis Assembly - Station 09,Chassis Assembly,assembly,minor,rework,161.62,19.2
56,20240813,2024-08-13,2024,8,August,,,,,Welding - Station 02,Welding,dimensional,major,rework,15.94,42.1
57,20240814,2024-08-14,2024,8,August,Battery Pack v2,Electrical,Wolfe LLC,91.2,Electrical Assembly - Station 14,Electrical Assembly,electrical,minor,rework,92.96,17.0
58,20240814,2024-08-14,2024,8,August,,,,,Painting - Station 05,Painting,cosmetic,minor,rework,10.06,26.6
59,20240814,2024-08-14,2024,8,August,Door Trim v7,Interior,"Johnson, Gonzalez and Santos",85.8,Interior Assembly - Station 11,Interior Assembly,assembly,minor,accepted_with_deviation,0.79,10.4
60,20240814,2024-08-14,2024,8,August,,,,,Painting - Station 04,Painting,cosmetic,minor,rework,8.66,22.9
61,20240814,2024-08-14,2024,8,August,Brake Caliper v4,Chassis,Blair PLC,99.0,Chassis Assembly - Station 09,Chassis Assembly,assembly,minor,rework,161.67,19.3
62,20240814,2024-08-14,2024,8,August,Rear Bumper v5,Exterior,Wolfe LLC,91.2,Exterior Trim - Station 15,Exterior Trim,cosmetic,major,scrap,461.85,33.3
63,20240814,2024-08-14,2024,8,August,,,,,Welding - Station 02,Welding,dimensional,minor,rework,11.13,29.4
64,20240815,2024-08-15,2024,8,August,,,,,Welding - Station 01,Welding,dimensional,minor,rework,7.14,18.9
65,20240815,2024-08-15,2024,8,August,,,,,Welding - Station 01,Welding,dimensional,minor,rework,11.35,30.0
66,20240815,2024-08-15,2024,8,August,Brake Caliper v4,Chassis,Blair PLC,99.0,Chassis Assembly - Station 09,Chassis Assembly,assembly,minor,rework,159.28,13.0
67,20240815,2024-08-15,2024,8,August,Brake Caliper v4,Chassis,Blair PLC,99.0,Chassis Assembly - Station 09,Chassis Assembly,assembly,minor,rework,165.28,28.8
68,20240815,2024-08-15,2024,8,August,,,,,Welding - Station 02,Welding,dimensional,minor,rework,7.83,20.7
69,20240815,2024-08-15,2024,8,August,Shock Absorber v3,Chassis,Wyatt Inc,85.8,Chassis Assembly - Station 08,Chassis Assembly,assembly,critical,rework,191.25,105.5
70,20240816,2024-08-16,2024,8,August,Battery Pack v2,Electrical,Wolfe LLC,91.2,Electrical Assembly - Station 13,Electrical Assembly,electrical,minor,rework,94.99,22.3
71,20240816,2024-08-16,2024,8,August,Drive Shaft v4,Powertrain,"Rodriguez, Figueroa and Sanchez",88.0,Powertrain Assembly - Station 07,Powertrain Assembly,functional,minor,rework,538.94,13.0
72,20240816,2024-08-16,2024,8,August,Headliner v2,Interior,Rhodes PLC,80.3,Interior Assembly - Station 10,Interior Assembly,assembly,critical,rework,177.81,107.0
73,20240817,2024-08-17,2024,8,August,Drive Shaft v4,Powertrain,"Rodriguez, Figueroa and Sanchez",88.0,Powertrain Assembly - Station 06,Powertrain Assembly,functional,critical,scrap,2175.13,103.2
74,20240817,2024-08-17,2024,8,August,Battery Pack v2,Electrical,Wolfe LLC,91.2,Electrical Assembly - Station 14,Electrical Assembly,electrical,minor,rework,96.19,25.5
75,20240819,2024-08-19,2024,8,August,Grille v2,Exterior,Arnold Ltd,99.0,Exterior Trim - Station 16,Exterior Trim,cosmetic,minor,rework,120.65,19.8
76,20240819,2024-08-19,2024,8,August,Shock Absorber v3,Chassis,Wyatt Inc,85.8,Chassis Assembly - Station 09,Chassis Assembly,assembly,major,rework,174.73,61.9
77,20240819,2024-08-19,2024,8,August,ECU Module v7,Electrical,"Rodriguez, Figueroa and Sanchez",88.0,Electrical Assembly - Station 13,Electrical Assembly,electrical,critical,rework,86.76,118.5
78,20240819,2024-08-19,2024,8,August,Grille v2,Exterior,Arnold Ltd,99.0,Exterior Trim - Station 15,Exterior Trim,cosmetic,major,rework,133.42,53.5
79,20240820,2024-08-20,2024,8,August,Drive Shaft v4,Powertrain,"Rodriguez, Figueroa and Sanchez",88.0,Powertrain Assembly - Station 07,Powertrain Assembly,functional,minor,rework,542.16,21.5
80,20240820,2024-08-20,2024,8,August,,,,,Welding - Station 01,Welding,dimensional,minor,rework,7.62,20.1
81,20240820,2024-08-20,2024,8,August,Battery Pack v2,Electrical,Wolfe LLC,91.2,Electrical Assembly - Station 13,Electrical Assembly,electrical,minor,rework,91.78,13.8
82,20240820,2024-08-20,2024,8,August,Drive Shaft v4,Powertrain,"Rodriguez, Figueroa and Sanchez",88.0,Powertrain Assembly - Station 06,Powertrain Assembly,functional,minor,rework,537.93,10.3
83,20240820,2024-08-20,2024,8,August,Battery Pack v2,Electrical,Wolfe LLC,91.2,Electrical Assembly - Station 14,Electrical Assembly,electrical,critical,rework,112.16,67.7
84,20240821,2024-08-21,2024,8,August,Battery Pack v2,Electrical,Wolfe LLC,91.2,Electrical Assembly - Station 14,Electrical Assembly,electrical,minor,rework,91.52,13.2
85,20240821,2024-08-21,2024,8,August,Battery Pack v2,Electrical,Wolfe LLC,91.2,Electrical Assembly - Station 13,Electrical Assembly,electrical,minor,rework,93.84,19.3
86,20240821,2024-08-21,2024,8,August,Brake Caliper v4,Chassis,Blair PLC,99.0,Chassis Assembly - Station 09,Chassis Assembly,assembly,minor,rework,164.46,26.7
87,20240821,2024-08-21,2024,8,August,,,,,Final Assembly - Station 18,Final Assembly,assembly,minor,rework,4.0,10.6
88,20240821,2024-08-21,2024,8,August,Battery Pack v2,Electrical,Wolfe LLC,91.2,Electrical Assembly - Station 13,Electrical Assembly,electrical,minor,rework,91.93,14.3
89,20240821,2024-08-21,2024,8,August,Dashboard Panel v5,Interior,Davis-Abbott,83.4,Interior Assembly - Station 11,Interior Assembly,assembly,major,rework,143.17,63.8
90,20240821,2024-08-21,2024,8,August,Backup Camera v6,Safety,Cole LLC,99.0,Safety Systems - Station 17,Safety Systems,functional,minor,accepted_with_deviation,2.17,28.7
91,20240822,2024-08-22,2024,8,August,Shock Absorber v3,Chassis,Wyatt Inc,85.8,Chassis Assembly - Station 09,Chassis Assembly,assembly,major,rework,166.9,41.2
92,20240822,2024-08-22,2024,8,August,,,,,Painting - Station 04,Painting,cosmetic,minor,rework,5.05,13.4
93,20240822,2024-08-22,2024,8,August,,,,,Painting - Station 05,Painting,cosmetic,minor,rework,4.28,11.3
94,20240822,2024-08-22,2024,8,August,Shock Absorber v3,Chassis,Wyatt Inc,85.8,Chassis Assembly - Station 09,Chassis Assembly,assembly,minor,rework,160.03,23.0
95,20240822,2024-08-22,2024,8,August,ABS Unit v4,Safety,"Rodriguez, Figueroa and Sanchez",88.0,Safety Systems - Station 17,Safety Systems,functional,major,accepted_with_deviation,2.74,36.2
96,20240823,2024-08-23,2024,8,August,,,,,Painting - Station 04,Painting,cosmetic,major,rework,21.67,57.3
97,20240823,2024-08-23,2024,8,August,Brake Caliper v4,Chassis,Blair PLC,99.0,Chassis Assembly - Station 09,Chassis Assembly,assembly,minor,rework,158.77,11.6
98,20240823,2024-08-23,2024,8,August,,,,,Welding - Station 02,Welding,dimensional,minor,rework,4.96,13.1
99,20240823,2024-08-23,2024,8,August,Brake Caliper v4,Chassis,Blair PLC,99.0,Chassis Assembly - Station 09,Chassis Assembly,assembly,minor,rework,164.08,25.7
100,20240824,2024-08-24,2024,8,August,Shock Absorber v3,Chassis,Wyatt Inc,85.8,Chassis Assembly - Station 09,Chassis Assembly,assembly,major,rework,178.65,72.2
101,20240825,2024-08-25,2024,8,August,Dashboard Panel v5,Interior,Davis-Abbott,83.4,Interior Assembly - Station 10,Interior Assembly,assembly,major,rework,146.22,71.8
102,20240825,2024-08-25,2024,8,August,,,,,Painting - Station 04,Painting,cosmetic,minor,rework,8.67,22.9
103,20240825,2024-08-25,2024,8,August,Center Console,Interior,Rhodes PLC,80.3,Interior Assembly - Station 11,Interior Assembly,assembly,major,rework,186.36,52.6
104,20240826,2024-08-26,2024,8,August,,,,,Welding - Station 01,Welding,dimensional,minor,accepted_with_deviation,1.96,25.9
105,20240826,2024-08-26,2024,8,August,Shock Absorber v3,Chassis,Wyatt Inc,85.8,Chassis Assembly - Station 09,Chassis Assembly,assembly,minor,rework,156.63,14.0
106,20240827,2024-08-27,2024,8,August,,,,,Painting - Station 05,Painting,cosmetic,minor,rework,4.93,13.0
107,20240827,2024-08-27,2024,8,August,Headliner v2,Interior,Rhodes PLC,80.3,Interior Assembly - Station 12,Interior Assembly,assembly,minor,rework,143.85,17.2
108,20240827,2024-08-27,2024,8,August,Battery Pack v2,Electrical,Wolfe LLC,91.2,Electrical Assembly - Station 14,Electrical Assembly,electrical,minor,accepted_with_deviation,1.05,13.8
109,20240827,2024-08-27,2024,8,August,Brake Caliper v4,Chassis,Blair PLC,99.0,Chassis Assembly - Station 09,Chassis Assembly,assembly,minor,rework,163.94,25.3
110,20240828,2024-08-28,2024,8,August,Dashboard Panel v5,Interior,Davis-Abbott,83.4,Interior Assembly - Station 11,Interior Assembly,assembly,major,rework,139.45,53.9
111,20240828,2024-08-28,2024,8,August,Battery Pack v2,Electrical,Wolfe LLC,91.2,Electrical Assembly - Station 13,Electrical Assembly,electrical,minor,rework,94.77,21.8
112,20240829,2024-08-29,2024,8,August,,,,,Welding - Station 02,Welding,dimensional,major,rework,25.85,68.3
113,20240829,2024-08-29,2024,8,August,Center Console,Interior,Rhodes PLC,80.3,Interior Assembly - Station 12,Interior Assembly,assembly,minor,rework,177.17,28.4
114,20240829,2024-08-29,2024,8,August,ABS Unit v4,Safety,"Rodriguez, Figueroa and Sanchez",88.0,Safety Systems - Station 17,Safety Systems,functional,minor,rework,78.84,12.6
115,20240829,2024-08-29,2024,8,August,Rear Bumper v5,Exterior,Wolfe LLC,91.2,Exterior Trim - Station 15,Exterior Trim,cosmetic,minor,rework,118.87,17.3
116,20240829,2024-08-29,2024,8,August,Grille v2,Exterior,Arnold Ltd,99.0,Exterior Trim - Station 15,Exterior Trim,cosmetic,minor,rework,121.08,20.9
117,20240831,2024-08-31,2024,8,August,Drive Shaft v4,Powertrain,"Rodriguez, Figueroa and Sanchez",88.0,Powertrain Assembly - Station 06,Powertrain Assembly,functional,major,rework,553.33,51.0
118,20240831,2024-08-31,2024,8,August,,,,,Final Assembly - Station 18,Final Assembly,assembly,minor,rework,10.23,27.0
119,20240901,2024-09-01,2024,9,September,,,,,Welding - Station 03,Welding,dimensional,major,accepted_with_deviation,4.46,59.0
120,20240901,2024-09-01,2024,9,September,Headliner v2,Interior,Rhodes PLC,80.3,Interior Assembly - Station 11,Interior Assembly,assembly,minor,rework,145.06,20.4
121,20240901,2024-09-01,2024,9,September,Electric Motor v6,Powertrain,Wyatt Inc,85.8,Powertrain Assembly - Station 07,Powertrain Assembly,functional,minor,rework,669.62,26.6
122,20240902,2024-09-02,2024,9,September,Shock Absorber v3,Chassis,Wyatt Inc,85.8,Chassis Assembly - Station 09,Chassis Assembly,assembly,critical,rework,199.72,127.9
123,20240902,2024-09-02,2024,9,September,Drive Shaft v4,Powertrain,"Rodriguez, Figueroa and Sanchez",88.0,Powertrain Assembly - Station 06,Powertrain Assembly,functional,minor,rework,539.51,14.5
124,20240902,2024-09-02,2024,9,September,,,,,Welding - Station 02,Welding,dimensional,minor,accepted_with_deviation,1.64,21.7
125,20240902,2024-09-02,2024,9,September,Battery Pack v2,Electrical,Wolfe LLC,91.2,Electrical Assembly - Station 14,Electrical Assembly,electrical,minor,rework,95.81,24.5
126,20240902,2024-09-02,2024,9,September,Battery Pack v2,Electrical,Wolfe LLC,91.2,Electrical Assembly - Station 14,Electrical Assembly,electrical,minor,rework,94.02,19.8
127,20240902,2024-09-02,2024,9,September,Rear Bumper v5,Exterior,Wolfe LLC,91.2,Exterior Trim - Station 16,Exterior Trim,cosmetic,critical,rework,157.51,119.4
128,20240902,2024-09-02,2024,9,September,Electric Motor v6,Powertrain,Wyatt Inc,85.8,Powertrain Assembly - Station 07,Powertrain Assembly,functional,minor,rework,665.24,15.0
129,20240902,2024-09-02,2024,9,September,,,,,Final Assembly - Station 18,Final Assembly,assembly,major,rework,24.81,65.6
130,20240903,2024-09-03,2024,9,September,Headliner v2,Interior,Rhodes PLC,80.3,Interior Assembly - Station 10,Interior Assembly,assembly,major,rework,159.78,59.3
131,20240903,2024-09-03,2024,9,September,,,,,Painting - Station 04,Painting,cosmetic,minor,rework,5.42,14.3
132,20240903,2024-09-03,2024,9,September,,,,,Welding - Station 03,Welding,dimensional,major,rework,21.75,57.5
133,20240903,2024-09-03,2024,9,September,Battery Pack v2,Electrical,Wolfe LLC,91.2,Electrical Assembly - Station 13,Electrical Assembly,electrical,major,rework,111.22,65.2
134,20240903,2024-09-03,2024,9,September,,,,,Painting - Station 05,Painting,cosmetic,minor,rework,8.92,23.6
135,20240903,2024-09-03,2024,9,September,ABS Unit v4,Safety,"Rodriguez, Figueroa and Sanchez",88.0,Safety Systems - Station 17,Safety Systems,functional,major,rework,92.25,48.0
136,20240903,2024-09-03,2024,9,September,,,,,Welding - Station 01,Welding,dimensional,minor,rework,11.12,29.4
137,20240903,2024-09-03,2024,9,September,,,,,Welding - Station 01,Welding,dimensional,minor,rework,7.65,20.2
138,20240903,2024-09-03,2024,9,September,Electric Motor v6,Powertrain,Wyatt Inc,85.8,Powertrain Assembly - Station 06,Powertrain Assembly,functional,major,scrap,2661.9,62.4
139,20240903,2024-09-03,2024,9,September,Brake Caliper v4,Chassis,Blair PLC,99.0,Chassis Assembly - Station 09,Chassis Assembly,assembly,major,rework,170.43,42.5
140,20240904,2024-09-04,2024,9,September,,,,,Welding - Station 01,Welding,dimensional,minor,rework,4.14,10.9
141,20240904,2024-09-04,2024,9,September,Rear Bumper v5,Exterior,Wolfe LLC,91.2,Exterior Trim - Station 16,Exterior Trim,cosmetic,minor,rework,122.88,27.9
142,20240904,2024-09-04,2024,9,September,Electric Motor v6,Powertrain,Wyatt Inc,85.8,Powertrain Assembly - Station 07,Powertrain Assembly,functional,critical,rework,683.07,62.1
143,20240904,2024-09-04,2024,9,September,Center Console,Interior,Rhodes PLC,80.3,Interior Assembly - Station 11,Interior Assembly,assembly,minor,rework,177.3,28.7
144,20240904,2024-09-04,2024,9,September,,,,,Painting - Station 04,Painting,cosmetic,minor,rework,5.08,13.4
145,20240904,2024-09-04,2024,9,September,Electric Motor v6,Powertrain,Wyatt Inc,85.8,Powertrain Assembly - Station 07,Powertrain Assembly,functional,major,rework,687.68,74.3
146,20240904,2024-09-04,2024,9,September,Rear Bumper v5,Exterior,Wolfe LLC,91.2,Exterior Trim - Station 15,Exterior Trim,cosmetic,major,rework,126.0,36.2
147,20240904,2024-09-04,2024,9,September,,,,,Welding - Station 02,Welding,dimensional,critical,rework,34.72,91.8
148,20240905,2024-09-05,2024,9,September,,,,,Final Assembly - Station 18,Final Assembly,assembly,critical,scrap,31.84,84.1
149,20240905,2024-09-05,2024,9,September,Rear Bumper v5,Exterior,Wolfe LLC,91.2,Exterior Trim - Station 16,Exterior Trim,cosmetic,minor,rework,116.36,10.7
150,20240905,2024-09-05,2024,9,September,,,,,Welding - Station 01,Welding,dimensional,minor,rework,6.58,17.4
151,20240905,2024-09-05,2024,9,September,Backup Camera v6,Safety,Cole LLC,99.0,Safety Systems - Station 17,Safety Systems,functional,major,rework,123.54,62.3
152,20240905,2024-09-05,2024,9,September,Battery Pack v2,Electrical,Wolfe LLC,91.2,Electrical Assembly - Station 13,Electrical Assembly,electrical,minor,rework,91.42,12.9
153,20240905,2024-09-05,2024,9,September,Headliner v2,Interior,Rhodes PLC,80.3,Interior Assembly - Station 10,Interior Assembly,assembly,major,rework,152.79,40.8
154,20240905,2024-09-05,2024,9,September,,,,,Welding - Station 01,Welding,dimensional,minor,accepted_with_deviation,0.84,11.1
155,20240905,2024-09-05,2024,9,September,,,,,Welding - Station 01,Welding,dimensional,minor,rework,8.39,22.2
156,20240905,2024-09-05,2024,9,September,,,,,Painting - Station 05,Painting,cosmetic,minor,rework,8.18,21.6
157,20240906,2024-09-06,2024,9,September,ABS Unit v4,Safety,"Rodriguez, Figueroa and Sanchez",88.0,Safety Systems - Station 17,Safety Systems,functional,minor,rework,80.81,17.8
158,20240906,2024-09-06,2024,9,September,Shock Absorber v3,Chassis,Wyatt Inc,85.8,Chassis Assembly - Station 09,Chassis Assembly,assembly,major,scrap,624.56,51.0
159,20240906,2024-09-06,2024,9,September,Brake Caliper v4,Chassis,Blair PLC,99.0,Chassis Assembly - Station 08,Chassis Assembly,assembly,minor,rework,165.37,29.1
160,20240906,2024-09-06,2024,9,September,Headliner v2,Interior,Rhodes PLC,80.3,Interior Assembly - Station 10,Interior Assembly,assembly,minor,rework,145.82,22.4
161,20240906,2024-09-06,2024,9,September,,,,,Painting - Station 05,Painting,cosmetic,major,rework,14.19,37.5
162,20240906,2024-09-06,2024,9,September,Battery Pack v2,Electrical,Wolfe LLC,91.2,Electrical Assembly - Station 13,Electrical Assembly,electrical,minor,rework,97.39,28.7
163,20240906,2024-09-06,2024,9,September,Grille v2,Exterior,Arnold Ltd,99.0,Exterior Trim - Station 16,Exterior Trim,cosmetic,minor,rework,117.69,11.9
164,20240906,2024-09-06,2024,9,September,,,,,Final Assembly - Station 18,Final Assembly,assembly,minor,rework,3.91,10.3
165,20240906,2024-09-06,2024,9,September,Door Trim v7,Interior,"Johnson, Gonzalez and Santos",85.8,Interior Assembly - Station 12,Interior Assembly,assembly,minor,rework,74.72,21.6
166,20240908,2024-09-08,2024,9,September,Grille v2,Exterior,Arnold Ltd,99.0,Exterior Trim - Station 15,Exterior Trim,cosmetic,minor,accepted_with_deviation,1.74,23.0
167,20240908,2024-09-08,2024,9,September,Brake Caliper v4,Chassis,Blair PLC,99.0,Chassis Assembly - Station 08,Chassis Assembly,assembly,minor,rework,162.5,21.5
168,20240908,2024-09-08,2024,9,September,Battery Pack v2,Electrical,Wolfe LLC,91.2,Electrical Assembly - Station 14,Electrical Assembly,electrical,minor,rework,96.84,27.2
169,20240908,2024-09-08,2024,9,September,Electric Motor v6,Powertrain,Wyatt Inc,85.8,Powertrain Assembly - Station 07,Powertrain Assembly,functional,critical,rework,695.62,95.3
170,20240909,2024-09-09,2024,9,September,Battery Pack v2,Electrical,Wolfe LLC,91.2,Electrical Assembly - Station 14,Electrical Assembly,electrical,major,rework,104.84,48.4
171,20240909,2024-09-09,2024,9,September,Drive Shaft v4,Powertrain,"Rodriguez, Figueroa and Sanchez",88.0,Powertrain Assembly - Station 07,Powertrain Assembly,functional,major,rework,557.5,62.0
172,20240909,2024-09-09,2024,9,September,Electric Motor v6,Powertrain,Wyatt Inc,85.8,Powertrain Assembly - Station 06,Powertrain Assembly,functional,major,rework,682.25,59.9
173,20240909,2024-09-09,2024,9,September,Dashboard Panel v5,Interior,Davis-Abbott,83.4,Interior Assembly - Station 10,Interior Assembly,assembly,minor,rework,130.09,29.2
174,20240909,2024-09-09,2024,9,September,Grille v2,Exterior,Arnold Ltd,99.0,Exterior Trim - Station 16,Exterior Trim,cosmetic,minor,rework,118.74,14.7
175,20240910,2024-09-10,2024,9,September,Grille v2,Exterior,Arnold Ltd,99.0,Exterior Trim - Station 15,Exterior Trim,cosmetic,critical,rework,135.97,60.3
176,20240910,2024-09-10,2024,9,September,Crash Sensor v5,Safety,"Rodriguez, Figueroa and Sanchez",88.0,Safety Systems - Station 17,Safety Systems,functional,major,rework,99.29,36.8
177,20240910,2024-09-10,2024,9,September,Center Console,Interior,Rhodes PLC,80.3,Interior Assembly - Station 12,Interior Assembly,assembly,minor,rework,175.65,24.3
178,20240910,2024-09-10,2024,9,September,,,,,Painting - Station 05,Painting,cosmetic,minor,rework,6.92,18.3
179,20240910,2024-09-10,2024,9,September,,,,,Painting - Station 05,Painting,cosmetic,major,rework,25.87,68.4
180,20240910,2024-09-10,2024,9,September,Door Trim v7,Interior,"Johnson, Gonzalez and Santos",85.8,Interior Assembly - Station 10,Interior Assembly,assembly,minor,rework,71.2,12.3
181,20240910,2024-09-10,2024,9,September,Shock Absorber v3,Chassis,Wyatt Inc,85.8,Chassis Assembly - Station 09,Chassis Assembly,assembly,minor,rework,159.22,20.9
182,20240910,2024-09-10,2024,9,September,Center Console,Interior,Rhodes PLC,80.3,Interior Assembly - Station 12,Interior Assembly,assembly,critical,rework,191.55,66.4
183,20240911,2024-09-11,2024,9,September,Shock Absorber v3,Chassis,Wyatt Inc,85.8,Chassis Assembly - Station 08,Chassis Assembly,assembly,minor,rework,156.22,12.9
184,20240911,2024-09-11,2024,9,September,Headliner v2,Interior,Rhodes PLC,80.3,Interior Assembly - Station 12,Interior Assembly,assembly,minor,accepted_with_deviation,1.56,20.6
185,20240911,2024-09-11,2024,9,September,Battery Pack v2,Electrical,Wolfe LLC,91.2,Electrical Assembly - Station 14,Electrical Assembly,electrical,minor,rework,95.86,24.6
186,20240911,2024-09-11,2024,9,September,Shock Absorber v3,Chassis,Wyatt Inc,85.8,Chassis Assembly - Station 09,Chassis Assembly,assembly,minor,rework,157.0,15.0
187,20240911,2024-09-11,2024,9,September,Drive Shaft v4,Powertrain,"Rodriguez, Figueroa and Sanchez",88.0,Powertrain Assembly - Station 07,Powertrain Assembly,functional,minor,rework,538.78,12.6
188,20240911,2024-09-11,2024,9,September,Brake Caliper v4,Chassis,Blair PLC,99.0,Chassis Assembly - Station 09,Chassis Assembly,assembly,minor,rework,163.06,23.0
189,20240911,2024-09-11,2024,9,September,,,,,Painting - Station 05,Painting,cosmetic,minor,rework,8.63,22.8
190,20240912,2024-09-12,2024,9,September,,,,,Welding - Station 01,Welding,dimensional,major,rework,19.15,50.6
191,20240912,2024-09-12,2024,9,September,,,,,Quality Check - Station 20,Quality Check,dimensional,minor,rework,5.06,13.4
192,20240912,2024-09-12,2024,9,September,Grille v2,Exterior,Arnold Ltd,99.0,Exterior Trim - Station 16,Exterior Trim,cosmetic,major,scrap,472.5,52.4
193,20240912,2024-09-12,2024,9,September,Center Console,Interior,Rhodes PLC,80.3,Interior Assembly - Station 10,Interior Assembly,assembly,minor,rework,173.92,19.8
194,20240912,2024-09-12,2024,9,September,Drive Shaft v4,Powertrain,"Rodriguez, Figueroa and Sanchez",88.0,Powertrain Assembly - Station 06,Powertrain Assembly,functional,major,rework,551.85,47.1
195,20240912,2024-09-12,2024,9,September,Battery Pack v2,Electrical,Wolfe LLC,91.2,Electrical Assembly - Station 13,Electrical Assembly,electrical,minor,rework,97.0,27.6
196,20240912,2024-09-12,2024,9,September,ABS Unit v4,Safety,"Rodriguez, Figueroa and Sanchez",88.0,Safety Systems - Station 17,Safety Systems,functional,minor,rework,85.25,29.5
197,20240912,2024-09-12,2024,9,September,Dashboard Panel v5,Interior,Davis-Abbott,83.4,Interior Assembly - Station 11,Interior Assembly,assembly,minor,rework,127.71,22.9
198,20240912,2024-09-12,2024,9,September,Center Console,Interior,Rhodes PLC,80.3,Interior Assembly - Station 12,Interior Assembly,assembly,major,scrap,689.07,61.6
199,20240912,2024-09-12,2024,9,September,Brake Caliper v4,Chassis,Blair PLC,99.0,Chassis Assembly - Station 08,Chassis Assembly,assembly,minor,rework,162.58,21.7
200,20240912,2024-09-12,2024,9,September,Grille v2,Exterior,Arnold Ltd,99.0,Exterior Trim - Station 16,Exterior Trim,cosmetic,minor,rework,121.16,21.1
201,20240912,2024-09-12,2024,9,September,Battery Pack v2,Electrical,Wolfe LLC,91.2,Electrical Assembly - Station 13,Electrical Assembly,electrical,minor,rework,91.79,13.9
202,20240912,2024-09-12,2024,9,September,Rear Bumper v5,Exterior,Wolfe LLC,91.2,Exterior Trim - Station 16,Exterior Trim,cosmetic,minor,rework,118.34,15.9
203,20240912,2024-09-12,2024,9,September,,,,,Welding - Station 03,Welding,dimensional,minor,rework,9.97,26.4
204,20240912,2024-09-12,2024,9,September,,,,,Welding - Station 01,Welding,dimensional,major,scrap,11.59,30.6
205,20240913,2024-09-13,2024,9,September,Battery Pack v2,Electrical,Wolfe LLC,91.2,Electrical Assembly - Station 14,Electrical Assembly,electrical,minor,rework,95.46,23.6
206,20240913,2024-09-13,2024,9,September,Headliner v2,Interior,Rhodes PLC,80.3,Interior Assembly - Station 11,Interior Assembly,assembly,minor,rework,144.25,18.3
207,20240913,2024-09-13,2024,9,September,Battery Pack v2,Electrical,Wolfe LLC,91.2,Electrical Assembly - Station 14,Electrical Assembly,electrical,major,rework,113.92,72.4
208,20240913,2024-09-13,2024,9,September,Headliner v2,Interior,Rhodes PLC,80.3,Interior Assembly - Station 10,Interior Assembly,assembly,major,rework,163.05,68.0
209,20240913,2024-09-13,2024,9,September,Grille v2,Exterior,Arnold Ltd,99.0,Exterior Trim - Station 16,Exterior Trim,cosmetic,minor,rework,120.08,18.3
210,20240913,2024-09-13,2024,9,September,,,,,Welding - Station 01,Welding,dimensional,major,rework,28.1,74.3
211,20240913,2024-09-13,2024,9,September,Battery Pack v2,Electrical,Wolfe LLC,91.2,Electrical Assembly - Station 13,Electrical Assembly,electrical,minor,rework,91.45,13.0
212,20240913,2024-09-13,2024,9,September,,,,,Quality Check - Station 20,Quality Check,dimensional,minor,rework,9.12,24.1
213,20240913,2024-09-13,2024,9,September,Battery Pack v2,Electrical,Wolfe LLC,91.2,Electrical Assembly - Station 14,Electrical Assembly,electrical,minor,rework,97.72,29.5
214,20240913,2024-09-13,2024,9,September,Battery Pack v2,Electrical,Wolfe LLC,91.2,Electrical Assembly - Station 13,Electrical Assembly,electrical,minor,rework,91.98,14.4
215,20240913,2024-09-13,2024,9,September,ABS Unit v4,Safety,"Rodriguez, Figueroa and Sanchez",88.0,Safety Systems - Station 17,Safety Systems,functional,minor,rework,78.82,12.5
216,20240913,2024-09-13,2024,9,September,Electric Motor v6,Powertrain,Wyatt Inc,85.8,Powertrain Assembly - Station 06,Powertrain Assembly,functional,minor,rework,670.01,27.6
217,20240913,2024-09-13,2024,9,September,Rear Bumper v5,Exterior,Wolfe LLC,91.2,Exterior Trim - Station 15,Exterior Trim,cosmetic,minor,rework,117.04,12.5
218,20240914,2024-09-14,2024,9,September,Brake Caliper v4,Chassis,Blair PLC,99.0,Chassis Assembly - Station 08,Chassis Assembly,assembly,minor,rework,159.93,14.7
219,20240914,2024-09-14,2024,9,September,,,,,Painting - Station 05,Painting,cosmetic,critical,rework,39.78,105.1
220,20240915,2024-09-15,2024,9,September,ABS Unit v4,Safety,"Rodriguez, Figueroa and Sanchez",88.0,Safety Systems - Station 17,Safety Systems,functional,minor,rework,80.97,18.2
221,20240915,2024-09-15,2024,9,September,ECU Module v7,Electrical,"Rodriguez, Figueroa and Sanchez",88.0,Electrical Assembly - Station 13,Electrical Assembly,electrical,major,rework,57.78,41.9
222,20240915,2024-09-15,2024,9,September,Grille v2,Exterior,Arnold Ltd,99.0,Exterior Trim - Station 16,Exterior Trim,cosmetic,minor,rework,123.6,27.6
223,20240916,2024-09-16,2024,9,September,Center Console,Interior,Rhodes PLC,80.3,Interior Assembly - Station 11,Interior Assembly,assembly,minor,rework,173.72,19.3
224,20240916,2024-09-16,2024,9,September,Electric Motor v6,Powertrain,Wyatt Inc,85.8,Powertrain Assembly - Station 06,Powertrain Assembly,functional,minor,rework,668.65,24.0
225,20240916,2024-09-16,2024,9,September,Headliner v2,Interior,Rhodes PLC,80.3,Interior Assembly - Station 10,Interior Assembly,assembly,minor,rework,144.7,19.5
226,20240916,2024-09-16,2024,9,September,Rear Bumper v5,Exterior,Wolfe LLC,91.2,Exterior Trim - Station 15,Exterior Trim,cosmetic,minor,rework,116.6,11.3
227,20240916,2024-09-16,2024,9,September,Electric Motor v6,Powertrain,Wyatt Inc,85.8,Powertrain Assembly - Station 06,Powertrain Assembly,functional,major,scrap,2660.57,58.8
228,20240916,2024-09-16,2024,9,September,Electric Motor v6,Powertrain,Wyatt Inc,85.8,Powertrain Assembly - Station 06,Powertrain Assembly,functional,critical,rework,708.91,130.4
229,20240916,2024-09-16,2024,9,September,Backup Camera v6,Safety,Cole LLC,99.0,Safety Systems - Station 17,Safety Systems,functional,minor,rework,110.61,28.1
230,20240917,2024-09-17,2024,9,September,,,,,Welding - Station 01,Welding,dimensional,minor,rework,5.62,14.9
231,20240917,2024-09-17,2024,9,September,Electric Motor v6,Powertrain,Wyatt Inc,85.8,Powertrain Assembly - Station 06,Powertrain Assembly,functional,minor,rework,666.56,18.5
232,20240917,2024-09-17,2024,9,September,,,,,Painting - Station 05,Painting,cosmetic,minor,rework,7.21,19.1
233,20240917,2024-09-17,2024,9,September,Brake Caliper v4,Chassis,Blair PLC,99.0,Chassis Assembly - Station 09,Chassis Assembly,assembly,minor,rework,164.52,26.8
234,20240917,2024-09-17,2024,9,September,Brake Caliper v4,Chassis,Blair PLC,99.0,Chassis Assembly - Station 09,Chassis Assembly,assembly,minor,rework,160.44,16.1
235,20240917,2024-09-17,2024,9,September,,,,,Painting - Station 05,Painting,cosmetic,minor,rework,6.16,16.3
236,20240917,2024-09-17,2024,9,September,Headliner v2,Interior,Rhodes PLC,80.3,Interior Assembly - Station 12,Interior Assembly,assembly,minor,rework,146.14,23.3
237,20240917,2024-09-17,2024,9,September,,,,,Painting - Station 04,Painting,cosmetic,critical,scrap,49.03,129.6
238,20240917,2024-09-17,2024,9,September,Drive Shaft v4,Powertrain,"Rodriguez, Figueroa and Sanchez",88.0,Powertrain Assembly - Station 06,Powertrain Assembly,functional,minor,rework,542.75,23.1
239,20240917,2024-09-17,2024,9,September,Electric Motor v6,Powertrain,Wyatt Inc,85.8,Powertrain Assembly - Station 06,Powertrain Assembly,functional,minor,accepted_with_deviation,1.6,21.1
240,20240918,2024-09-18,2024,9,September,Battery Pack v2,Electrical,Wolfe LLC,91.2,Electrical Assembly - Station 13,Electrical Assembly,electrical,major,rework,113.61,71.5
241,20240918,2024-09-18,2024,9,September,,,,,Welding - Station 02,Welding,dimensional,minor,rework,10.56,27.9
242,20240918,2024-09-18,2024,9,September,Rear Bumper v5,Exterior,Wolfe LLC,91.2,Exterior Trim - Station 15,Exterior Trim,cosmetic,critical,rework,166.19,142.4
243,20240918,2024-09-18,2024,9,September,,,,,Painting - Station 05,Painting,cosmetic,minor,rework,7.61,20.1
244,20240918,2024-09-18,2024,9,September,Electric Motor v6,Powertrain,Wyatt Inc,85.8,Powertrain Assembly - Station 06,Powertrain Assembly,functional,minor,rework,665.72,16.2
245,20240918,2024-09-18,2024,9,September,Electric Motor v6,Powertrain,Wyatt Inc,85.8,Powertrain Assembly - Station 07,Powertrain Assembly,functional,major,rework,682.79,61.4
246,20240918,2024-09-18,2024,9,September,Brake Caliper v4,Chassis,Blair PLC,99.0,Chassis Assembly - Station 08,Chassis Assembly,assembly,minor,rework,160.11,15.2
247,20240919,2024-09-19,2024,9,September,ABS Unit v4,Safety,"Rodriguez, Figueroa and Sanchez",88.0,Safety Systems - Station 17,Safety Systems,functional,critical,rework,114.45,106.7
248,20240919,2024-09-19,2024,9,September,,,,,Welding - Station 03,Welding,dimensional,minor,rework,10.37,27.4
249,20240919,2024-09-19,2024,9,September,ECU Module v7,Electrical,"Rodriguez, Figueroa and Sanchez",88.0,Electrical Assembly - Station 14,Electrical Assembly,electrical,major,rework,53.86,31.6
250,20240919,2024-09-19,2024,9,September,Brake Caliper v4,Chassis,Blair PLC,99.0,Chassis Assembly - Station 08,Chassis Assembly,assembly,minor,rework,159.18,12.7
251,20240919,2024-09-19,2024,9,September,,,,,Painting - Station 04,Painting,cosmetic,major,rework,23.96,63.3
252,20240919,2024-09-19,2024,9,September,,,,,Painting - Station 04,Painting,cosmetic,minor,rework,10.51,27.8
253,20240919,2024-09-19,2024,9,September,Backup Camera v6,Safety,Cole LLC,99.0,Safety Systems - Station 17,Safety Systems,functional,major,rework,127.88,73.8
254,20240919,2024-09-19,2024,9,September,Battery Pack v2,Electrical,Wolfe LLC,91.2,Electrical Assembly - Station 14,Electrical Assembly,electrical,major,rework,114.77,74.6
255,20240919,2024-09-19,2024,9,September,Shock Absorber v3,Chassis,Wyatt Inc,85.8,Chassis Assembly - Station 09,Chassis Assembly,assembly,minor,rework,156.07,12.5
256,20240920,2024-09-20,2024,9,September,Center Console,Interior,Rhodes PLC,80.3,Interior Assembly - Station 10,Interior Assembly,assembly,critical,rework,220.26,142.2
257,20240920,2024-09-20,2024,9,September,Drive Shaft v4,Powertrain,"Rodriguez, Figueroa and Sanchez",88.0,Powertrain Assembly - Station 07,Powertrain Assembly,functional,minor,rework,539.98,15.7
258,20240920,2024-09-20,2024,9,September,ABS Unit v4,Safety,"Rodriguez, Figueroa and Sanchez",88.0,Safety Systems - Station 17,Safety Systems,functional,major,rework,98.23,63.8
259,20240920,2024-09-20,2024,9,September,Shock Absorber v3,Chassis,Wyatt Inc,85.8,Chassis Assembly - Station 09,Chassis Assembly,assembly,critical,scrap,652.44,124.6
260,20240920,2024-09-20,2024,9,September,ABS Unit v4,Safety,"Rodriguez, Figueroa and Sanchez",88.0,Safety Systems - Station 17,Safety Systems,functional,minor,rework,85.24,29.5
261,20240920,2024-09-20,2024,9,September,Shock Absorber v3,Chassis,Wyatt Inc,85.8,Chassis Assembly - Station 08,Chassis Assembly,assembly,major,rework,173.24,57.9
262,20240920,2024-09-20,2024,9,September,,,,,Welding - Station 03,Welding,dimensional,minor,accepted_with_deviation,1.36,18.0
263,20240920,2024-09-20,2024,9,September,Shock Absorber v3,Chassis,Wyatt Inc,85.8,Chassis Assembly - Station 09,Chassis Assembly,assembly,major,rework,164.65,35.2
264,20240920,2024-09-20,2024,9,September,Headliner v2,Interior,Rhodes PLC,80.3,Interior Assembly - Station 10,Interior Assembly,assembly,critical,rework,168.9,83.4
265,20240920,2024-09-20,2024,9,September,Backup Camera v6,Safety,Cole LLC,99.0,Safety Systems - Station 17,Safety Systems,functional,critical,scrap,429.16,77.4
266,20240920,2024-09-20,2024,9,September,,,,,Quality Check - Station 20,Quality Check,dimensional,minor,rework,3.82,10.1
267,20240920,2024-09-20,2024,9,September,,,,,Final Assembly - Station 18,Final Assembly,assembly,minor,rework,4.92,13.0
268,20240921,2024-09-21,2024,9,September,,,,,Painting - Station 05,Painting,cosmetic,major,rework,26.33,69.6
269,20240921,2024-09-21,2024,9,September,Headliner v2,Interior,Rhodes PLC,80.3,Interior Assembly - Station 10,Interior Assembly,assembly,minor,rework,143.85,17.2
270,20240922,2024-09-22,2024,9,September,ECU Module v7,Electrical,"Rodriguez, Figueroa and Sanchez",88.0,Electrical Assembly - Station 13,Electrical Assembly,electrical,minor,rework,47.6,15.0
271,20240922,2024-09-22,2024,9,September,,,,,Final Assembly - Station 18,Final Assembly,assembly,major,rework,12.96,34.3
272,20240922,2024-09-22,2024,9,September,,,,,Welding - Station 03,Welding,dimensional,minor,rework,9.37,24.8
273,20240923,2024-09-23,2024,9,September,Grille v2,Exterior,Arnold Ltd,99.0,Exterior Trim - Station 16,Exterior Trim,cosmetic,minor,accepted_with_deviation,1.9,25.1
274,20240923,2024-09-23,2024,9,September,Grille v2,Exterior,Arnold Ltd,99.0,Exterior Trim - Station 15,Exterior Trim,cosmetic,minor,rework,119.4,16.5
275,20240924,2024-09-24,2024,9,September,,,,,Welding - Station 01,Welding,dimensional,minor,rework,4.68,12.4
276,20240924,2024-09-24,2024,9,September,Backup Camera v6,Safety,Cole LLC,99.0,Safety Systems - Station 17,Safety Systems,functional,minor,rework,105.78,15.4
277,20240924,2024-09-24,2024,9,September,,,,,Final Assembly - Station 18,Final Assembly,assembly,minor,rework,5.84,15.4
278,20240925,2024-09-25,2024,9,September,Battery Pack v2,Electrical,Wolfe LLC,91.2,Electrical Assembly - Station 14,Electrical Assembly,electrical,minor,rework,91.72,13.7
279,20240925,2024-09-25,2024,9,September,Shock Absorber v3,Chassis,Wyatt Inc,85.8,Chassis Assembly - Station 08,Chassis Assembly,assembly,major,rework,163.62,32.5
280,20240925,2024-09-25,2024,9,September,Dashboard Panel v5,Interior,Davis-Abbott,83.4,Interior Assembly - Station 12,Interior Assembly,assembly,critical,rework,166.13,124.4
281,20240925,2024-09-25,2024,9,September,,,,,Painting - Station 04,Painting,cosmetic,minor,rework,9.39,24.8
282,20240925,2024-09-25,2024,9,September,Brake Caliper v4,Chassis,Blair PLC,99.0,Chassis Assembly - Station 09,Chassis Assembly,assembly,minor,accepted_with_deviation,1.96,25.9
283,20240925,2024-09-25,2024,9,September,Center Console,Interior,Rhodes PLC,80.3,Interior Assembly - Station 12,Interior Assembly,assembly,minor,rework,174.39,21.0
284,20240926,2024-09-26,2024,9,September,Shock Absorber v3,Chassis,Wyatt Inc,85.8,Chassis Assembly - Station 08,Chassis Assembly,assembly,critical,rework,204.74,141.2
285,20240926,2024-09-26,2024,9,September,Headliner v2,Interior,Rhodes PLC,80.3,Interior Assembly - Station 12,Interior Assembly,assembly,major,rework,150.85,35.7
286,20240926,2024-09-26,2024,9,September,Shock Absorber v3,Chassis,Wyatt Inc,85.8,Chassis Assembly - Station 08,Chassis Assembly,assembly,major,rework,163.41,31.9
287,20240926,2024-09-26,2024,9,September,Headliner v2,Interior,Rhodes PLC,80.3,Interior Assembly - Station 11,Interior Assembly,assembly,minor,accepted_with_deviation,1.5,19.9
288,20240926,2024-09-26,2024,9,September,,,,,Welding - Station 03,Welding,dimensional,major,rework,14.91,39.4
289,20240926,2024-09-26,2024,9,September,,,,,Painting - Station 04,Painting,cosmetic,major,rework,19.68,52.0
290,20240926,2024-09-26,2024,9,September,Electric Motor v6,Powertrain,Wyatt Inc,85.8,Powertrain Assembly - Station 07,Powertrain Assembly,functional,critical,rework,685.9,69.6
291,20240926,2024-09-26,2024,9,September,Rear Bumper v5,Exterior,Wolfe LLC,91.2,Exterior Trim - Station 16,Exterior Trim,cosmetic,major,rework,133.53,56.1
292,20240927,2024-09-27,2024,9,September,Grille v2,Exterior,Arnold Ltd,99.0,Exterior Trim - Station 16,Exterior Trim,cosmetic,major,rework,130.28,45.2
293,20240927,2024-09-27,2024,9,September,Brake Caliper v4,Chassis,Blair PLC,99.0,Chassis Assembly - Station 08,Chassis Assembly,assembly,minor,rework,165.21,28.6
294,20240927,2024-09-27,2024,9,September,Rear Bumper v5,Exterior,Wolfe LLC,91.2,Exterior Trim - Station 15,Exterior Trim,cosmetic,minor,rework,118.26,15.7
295,20240927,2024-09-27,2024,9,September,,,,,Welding - Station 03,Welding,dimensional,minor,rework,5.07,13.4
296,20240927,2024-09-27,2024,9,September,,,,,Welding - Station 01,Welding,dimensional,minor,rework,9.53,25.2
297,20240927,2024-09-27,2024,9,September,Headliner v2,Interior,Rhodes PLC,80.3,Interior Assembly - Station 11,Interior Assembly,assembly,minor,rework,148.34,29.1
298,20240927,2024-09-27,2024,9,September,Electric Motor v6,Powertrain,Wyatt Inc,85.8,Powertrain Assembly - Station 07,Powertrain Assembly,functional,minor,rework,663.64,10.7
299,20240927,2024-09-27,2024,9,September,Battery Pack v2,Electrical,Wolfe LLC,91.2,Electrical Assembly - Station 13,Electrical Assembly,electrical,minor,rework,97.17,28.1
300,20240927,2024-09-27,2024,9,September,Electric Motor v6,Powertrain,Wyatt Inc,85.8,Powertrain Assembly - Station 06,Powertrain Assembly,functional,major,rework,671.94,32.7
301,20240928,2024-09-28,2024,9,September,Electric Motor v6,Powertrain,Wyatt Inc,85.8,Powertrain Assembly - Station 06,Powertrain Assembly,functional,minor,rework,664.06,11.9
302,20240928,2024-09-28,2024,9,September,Grille v2,Exterior,Arnold Ltd,99.0,Exterior Trim - Station 15,Exterior Trim,cosmetic,minor,accepted_with_deviation,2.07,27.4
303,20240929,2024-09-29,2024,9,September,Brake Caliper v4,Chassis,Blair PLC,99.0,Chassis Assembly - Station 09,Chassis Assembly,assembly,critical,rework,197.8,114.8
304,20240929,2024-09-29,2024,9,September,Grille v2,Exterior,Arnold Ltd,99.0,Exterior Trim - Station 16,Exterior Trim,cosmetic,minor,rework,121.22,21.3
305,20240930,2024-09-30,2024,9,September,,,,,Welding - Station 03,Welding,dimensional,minor,accepted_with_deviation,1.59,21.0
306,20240930,2024-09-30,2024,9,September,,,,,Painting - Station 04,Painting,cosmetic,minor,rework,7.48,19.8
307,20240930,2024-09-30,2024,9,September,Grille v2,Exterior,Arnold Ltd,99.0,Exterior Trim - Station 16,Exterior Trim,cosmetic,minor,rework,118.91,15.2
308,20240930,2024-09-30,2024,9,September,,,,,Painting - Station 05,Painting,cosmetic,minor,rework,5.61,14.8
309,20240930,2024-09-30,2024,9,September,Headliner v2,Interior,Rhodes PLC,80.3,Interior Assembly - Station 11,Interior Assembly,assembly,critical,rework,173.44,95.4
310,20240930,2024-09-30,2024,9,September,,,,,Painting - Station 04,Painting,cosmetic,minor,rework,8.2,21.7
311,20240930,2024-09-30,2024,9,September,,,,,Final Assembly - Station 18,Final Assembly,assembly,minor,rework,5.85,15.5
312,20240930,2024-09-30,2024,9,September,Electric Motor v6,Powertrain,Wyatt Inc,85.8,Powertrain Assembly - Station 07,Powertrain Assembly,functional,major,rework,671.93,32.6
313,20240930,2024-09-30,2024,9,September,Headliner v2,Interior,Rhodes PLC,80.3,Interior Assembly - Station 11,Interior Assembly,assembly,minor,accepted_with_deviation,1.29,17.1
314,20240930,2024-09-30,2024,9,September,,,,,Final Assembly - Station 18,Final Assembly,assembly,major,accepted_with_deviation,3.39,44.8
315,20240930,2024-09-30,2024,9,September,Shock Absorber v3,Chassis,Wyatt Inc,85.8,Chassis Assembly - Station 08,Chassis Assembly,assembly,minor,rework,156.27,13.1
316,20241001,2024-10-01,2024,10,October,Dashboard Panel v5,Interior,Davis-Abbott,83.4,Interior Assembly - Station 10,Interior Assembly,assembly,major,rework,133.59,38.5
317,20241001,2024-10-01,2024,10,October,Dashboard Panel v5,Interior,Davis-Abbott,83.4,Interior Assembly - Station 12,Interior Assembly,assembly,minor,rework,123.55,11.9
318,20241001,2024-10-01,2024,10,October,ECU Module v7,Electrical,"Rodriguez, Figueroa and Sanchez",88.0,Electrical Assembly - Station 13,Electrical Assembly,electrical,minor,rework,48.3,16.9
319,20241001,2024-10-01,2024,10,October,Battery Pack v2,Electrical,Wolfe LLC,91.2,Electrical Assembly - Station 14,Electrical Assembly,electrical,major,rework,104.67,47.9
320,20241001,2024-10-01,2024,10,October,,,,,Welding - Station 01,Welding,dimensional,critical,rework,54.88,145.0
321,20241001,2024-10-01,2024,10,October,Headliner v2,Interior,Rhodes PLC,80.3,Interior Assembly - Station 12,Interior Assembly,assembly,critical,rework,160.82,62.1
322,20241001,2024-10-01,2024,10,October,,,,,Painting - Station 04,Painting,cosmetic,major,rework,14.9,39.4
323,20241001,2024-10-01,2024,10,October,,,,,Welding - Station 02,Welding,dimensional,minor,rework,10.47,27.7
324,20241002,2024-10-02,2024,10,October,Headliner v2,Interior,Rhodes PLC,80.3,Interior Assembly - Station 12,Interior Assembly,assembly,minor,rework,148.59,29.8
325,20241002,2024-10-02,2024,10,October,Grille v2,Exterior,Arnold Ltd,99.0,Exterior Trim - Station 16,Exterior Trim,cosmetic,major,rework,126.08,34.1
326,20241002,2024-10-02,2024,10,October,Brake Caliper v4,Chassis,Blair PLC,99.0,Chassis Assembly - Station 09,Chassis Assembly,assembly,minor,rework,160.86,17.2
327,20241002,2024-10-02,2024,10,October,Rear Bumper v5,Exterior,Wolfe LLC,91.2,Exterior Trim - Station 15,Exterior Trim,cosmetic,minor,rework,120.19,20.8
328,20241002,2024-10-02,2024,10,October,Battery Pack v2,Electrical,Wolfe LLC,91.2,Electrical Assembly - Station 13,Electrical Assembly,electrical,minor,rework,94.89,22.1
329,20241002,2024-10-02,2024,10,October,Electric Motor v6,Powertrain,Wyatt Inc,85.8,Powertrain Assembly - Station 06,Powertrain Assembly,functional,minor,rework,663.74,11.0
330,20241002,2024-10-02,2024,10,October,,,,,Painting - Station 05,Painting,cosmetic,critical,scrap,35.31,93.3
331,20241002,2024-10-02,2024,10,October,,,,,Welding - Station 02,Welding,dimensional,minor,rework,8.43,22.3
332,20241002,2024-10-02,2024,10,October,Battery Pack v2,Electrical,Wolfe LLC,91.2,Electrical Assembly - Station 14,Electrical Assembly,electrical,minor,rework,93.7,18.9
333,20241002,2024-10-02,2024,10,October,Center Console,Interior,Rhodes PLC,80.3,Interior Assembly - Station 10,Interior Assembly,assembly,minor,rework,173.34,18.3
334,20241003,2024-10-03,2024,10,October,,,,,Final Assembly - Station 18,Final Assembly,assembly,major,rework,24.52,64.8
335,20241003,2024-10-03,2024,10,October,Electric Motor v6,Powertrain,Wyatt Inc,85.8,Powertrain Assembly - Station 06,Powertrain Assembly,functional,major,rework,675.81,42.9
336,20241003,2024-10-03,2024,10,October,Headliner v2,Interior,Rhodes PLC,80.3,Interior Assembly - Station 10,Interior Assembly,assembly,critical,scrap,593.35,116.3
337,20241003,2024-10-03,2024,10,October,,,,,Painting - Station 05,Painting,cosmetic,major,rework,25.38,67.1
338,20241004,2024-10-04,2024,10,October,Electric Motor v6,Powertrain,Wyatt Inc,85.8,Powertrain Assembly - Station 06,Powertrain Assembly,functional,minor,rework,664.49,13.0
339,20241004,2024-10-04,2024,10,October,Shock Absorber v3,Chassis,Wyatt Inc,85.8,Chassis Assembly - Station 08,Chassis Assembly,assembly,minor,rework,158.37,18.6
340,20241004,2024-10-04,2024,10,October,,,,,Painting - Station 04,Painting,cosmetic,minor,rework,10.27,27.2
341,20241004,2024-10-04,2024,10,October,Battery Pack v2,Electrical,Wolfe LLC,91.2,Electrical Assembly - Station 13,Electrical Assembly,electrical,major,rework,114.24,73.2
342,20241004,2024-10-04,2024,10,October,Backup Camera v6,Safety,Cole LLC,99.0,Safety Systems - Station 17,Safety Systems,functional,major,rework,125.47,67.4
343,20241004,2024-10-04,2024,10,October,Headliner v2,Interior,Rhodes PLC,80.3,Interior Assembly - Station 12,Interior Assembly,assembly,minor,rework,142.76,14.3
344,20241004,2024-10-04,2024,10,October,ECU Module v7,Electrical,"Rodriguez, Figueroa and Sanchez",88.0,Electrical Assembly - Station 13,Electrical Assembly,electrical,major,rework,58.21,43.1
345,20241004,2024-10-04,2024,10,October,Headliner v2,Interior,Rhodes PLC,80.3,Interior Assembly - Station 12,Interior Assembly,assembly,minor,rework,143.33,15.8
346,20241004,2024-10-04,2024,10,October,Drive Shaft v4,Powertrain,"Rodriguez, Figueroa and Sanchez",88.0,Powertrain Assembly - Station 07,Powertrain Assembly,functional,minor,rework,543.18,24.2
347,20241004,2024-10-04,2024,10,October,Headliner v2,Interior,Rhodes PLC,80.3,Interior Assembly - Station 12,Interior Assembly,assembly,minor,rework,147.1,25.8
348,20241004,2024-10-04,2024,10,October,Electric Motor v6,Powertrain,Wyatt Inc,85.8,Powertrain Assembly - Station 07,Powertrain Assembly,functional,major,rework,672.72,34.7
349,20241004,2024-10-04,2024,10,October,Brake Caliper v4,Chassis,Blair PLC,99.0,Chassis Assembly - Station 08,Chassis Assembly,assembly,minor,accepted_with_deviation,1.11,14.6
350,20241005,2024-10-05,2024,10,October,Electric Motor v6,Powertrain,Wyatt Inc,85.8,Powertrain Assembly - Station 07,Powertrain Assembly,functional,major,scrap,2653.07,39.0
351,20241005,2024-10-05,2024,10,October,Shock Absorber v3,Chassis,Wyatt Inc,85.8,Chassis Assembly - Station 08,Chassis Assembly,assembly,major,rework,163.79,33.0
352,20241006,2024-10-06,2024,10,October,,,,,Painting - Station 05,Painting,cosmetic,minor,rework,8.69,23.0
353,20241007,2024-10-07,2024,10,October,,,,,Painting - Station 05,Painting,cosmetic,minor,rework,9.96,26.3
354,20241007,2024-10-07,2024,10,October,Battery Pack v2,Electrical,Wolfe LLC,91.2,Electrical Assembly - Station 13,Electrical Assembly,electrical,minor,rework,96.11,25.3
355,20241007,2024-10-07,2024,10,October,Grille v2,Exterior,Arnold Ltd,99.0,Exterior Trim - Station 16,Exterior Trim,cosmetic,minor,rework,117.79,12.2
356,20241007,2024-10-07,2024,10,October,Wiring Harness v6,Electrical,Bernard LLC,84.8,Electrical Assembly - Station 13,Electrical Assembly,electrical,minor,rework,81.02,11.8
357,20241007,2024-10-07,2024,10,October,Rear Bumper v5,Exterior,Wolfe LLC,91.2,Exterior Trim - Station 15,Exterior Trim,cosmetic,minor,rework,122.75,27.6
358,20241007,2024-10-07,2024,10,October,Brake Caliper v4,Chassis,Blair PLC,99.0,Chassis Assembly - Station 08,Chassis Assembly,assembly,minor,rework,164.21,26.0
359,20241007,2024-10-07,2024,10,October,,,,,Welding - Station 02,Welding,dimensional,minor,rework,9.44,24.9
360,20241007,2024-10-07,2024,10,October,,,,,Painting - Station 04,Painting,cosmetic,minor,accepted_with_deviation,0.87,11.5
361,20241007,2024-10-07,2024,10,October,Shock Absorber v3,Chassis,Wyatt Inc,85.8,Chassis Assembly - Station 09,Chassis Assembly,assembly,major,rework,177.75,69.9
362,20241008,2024-10-08,2024,10,October,Center Console,Interior,Rhodes PLC,80.3,Interior Assembly - Station 10,Interior Assembly,assembly,major,accepted_with_deviation,4.06,53.7
363,20241008,2024-10-08,2024,10,October,Battery Pack v2,Electrical,Wolfe LLC,91.2,Electrical Assembly - Station 13,Electrical Assembly,electrical,minor,rework,96.31,25.8
364,20241008,2024-10-08,2024,10,October,Drive Shaft v4,Powertrain,"Rodriguez, Figueroa and Sanchez",88.0,Powertrain Assembly - Station 07,Powertrain Assembly,functional,major,rework,559.45,67.2
365,20241008,2024-10-08,2024,10,October,,,,,Welding - Station 01,Welding,dimensional,minor,rework,6.64,17.5
366,20241008,2024-10-08,2024,10,October,Grille v2,Exterior,Arnold Ltd,99.0,Exterior Trim - Station 16,Exterior Trim,cosmetic,minor,rework,118.57,14.3
367,20241008,2024-10-08,2024,10,October,Backup Camera v6,Safety,Cole LLC,99.0,Safety Systems - Station 17,Safety Systems,functional,critical,rework,142.74,113.0
368,20241008,2024-10-08,2024,10,October,Grille v2,Exterior,Arnold Ltd,99.0,Exterior Trim - Station 16,Exterior Trim,cosmetic,minor,rework,122.93,25.8
369,20241008,2024-10-08,2024,10,October,Headliner v2,Interior,Rhodes PLC,80.3,Interior Assembly - Station 11,Interior Assembly,assembly,minor,rework,145.42,21.4
370,20241008,2024-10-08,2024,10,October,Brake Caliper v4,Chassis,Blair PLC,99.0,Chassis Assembly - Station 08,Chassis Assembly,assembly,minor,rework,159.03,12.3
371,20241008,2024-10-08,2024,10,October,Grille v2,Exterior,Arnold Ltd,99.0,Exterior Trim - Station 15,Exterior Trim,cosmetic,major,rework,128.34,40.1
372,20241008,2024-10-08,2024,10,October,Battery Pack v2,Electrical,Wolfe LLC,91.2,Electrical Assembly - Station 13,Electrical Assembly,electrical,minor,rework,95.17,22.8
373,20241009,2024-10-09,2024,10,October,,,,,Welding - Station 02,Welding,dimensional,minor,rework,4.5,11.9
374,20241009,2024-10-09,2024,10,October,Brake Caliper v4,Chassis,Blair PLC,99.0,Chassis Assembly - Station 08,Chassis Assembly,assembly,minor,rework,162.5,21.5
375,20241009,2024-10-09,2024,10,October,Dashboard Panel v5,Interior,Davis-Abbott,83.4,Interior Assembly - Station 10,Interior Assembly,assembly,major,rework,132.41,35.3
376,20241009,2024-10-09,2024,10,October,Rear Bumper v5,Exterior,Wolfe LLC,91.2,Exterior Trim - Station 15,Exterior Trim,cosmetic,critical,scrap,478.1,76.2
377,20241009,2024-10-09,2024,10,October,,,,,Painting - Station 04,Painting,cosmetic,minor,rework,10.57,27.9
378,20241009,2024-10-09,2024,10,October,Electric Motor v6,Powertrain,Wyatt Inc,85.8,Powertrain Assembly - Station 06,Powertrain Assembly,functional,minor,rework,669.54,26.3
379,20241009,2024-10-09,2024,10,October,Dashboard Panel v5,Interior,Davis-Abbott,83.4,Interior Assembly - Station 12,Interior Assembly,assembly,major,rework,147.37,74.9
380,20241009,2024-10-09,2024,10,October,Grille v2,Exterior,Arnold Ltd,99.0,Exterior Trim - Station 15,Exterior Trim,cosmetic,critical,scrap,505.04,138.4
381,20241009,2024-10-09,2024,10,October,Grille v2,Exterior,Arnold Ltd,99.0,Exterior Trim - Station 16,Exterior Trim,cosmetic,major,rework,130.56,46.0
382,20241009,2024-10-09,2024,10,October,Shock Absorber v3,Chassis,Wyatt Inc,85.8,Chassis Assembly - Station 09,Chassis Assembly,assembly,minor,rework,162.29,29.0
383,20241009,2024-10-09,2024,10,October,Backup Camera v6,Safety,Cole LLC,99.0,Safety Systems - Station 17,Safety Systems,functional,major,rework,114.6,38.7
384,20241009,2024-10-09,2024,10,October,Headliner v2,Interior,Rhodes PLC,80.3,Interior Assembly - Station 10,Interior Assembly,assembly,minor,rework,148.33,29.1
385,20241009,2024-10-09,2024,10,October,Shock Absorber v3,Chassis,Wyatt Inc,85.8,Chassis Assembly - Station 09,Chassis Assembly,assembly,minor,rework,162.57,29.7
386,20241010,2024-10-10,2024,10,October,Electric Motor v6,Powertrain,Wyatt Inc,85.8,Powertrain Assembly - Station 07,Powertrain Assembly,functional,minor,rework,668.75,24.2
387,20241010,2024-10-10,2024,10,October,Battery Pack v2,Electrical,Wolfe LLC,91.2,Electrical Assembly - Station 13,Electrical Assembly,electrical,major,rework,114.28,73.3
388,20241010,2024-10-10,2024,10,October,Dashboard Panel v5,Interior,Davis-Abbott,83.4,Interior Assembly - Station 12,Interior Assembly,assembly,major,rework,144.74,67.9
389,20241010,2024-10-10,2024,10,October,Shock Absorber v3,Chassis,Wyatt Inc,85.8,Chassis Assembly - Station 09,Chassis Assembly,assembly,major,rework,174.92,62.4
390,20241010,2024-10-10,2024,10,October,Battery Pack v2,Electrical,Wolfe LLC,91.2,Electrical Assembly - Station 13,Electrical Assembly,electrical,minor,rework,97.52,29.0
391,20241010,2024-10-10,2024,10,October,Electric Motor v6,Powertrain,Wyatt Inc,85.8,Powertrain Assembly - Station 06,Powertrain Assembly,functional,minor,accepted_with_deviation,1.16,15.3
392,20241010,2024-10-10,2024,10,October,Battery Pack v2,Electrical,Wolfe LLC,91.2,Electrical Assembly - Station 14,Electrical Assembly,electrical,major,accepted_with_deviation,3.77,49.8
393,20241010,2024-10-10,2024,10,October,Center Console,Interior,Rhodes PLC,80.3,Interior Assembly - Station 11,Interior Assembly,assembly,minor,rework,173.63,19.0
394,20241010,2024-10-10,2024,10,October,,,,,Welding - Station 01,Welding,dimensional,minor,rework,9.99,26.4
395,20241010,2024-10-10,2024,10,October,,,,,Painting - Station 04,Painting,cosmetic,major,rework,14.17,37.5
396,20241010,2024-10-10,2024,10,October,Electric Motor v6,Powertrain,Wyatt Inc,85.8,Powertrain Assembly - Station 06,Powertrain Assembly,functional,critical,rework,699.47,105.4
397,20241010,2024-10-10,2024,10,October,Battery Pack v2,Electrical,Wolfe LLC,91.2,Electrical Assembly - Station 14,Electrical Assembly,electrical,major,rework,108.22,57.3
398,20241010,2024-10-10,2024,10,October,Headliner v2,Interior,Rhodes PLC,80.3,Interior Assembly - Station 10,Interior Assembly,assembly,minor,rework,142.83,14.5
399,20241010,2024-10-10,2024,10,October,Headliner v2,Interior,Rhodes PLC,80.3,Interior Assembly - Station 12,Interior Assembly,assembly,minor,rework,146.77,24.9
400,20241011,2024-10-11,2024,10,October,Headliner v2,Interior,Rhodes PLC,80.3,Interior Assembly - Station 10,Interior Assembly,assembly,minor,rework,144.76,19.6
401,20241011,2024-10-11,2024,10,October,Headliner v2,Interior,Rhodes PLC,80.3,Interior Assembly - Station 10,Interior Assembly,assembly,minor,rework,146.89,25.2
402,20241011,2024-10-11,2024,10,October,,,,,Painting - Station 04,Painting,cosmetic,minor,rework,11.24,29.7
403,20241011,2024-10-11,2024,10,October,ABS Unit v4,Safety,"Rodriguez, Figueroa and Sanchez",88.0,Safety Systems - Station 17,Safety Systems,functional,major,scrap,314.97,49.3
404,20241011,2024-10-11,2024,10,October,,,,,Welding - Station 01,Welding,dimensional,major,rework,25.74,68.0
405,20241011,2024-10-11,2024,10,October,Electric Motor v6,Powertrain,Wyatt Inc,85.8,Powertrain Assembly - Station 07,Powertrain Assembly,functional,minor,rework,666.29,17.7
406,20241011,2024-10-11,2024,10,October,,,,,Welding - Station 03,Welding,dimensional,minor,accepted_with_deviation,2.05,27.1
407,20241011,2024-10-11,2024,10,October,,,,,Painting - Station 05,Painting,cosmetic,critical,rework,44.89,118.6
408,20241011,2024-10-11,2024,10,October,Grille v2,Exterior,Arnold Ltd,99.0,Exterior Trim - Station 16,Exterior Trim,cosmetic,minor,rework,120.27,18.8
409,20241011,2024-10-11,2024,10,October,Crash Sensor v5,Safety,"Rodriguez, Figueroa and Sanchez",88.0,Safety Systems - Station 17,Safety Systems,functional,critical,scrap,386.05,117.8
410,20241012,2024-10-12,2024,10,October,Electric Motor v6,Powertrain,Wyatt Inc,85.8,Powertrain Assembly - Station 07,Powertrain Assembly,functional,minor,rework,666.28,17.7
411,20241012,2024-10-12,2024,10,October,Electric Motor v6,Powertrain,Wyatt Inc,85.8,Powertrain Assembly - Station 07,Powertrain Assembly,functional,critical,rework,715.81,148.6
412,20241012,2024-10-12,2024,10,October,Dashboard Panel v5,Interior,Davis-Abbott,83.4,Interior Assembly - Station 11,Interior Assembly,assembly,major,rework,145.23,69.2
413,20241012,2024-10-12,2024,10,October,,,,,Welding - Station 01,Welding,dimensional,minor,rework,7.74,20.5
414,20241012,2024-10-12,2024,10,October,Battery Pack v2,Electrical,Wolfe LLC,91.2,Electrical Assembly - Station 14,Electrical Assembly,electrical,minor,rework,96.15,25.4
415,20241013,2024-10-13,2024,10,October,Battery Pack v2,Electrical,Wolfe LLC,91.2,Electrical Assembly - Station 14,Electrical Assembly,electrical,minor,rework,93.38,18.1
416,20241014,2024-10-14,2024,10,October,Backup Camera v6,Safety,Cole LLC,99.0,Safety Systems - Station 17,Safety Systems,functional,minor,rework,106.43,17.1
417,20241014,2024-10-14,2024,10,October,,,,,Quality Check - Station 20,Quality Check,dimensional,minor,rework,9.83,26.0
418,20241014,2024-10-14,2024,10,October,Battery Pack v2,Electrical,Wolfe LLC,91.2,Electrical Assembly - Station 13,Electrical Assembly,electrical,major,rework,100.84,37.8
419,20241014,2024-10-14,2024,10,October,Shock Absorber v3,Chassis,Wyatt Inc,85.8,Chassis Assembly - Station 09,Chassis Assembly,assembly,major,accepted_with_deviation,4.81,63.6
420,20241014,2024-10-14,2024,10,October,Brake Caliper v4,Chassis,Blair PLC,99.0,Chassis Assembly - Station 08,Chassis Assembly,assembly,minor,rework,163.24,23.5
421,20241014,2024-10-14,2024,10,October,Electric Motor v6,Powertrain,Wyatt Inc,85.8,Powertrain Assembly - Station 06,Powertrain Assembly,functional,critical,rework,690.34,81.3
422,20241014,2024-10-14,2024,10,October,Rear Bumper v5,Exterior,Wolfe LLC,91.2,Exterior Trim - Station 16,Exterior Trim,cosmetic,minor,accepted_with_deviation,0.98,13.0
423,20241014,2024-10-14,2024,10,October,ABS Unit v4,Safety,"Rodriguez, Figueroa and Sanchez",88.0,Safety Systems - Station 17,Safety Systems,functional,major,rework,88.47,38.0
424,20241014,2024-10-14,2024,10,October,Dashboard Panel v5,Interior,Davis-Abbott,83.4,Interior Assembly - Station 10,Interior Assembly,assembly,major,rework,139.17,53.2
425,20241015,2024-10-15,2024,10,October,,,,,Painting - Station 05,Painting,cosmetic,minor,rework,4.21,11.1
426,20241015,2024-10-15,2024,10,October,,,,,Painting - Station 05,Painting,cosmetic,minor,rework,7.28,19.2
427,20241015,2024-10-15,2024,10,October,,,,,Painting - Station 05,Painting,cosmetic,major,rework,28.23,74.6
428,20241015,2024-10-15,2024,10,October,,,,,Welding - Station 03,Welding,dimensional,minor,rework,7.08,18.7
429,20241015,2024-10-15,2024,10,October,,,,,Welding - Station 02,Welding,dimensional,minor,rework,4.84,12.8
430,20241016,2024-10-16,2024,10,October,Headliner v2,Interior,Rhodes PLC,80.3,Interior Assembly - Station 12,Interior Assembly,assembly,minor,rework,143.89,17.3
431,20241016,2024-10-16,2024,10,October,Battery Pack v2,Electrical,Wolfe LLC,91.2,Electrical Assembly - Station 13,Electrical Assembly,electrical,minor,rework,91.3,12.6
432,20241016,2024-10-16,2024,10,October,Rear Bumper v5,Exterior,Wolfe LLC,91.2,Exterior Trim - Station 16,Exterior Trim,cosmetic,major,scrap,477.48,74.6
433,20241016,2024-10-16,2024,10,October,,,,,Painting - Station 04,Painting,cosmetic,minor,rework,7.13,18.9
434,20241016,2024-10-16,2024,10,October,Brake Caliper v4,Chassis,Blair PLC,99.0,Chassis Assembly - Station 09,Chassis Assembly,assembly,minor,accepted_with_deviation,1.71,22.6
435,20241016,2024-10-16,2024,10,October,Grille v2,Exterior,Arnold Ltd,99.0,Exterior Trim - Station 16,Exterior Trim,cosmetic,minor,rework,118.04,12.9
436,20241016,2024-10-16,2024,10,October,Crash Sensor v5,Safety,"Rodriguez, Figueroa and Sanchez",88.0,Safety Systems - Station 17,Safety Systems,functional,critical,accepted_with_deviation,11.09,146.5
437,20241016,2024-10-16,2024,10,October,,,,,Painting - Station 05,Painting,cosmetic,major,rework,19.93,52.7
438,20241016,2024-10-16,2024,10,October,Battery Pack v2,Electrical,Wolfe LLC,91.2,Electrical Assembly - Station 14,Electrical Assembly,electrical,minor,rework,91.4,12.8
439,20241016,2024-10-16,2024,10,October,Brake Caliper v4,Chassis,Blair PLC,99.0,Chassis Assembly - Station 09,Chassis Assembly,assembly,minor,rework,163.21,23.4
440,20241016,2024-10-16,2024,10,October,Crash Sensor v5,Safety,"Rodriguez, Figueroa and Sanchez",88.0,Safety Systems - Station 17,Safety Systems,functional,major,rework,108.69,61.6
441,20241016,2024-10-16,2024,10,October,,,,,Painting - Station 05,Painting,cosmetic,major,rework,18.47,48.8
442,20241016,2024-10-16,2024,10,October,Drive Shaft v4,Powertrain,"Rodriguez, Figueroa and Sanchez",88.0,Powertrain Assembly - Station 07,Powertrain Assembly,functional,minor,rework,542.84,23.3
443,20241017,2024-10-17,2024,10,October,Center Console,Interior,Rhodes PLC,80.3,Interior Assembly - Station 11,Interior Assembly,assembly,minor,rework,172.51,16.1
444,20241017,2024-10-17,2024,10,October,,,,,Welding - Station 02,Welding,dimensional,minor,rework,9.66,25.5
445,20241017,2024-10-17,2024,10,October,Battery Pack v2,Electrical,Wolfe LLC,91.2,Electrical Assembly - Station 13,Electrical Assembly,electrical,minor,rework,97.64,29.3
446,20241017,2024-10-17,2024,10,October,Drive Shaft v4,Powertrain,"Rodriguez, Figueroa and Sanchez",88.0,Powertrain Assembly - Station 07,Powertrain Assembly,functional,minor,accepted_with_deviation,1.88,24.9
447,20241017,2024-10-17,2024,10,October,ECU Module v7,Electrical,"Rodriguez, Figueroa and Sanchez",88.0,Electrical Assembly - Station 14,Electrical Assembly,electrical,critical,rework,70.87,76.5
448,20241017,2024-10-17,2024,10,October,,,,,Painting - Station 04,Painting,cosmetic,major,rework,16.09,42.5
449,20241017,2024-10-17,2024,10,October,Brake Caliper v4,Chassis,Blair PLC,99.0,Chassis Assembly - Station 09,Chassis Assembly,assembly,minor,rework,163.64,24.5
450,20241017,2024-10-17,2024,10,October,Rear Bumper v5,Exterior,Wolfe LLC,91.2,Exterior Trim - Station 16,Exterior Trim,cosmetic,major,rework,138.63,69.6
451,20241017,2024-10-17,2024,10,October,ECU Module v7,Electrical,"Rodriguez, Figueroa and Sanchez",88.0,Electrical Assembly - Station 13,Electrical Assembly,electrical,critical,rework,71.72,78.8
452,20241018,2024-10-18,2024,10,October,Headliner v2,Interior,Rhodes PLC,80.3,Interior Assembly - Station 12,Interior Assembly,assembly,minor,rework,144.39,18.6
453,20241018,2024-10-18,2024,10,October,Headliner v2,Interior,Rhodes PLC,80.3,Interior Assembly - Station 10,Interior Assembly,assembly,minor,rework,147.29,26.3
454,20241018,2024-10-18,2024,10,October,Center Console,Interior,Rhodes PLC,80.3,Interior Assembly - Station 12,Interior Assembly,assembly,minor,accepted_with_deviation,0.92,12.1
455,20241018,2024-10-18,2024,10,October,ECU Module v7,Electrical,"Rodriguez, Figueroa and Sanchez",88.0,Electrical Assembly - Station 14,Electrical Assembly,electrical,minor,rework,53.01,29.3
456,20241018,2024-10-18,2024,10,October,Drive Shaft v4,Powertrain,"Rodriguez, Figueroa and Sanchez",88.0,Powertrain Assembly - Station 06,Powertrain Assembly,functional,major,rework,557.15,61.1
457,20241018,2024-10-18,2024,10,October,Headliner v2,Interior,Rhodes PLC,80.3,Interior Assembly - Station 12,Interior Assembly,assembly,minor,rework,148.23,28.8
458,20241018,2024-10-18,2024,10,October,Door Trim v7,Interior,"Johnson, Gonzalez and Santos",85.8,Interior Assembly - Station 12,Interior Assembly,assembly,minor,rework,76.36,25.9
459,20241018,2024-10-18,2024,10,October,Shock Absorber v3,Chassis,Wyatt Inc,85.8,Chassis Assembly - Station 09,Chassis Assembly,assembly,critical,accepted_with_deviation,7.92,104.7
460,20241019,2024-10-19,2024,10,October,Electric Motor v6,Powertrain,Wyatt Inc,85.8,Powertrain Assembly - Station 06,Powertrain Assembly,functional,minor,rework,664.5,13.0
461,20241019,2024-10-19,2024,10,October,Headliner v2,Interior,Rhodes PLC,80.3,Interior Assembly - Station 12,Interior Assembly,assembly,minor,rework,144.5,18.9
462,20241019,2024-10-19,2024,10,October,,,,,Painting - Station 05,Painting,cosmetic,minor,accepted_with_deviation,1.96,25.9
463,20241020,2024-10-20,2024,10,October,Electric Motor v6,Powertrain,Wyatt Inc,85.8,Powertrain Assembly - Station 07,Powertrain Assembly,functional,minor,rework,664.8,13.8
464,20241020,2024-10-20,2024,10,October,Battery Pack v2,Electrical,Wolfe LLC,91.2,Electrical Assembly - Station 14,Electrical Assembly,electrical,minor,rework,93.81,19.2
465,20241021,2024-10-21,2024,10,October,Battery Pack v2,Electrical,Wolfe LLC,91.2,Electrical Assembly - Station 13,Electrical Assembly,electrical,critical,rework,113.44,71.1
466,20241021,2024-10-21,2024,10,October,,,,,Final Assembly - Station 18,Final Assembly,assembly,minor,rework,9.21,24.3
467,20241021,2024-10-21,2024,10,October,Headliner v2,Interior,Rhodes PLC,80.3,Interior Assembly - Station 12,Interior Assembly,assembly,major,rework,154.39,45.1
468,20241021,2024-10-21,2024,10,October,Dashboard Panel v5,Interior,Davis-Abbott,83.4,Interior Assembly - Station 12,Interior Assembly,assembly,minor,rework,129.93,28.8
469,20241022,2024-10-22,2024,10,October,Headliner v2,Interior,Rhodes PLC,80.3,Interior Assembly - Station 11,Interior Assembly,assembly,major,scrap,573.64,64.2
470,20241022,2024-10-22,2024,10,October,Brake Caliper v4,Chassis,Blair PLC,99.0,Chassis Assembly - Station 09,Chassis Assembly,assembly,major,rework,175.34,55.4
471,20241022,2024-10-22,2024,10,October,,,,,Welding - Station 01,Welding,dimensional,minor,rework,7.48,19.8
472,20241022,2024-10-22,2024,10,October,Grille v2,Exterior,Arnold Ltd,99.0,Exterior Trim - Station 16,Exterior Trim,cosmetic,minor,rework,118.78,14.8
473,20241022,2024-10-22,2024,10,October,,,,,Quality Check - Station 19,Quality Check,dimensional,minor,rework,7.13,18.8
474,20241022,2024-10-22,2024,10,October,Brake Caliper v4,Chassis,Blair PLC,99.0,Chassis Assembly - Station 09,Chassis Assembly,assembly,minor,rework,159.66,14.0
475,20241022,2024-10-22,2024,10,October,,,,,Painting - Station 05,Painting,cosmetic,minor,rework,8.9,23.5
476,20241022,2024-10-22,2024,10,October,Grille v2,Exterior,Arnold Ltd,99.0,Exterior Trim - Station 16,Exterior Trim,cosmetic,minor,rework,123.83,28.2
477,20241022,2024-10-22,2024,10,October,Electric Motor v6,Powertrain,Wyatt Inc,85.8,Powertrain Assembly - Station 07,Powertrain Assembly,functional,minor,rework,668.71,24.1
478,20241023,2024-10-23,2024,10,October,Headliner v2,Interior,Rhodes PLC,80.3,Interior Assembly - Station 10,Interior Assembly,assembly,major,accepted_with_deviation,4.18,55.3
479,20241023,2024-10-23,2024,10,October,ABS Unit v4,Safety,"Rodriguez, Figueroa and Sanchez",88.0,Safety Systems - Station 17,Safety Systems,functional,minor,rework,83.25,24.2
480,20241023,2024-10-23,2024,10,October,Shock Absorber v3,Chassis,Wyatt Inc,85.8,Chassis Assembly - Station 09,Chassis Assembly,assembly,major,rework,171.92,54.4
481,20241023,2024-10-23,2024,10,October,Battery Pack v2,Electrical,Wolfe LLC,91.2,Electrical Assembly - Station 14,Electrical Assembly,electrical,major,rework,113.53,71.3
482,20241023,2024-10-23,2024,10,October,,,,,Welding - Station 01,Welding,dimensional,minor,rework,4.94,13.1
483,20241023,2024-10-23,2024,10,October,Brake Caliper v4,Chassis,Blair PLC,99.0,Chassis Assembly - Station 08,Chassis Assembly,assembly,minor,rework,164.97,28.0
484,20241024,2024-10-24,2024,10,October,Battery Pack v2,Electrical,Wolfe LLC,91.2,Electrical Assembly - Station 13,Electrical Assembly,electrical,minor,rework,97.45,28.8
485,20241024,2024-10-24,2024,10,October,Grille v2,Exterior,Arnold Ltd,99.0,Exterior Trim - Station 16,Exterior Trim,cosmetic,critical,rework,142.77,78.2
486,20241024,2024-10-24,2024,10,October,Grille v2,Exterior,Arnold Ltd,99.0,Exterior Trim - Station 15,Exterior Trim,cosmetic,minor,rework,122.14,23.7
487,20241024,2024-10-24,2024,10,October,,,,,Welding - Station 03,Welding,dimensional,minor,rework,11.18,29.5
488,20241024,2024-10-24,2024,10,October,ECU Module v7,Electrical,"Rodriguez, Figueroa and Sanchez",88.0,Electrical Assembly - Station 13,Electrical Assembly,electrical,minor,rework,52.04,26.8
489,20241024,2024-10-24,2024,10,October,ABS Unit v4,Safety,"Rodriguez, Figueroa and Sanchez",88.0,Safety Systems - Station 17,Safety Systems,functional,critical,rework,96.98,60.5
490,20241024,2024-10-24,2024,10,October,Shock Absorber v3,Chassis,Wyatt Inc,85.8,Chassis Assembly - Station 08,Chassis Assembly,assembly,minor,rework,161.61,27.2
491,20241024,2024-10-24,2024,10,October,Battery Pack v2,Electrical,Wolfe LLC,91.2,Electrical Assembly - Station 14,Electrical Assembly,electrical,minor,rework,90.76,11.1
492,20241024,2024-10-24,2024,10,October,Grille v2,Exterior,Arnold Ltd,99.0,Exterior Trim - Station 15,Exterior Trim,cosmetic,critical,rework,151.08,100.2
493,20241025,2024-10-25,2024,10,October,Grille v2,Exterior,Arnold Ltd,99.0,Exterior Trim - Station 15,Exterior Trim,cosmetic,minor,rework,124.29,29.4
494,20241025,2024-10-25,2024,10,October,Grille v2,Exterior,Arnold Ltd,99.0,Exterior Trim - Station 16,Exterior Trim,cosmetic,major,scrap,475.81,61.2
495,20241025,2024-10-25,2024,10,October,Door Trim v7,Interior,"Johnson, Gonzalez and Santos",85.8,Interior Assembly - Station 11,Interior Assembly,assembly,minor,accepted_with_deviation,1.27,16.8
496,20241025,2024-10-25,2024,10,October,Electric Motor v6,Powertrain,Wyatt Inc,85.8,Powertrain Assembly - Station 06,Powertrain Assembly,functional,major,accepted_with_deviation,4.14,54.8
497,20241025,2024-10-25,2024,10,October,Grille v2,Exterior,Arnold Ltd,99.0,Exterior Trim - Station 16,Exterior Trim,cosmetic,major,scrap,471.09,48.7
498,20241025,2024-10-25,2024,10,October,Backup Camera v6,Safety,Cole LLC,99.0,Safety Systems - Station 17,Safety Systems,functional,minor,rework,109.34,24.8
499,20241025,2024-10-25,2024,10,October,Grille v2,Exterior,Arnold Ltd,99.0,Exterior Trim - Station 15,Exterior Trim,cosmetic,minor,rework,122.38,24.4
500,20241026,2024-10-26,2024,10,October,Rear Bumper v5,Exterior,Wolfe LLC,91.2,Exterior Trim - Station 16,Exterior Trim,cosmetic,minor,rework,121.1,23.2
501,20241026,2024-10-26,2024,10,October,Headliner v2,Interior,Rhodes PLC,80.3,Interior Assembly - Station 12,Interior Assembly,assembly,minor,rework,143.55,16.4
502,20241026,2024-10-26,2024,10,October,Headliner v2,Interior,Rhodes PLC,80.3,Interior Assembly - Station 10,Interior Assembly,assembly,major,rework,158.71,56.5
503,20241026,2024-10-26,2024,10,October,,,,,Welding - Station 02,Welding,dimensional,minor,rework,9.48,25.1
504,20241027,2024-10-27,2024,10,October,Headliner v2,Interior,Rhodes PLC,80.3,Interior Assembly - Station 10,Interior Assembly,assembly,major,accepted_with_deviation,2.78,36.7
505,20241027,2024-10-27,2024,10,October,Grille v2,Exterior,Arnold Ltd,99.0,Exterior Trim - Station 16,Exterior Trim,cosmetic,minor,rework,122.87,25.6
506,20241028,2024-10-28,2024,10,October,Headliner v2,Interior,Rhodes PLC,80.3,Interior Assembly - Station 10,Interior Assembly,assembly,minor,rework,147.95,28.0
507,20241028,2024-10-28,2024,10,October,,,,,Final Assembly - Station 18,Final Assembly,assembly,minor,rework,10.58,28.0
508,20241028,2024-10-28,2024,10,October,,,,,Welding - Station 03,Welding,dimensional,minor,rework,4.53,12.0
509,20241028,2024-10-28,2024,10,October,Grille v2,Exterior,Arnold Ltd,99.0,Exterior Trim - Station 16,Exterior Trim,cosmetic,critical,scrap,480.46,73.5
510,20241028,2024-10-28,2024,10,October,,,,,Welding - Station 01,Welding,dimensional,major,rework,21.03,55.6
511,20241029,2024-10-29,2024,10,October,Headliner v2,Interior,Rhodes PLC,80.3,Interior Assembly - Station 10,Interior Assembly,assembly,minor,rework,142.85,14.6
512,20241029,2024-10-29,2024,10,October,,,,,Painting - Station 05,Painting,cosmetic,major,rework,20.18,53.3
513,20241029,2024-10-29,2024,10,October,,,,,Welding - Station 03,Welding,dimensional,minor,rework,8.16,21.6
514,20241029,2024-10-29,2024,10,October,Dashboard Panel v5,Interior,Davis-Abbott,83.4,Interior Assembly - Station 10,Interior Assembly,assembly,minor,rework,127.24,21.7
515,20241029,2024-10-29,2024,10,October,Headliner v2,Interior,Rhodes PLC,80.3,Interior Assembly - Station 12,Interior Assembly,assembly,minor,rework,147.57,27.1
516,20241029,2024-10-29,2024,10,October,Headliner v2,Interior,Rhodes PLC,80.3,Interior Assembly - Station 12,Interior Assembly,assembly,minor,rework,142.67,14.1
517,20241029,2024-10-29,2024,10,October,Dashboard Panel v5,Interior,Davis-Abbott,83.4,Interior Assembly - Station 10,Interior Assembly,assembly,critical,rework,154.61,94.0
518,20241029,2024-10-29,2024,10,October,Brake Caliper v4,Chassis,Blair PLC,99.0,Chassis Assembly - Station 09,Chassis Assembly,assembly,minor,rework,165.1,28.4
519,20241029,2024-10-29,2024,10,October,Headliner v2,Interior,Rhodes PLC,80.3,Interior Assembly - Station 12,Interior Assembly,assembly,minor,rework,146.77,24.9
520,20241030,2024-10-30,2024,10,October,Grille v2,Exterior,Arnold Ltd,99.0,Exterior Trim - Station 16,Exterior Trim,cosmetic,major,rework,127.5,37.9
521,20241030,2024-10-30,2024,10,October,Brake Caliper v4,Chassis,Blair PLC,99.0,Chassis Assembly - Station 09,Chassis Assembly,assembly,minor,rework,164.77,27.5
522,20241030,2024-10-30,2024,10,October,Shock Absorber v3,Chassis,Wyatt Inc,85.8,Chassis Assembly - Station 09,Chassis Assembly,assembly,minor,rework,159.18,20.8
523,20241030,2024-10-30,2024,10,October,Center Console,Interior,Rhodes PLC,80.3,Interior Assembly - Station 11,Interior Assembly,assembly,minor,rework,170.39,10.4
524,20241030,2024-10-30,2024,10,October,Headliner v2,Interior,Rhodes PLC,80.3,Interior Assembly - Station 12,Interior Assembly,assembly,major,rework,151.29,36.9
525,20241031,2024-10-31,2024,10,October,,,,,Welding - Station 01,Welding,dimensional,major,rework,27.84,73.6
526,20241031,2024-10-31,2024,10,October,Rear Bumper v5,Exterior,Wolfe LLC,91.2,Exterior Trim - Station 15,Exterior Trim,cosmetic,minor,rework,116.94,12.2
527,20241031,2024-10-31,2024,10,October,Grille v2,Exterior,Arnold Ltd,99.0,Exterior Trim - Station 16,Exterior Trim,cosmetic,critical,rework,162.77,131.1
528,20241031,2024-10-31,2024,10,October,,,,,Welding - Station 03,Welding,dimensional,minor,rework,10.39,27.5
529,20241031,2024-10-31,2024,10,October,Headliner v2,Interior,Rhodes PLC,80.3,Interior Assembly - Station 10,Interior Assembly,assembly,minor,rework,142.43,13.5
530,20241031,2024-10-31,2024,10,October,Shock Absorber v3,Chassis,Wyatt Inc,85.8,Chassis Assembly - Station 08,Chassis Assembly,assembly,major,rework,170.38,50.4
531,20241031,2024-10-31,2024,10,October,,,,,Painting - Station 04,Painting,cosmetic,major,rework,26.03,68.8
532,20241031,2024-10-31,2024,10,October,Dashboard Panel v5,Interior,Davis-Abbott,83.4,Interior Assembly - Station 10,Interior Assembly,assembly,major,scrap,494.63,48.8
533,20241101,2024-11-01,2024,11,November,Brake Caliper v4,Chassis,Blair PLC,99.0,Chassis Assembly - Station 09,Chassis Assembly,assembly,minor,rework,158.2,10.1
534,20241101,2024-11-01,2024,11,November,,,,,Final Assembly - Station 18,Final Assembly,assembly,minor,rework,5.91,15.6
535,20241101,2024-11-01,2024,11,November,Rear Bumper v5,Exterior,Wolfe LLC,91.2,Exterior Trim - Station 15,Exterior Trim,cosmetic,minor,rework,121.39,24.0
536,20241101,2024-11-01,2024,11,November,Electric Motor v6,Powertrain,Wyatt Inc,85.8,Powertrain Assembly - Station 07,Powertrain Assembly,functional,major,rework,686.07,70.0
537,20241101,2024-11-01,2024,11,November,Rear Bumper v5,Exterior,Wolfe LLC,91.2,Exterior Trim - Station 15,Exterior Trim,cosmetic,minor,accepted_with_deviation,1.69,22.3
538,20241101,2024-11-01,2024,11,November,Electric Motor v6,Powertrain,Wyatt Inc,85.8,Powertrain Assembly - Station 06,Powertrain Assembly,functional,minor,rework,665.58,15.9
539,20241101,2024-11-01,2024,11,November,,,,,Welding - Station 02,Welding,dimensional,minor,rework,8.71,23.0
540,20241101,2024-11-01,2024,11,November,Grille v2,Exterior,Arnold Ltd,99.0,Exterior Trim - Station 16,Exterior Trim,cosmetic,minor,rework,119.34,16.3
541,20241102,2024-11-02,2024,11,November,Drive Shaft v4,Powertrain,"Rodriguez, Figueroa and Sanchez",88.0,Powertrain Assembly - Station 07,Powertrain Assembly,functional,minor,rework,542.55,22.5
542,20241102,2024-11-02,2024,11,November,Headliner v2,Interior,Rhodes PLC,80.3,Interior Assembly - Station 12,Interior Assembly,assembly,minor,rework,146.32,23.7
543,20241102,2024-11-02,2024,11,November,,,,,Welding - Station 02,Welding,dimensional,minor,rework,7.98,21.1
544,20241102,2024-11-02,2024,11,November,Shock Absorber v3,Chassis,Wyatt Inc,85.8,Chassis Assembly - Station 08,Chassis Assembly,assembly,major,rework,173.13,57.6
545,20241103,2024-11-03,2024,11,November,Drive Shaft v4,Powertrain,"Rodriguez, Figueroa and Sanchez",88.0,Powertrain Assembly - Station 07,Powertrain Assembly,functional,minor,rework,543.98,26.3
546,20241103,2024-11-03,2024,11,November,Brake Caliper v4,Chassis,Blair PLC,99.0,Chassis Assembly - Station 08,Chassis Assembly,assembly,minor,rework,164.21,26.0
547,20241103,2024-11-03,2024,11,November,Headliner v2,Interior,Rhodes PLC,80.3,Interior Assembly - Station 10,Interior Assembly,assembly,minor,rework,141.97,12.2
548,20241103,2024-11-03,2024,11,November,,,,,Welding - Station 01,Welding,dimensional,minor,rework,6.29,16.6
549,20241104,2024-11-04,2024,11,November,Headliner v2,Interior,Rhodes PLC,80.3,Interior Assembly - Station 10,Interior Assembly,assembly,critical,scrap,604.74,146.4
550,20241104,2024-11-04,2024,11,November,,,,,Welding - Station 01,Welding,dimensional,minor,rework,5.19,13.7
551,20241104,2024-11-04,2024,11,November,,,,,Welding - Station 01,Welding,dimensional,major,rework,17.07,45.1
552,20241104,2024-11-04,2024,11,November,Backup Camera v6,Safety,Cole LLC,99.0,Safety Systems - Station 17,Safety Systems,functional,major,rework,115.23,40.3
553,20241104,2024-11-04,2024,11,November,Headliner v2,Interior,Rhodes PLC,80.3,Interior Assembly - Station 11,Interior Assembly,assembly,major,rework,161.65,64.3
554,20241104,2024-11-04,2024,11,November,Shock Absorber v3,Chassis,Wyatt Inc,85.8,Chassis Assembly - Station 08,Chassis Assembly,assembly,minor,rework,161.5,26.9
555,20241104,2024-11-04,2024,11,November,,,,,Final Assembly - Station 18,Final Assembly,assembly,minor,rework,6.36,16.8
556,20241104,2024-11-04,2024,11,November,Backup Camera v6,Safety,Cole LLC,99.0,Safety Systems - Station 17,Safety Systems,functional,minor,rework,111.2,29.7
557,20241105,2024-11-05,2024,11,November,,,,,Welding - Station 03,Welding,dimensional,major,rework,22.45,59.3
558,20241105,2024-11-05,2024,11,November,Battery Pack v2,Electrical,Wolfe LLC,91.2,Electrical Assembly - Station 14,Electrical Assembly,electrical,minor,rework,93.82,19.2
559,20241105,2024-11-05,2024,11,November,Brake Caliper v4,Chassis,Blair PLC,99.0,Chassis Assembly - Station 09,Chassis Assembly,assembly,minor,rework,158.64,11.3
560,20241105,2024-11-05,2024,11,November,,,,,Quality Check - Station 20,Quality Check,dimensional,major,rework,21.18,56.0
561,20241105,2024-11-05,2024,11,November,Electric Motor v6,Powertrain,Wyatt Inc,85.8,Powertrain Assembly - Station 06,Powertrain Assembly,functional,minor,rework,668.85,24.5
562,20241105,2024-11-05,2024,11,November,,,,,Welding - Station 01,Welding,dimensional,major,rework,27.76,73.4
563,20241105,2024-11-05,2024,11,November,,,,,Painting - Station 04,Painting,cosmetic,minor,rework,5.08,13.4
564,20241105,2024-11-05,2024,11,November,Electric Motor v6,Powertrain,Wyatt Inc,85.8,Powertrain Assembly - Station 07,Powertrain Assembly,functional,major,rework,674.73,40.1
565,20241105,2024-11-05,2024,11,November,,,,,Painting - Station 04,Painting,cosmetic,minor,rework,7.94,21.0
566,20241105,2024-11-05,2024,11,November,ABS Unit v4,Safety,"Rodriguez, Figueroa and Sanchez",88.0,Safety Systems - Station 17,Safety Systems,functional,major,scrap,312.34,42.3
567,20241105,2024-11-05,2024,11,November,Grille v2,Exterior,Arnold Ltd,99.0,Exterior Trim - Station 16,Exterior Trim,cosmetic,critical,rework,169.57,149.1
568,20241105,2024-11-05,2024,11,November,Brake Caliper v4,Chassis,Blair PLC,99.0,Chassis Assembly - Station 09,Chassis Assembly,assembly,minor,rework,162.1,20.4
569,20241105,2024-11-05,2024,11,November,Electric Motor v6,Powertrain,Wyatt Inc,85.8,Powertrain Assembly - Station 07,Powertrain Assembly,functional,minor,rework,666.85,19.2
570,20241105,2024-11-05,2024,11,November,Rear Bumper v5,Exterior,Wolfe LLC,91.2,Exterior Trim - Station 15,Exterior Trim,cosmetic,minor,rework,120.05,20.4
571,20241106,2024-11-06,2024,11,November,Shock Absorber v3,Chassis,Wyatt Inc,85.8,Chassis Assembly - Station 09,Chassis Assembly,assembly,minor,rework,158.57,19.2
572,20241106,2024-11-06,2024,11,November,Drive Shaft v4,Powertrain,"Rodriguez, Figueroa and Sanchez",88.0,Powertrain Assembly - Station 06,Powertrain Assembly,functional,minor,rework,544.91,28.8
573,20241106,2024-11-06,2024,11,November,Battery Pack v2,Electrical,Wolfe LLC,91.2,Electrical Assembly - Station 13,Electrical Assembly,electrical,major,rework,98.29,31.1
574,20241106,2024-11-06,2024,11,November,Brake Caliper v4,Chassis,Blair PLC,99.0,Chassis Assembly - Station 08,Chassis Assembly,assembly,minor,rework,160.99,17.5
575,20241106,2024-11-06,2024,11,November,,,,,Painting - Station 05,Painting,cosmetic,minor,rework,10.52,27.8
576,20241106,2024-11-06,2024,11,November,Shock Absorber v3,Chassis,Wyatt Inc,85.8,Chassis Assembly - Station 09,Chassis Assembly,assembly,minor,rework,155.93,12.2
577,20241106,2024-11-06,2024,11,November,Grille v2,Exterior,Arnold Ltd,99.0,Exterior Trim - Station 16,Exterior Trim,cosmetic,critical,rework,142.61,77.8
578,20241106,2024-11-06,2024,11,November,,,,,Final Assembly - Station 18,Final Assembly,assembly,minor,rework,8.88,23.5
579,20241107,2024-11-07,2024,11,November,Battery Pack v2,Electrical,Wolfe LLC,91.2,Electrical Assembly - Station 13,Electrical Assembly,electrical,minor,rework,94.2,20.3
580,20241107,2024-11-07,2024,11,November,Rear Bumper v5,Exterior,Wolfe LLC,91.2,Exterior Trim - Station 15,Exterior Trim,cosmetic,minor,rework,116.16,10.2
581,20241107,2024-11-07,2024,11,November,,,,,Painting - Station 05,Painting,cosmetic,minor,rework,4.74,12.5
582,20241107,2024-11-07,2024,11,November,Brake Caliper v4,Chassis,Blair PLC,99.0,Chassis Assembly - Station 09,Chassis Assembly,assembly,major,rework,168.02,36.1
583,20241107,2024-11-07,2024,11,November,Center Console,Interior,Rhodes PLC,80.3,Interior Assembly - Station 12,Interior Assembly,assembly,minor,rework,174.75,22.0
584,20241107,2024-11-07,2024,11,November,Battery Pack v2,Electrical,Wolfe LLC,91.2,Electrical Assembly - Station 13,Electrical Assembly,electrical,major,rework,108.79,58.8
585,20241107,2024-11-07,2024,11,November,Rear Bumper v5,Exterior,Wolfe LLC,91.2,Exterior Trim - Station 16,Exterior Trim,cosmetic,minor,rework,117.93,14.9
586,20241107,2024-11-07,2024,11,November,Center Console,Interior,Rhodes PLC,80.3,Interior Assembly - Station 10,Interior Assembly,assembly,minor,rework,174.35,20.9
587,20241107,2024-11-07,2024,11,November,Drive Shaft v4,Powertrain,"Rodriguez, Figueroa and Sanchez",88.0,Powertrain Assembly - Station 06,Powertrain Assembly,functional,major,rework,548.67,38.7
588,20241107,2024-11-07,2024,11,November,,,,,Quality Check - Station 20,Quality Check,dimensional,minor,rework,10.55,27.9
589,20241108,2024-11-08,2024,11,November,,,,,Welding - Station 03,Welding,dimensional,major,rework,24.29,64.2
590,20241108,2024-11-08,2024,11,November,Electric Motor v6,Powertrain,Wyatt Inc,85.8,Powertrain Assembly - Station 07,Powertrain Assembly,functional,major,scrap,2666.0,73.2
591,20241108,2024-11-08,2024,11,November,Grille v2,Exterior,Arnold Ltd,99.0,Exterior Trim - Station 16,Exterior Trim,cosmetic,minor,rework,122.72,25.2
592,20241108,2024-11-08,2024,11,November,Grille v2,Exterior,Arnold Ltd,99.0,Exterior Trim - Station 16,Exterior Trim,cosmetic,minor,rework,118.58,14.3
593,20241108,2024-11-08,2024,11,November,,,,,Painting - Station 05,Painting,cosmetic,minor,rework,7.74,20.5
594,20241108,2024-11-08,2024,11,November,Battery Pack v2,Electrical,Wolfe LLC,91.2,Electrical Assembly - Station 13,Electrical Assembly,electrical,minor,rework,97.83,29.8
595,20241109,2024-11-09,2024,11,November,Rear Bumper v5,Exterior,Wolfe LLC,91.2,Exterior Trim - Station 16,Exterior Trim,cosmetic,minor,rework,122.3,26.4
596,20241109,2024-11-09,2024,11,November,Headliner v2,Interior,Rhodes PLC,80.3,Interior Assembly - Station 10,Interior Assembly,assembly,minor,rework,143.43,16.1
597,20241111,2024-11-11,2024,11,November,Headliner v2,Interior,Rhodes PLC,80.3,Interior Assembly - Station 10,Interior Assembly,assembly,major,scrap,568.72,51.2
598,20241111,2024-11-11,2024,11,November,,,,,Welding - Station 01,Welding,dimensional,minor,rework,5.35,14.1
599,20241111,2024-11-11,2024,11,November,,,,,Painting - Station 04,Painting,cosmetic,minor,rework,9.05,23.9
600,20241111,2024-11-11,2024,11,November,Headliner v2,Interior,Rhodes PLC,80.3,Interior Assembly - Station 10,Interior Assembly,assembly,minor,rework,142.98,14.9
601,20241111,2024-11-11,2024,11,November,Headliner v2,Interior,Rhodes PLC,80.3,Interior Assembly - Station 12,Interior Assembly,assembly,minor,rework,144.02,17.7
602,20241112,2024-11-12,2024,11,November,Electric Motor v6,Powertrain,Wyatt Inc,85.8,Powertrain Assembly - Station 06,Powertrain Assembly,functional,minor,rework,666.85,19.2
603,20241112,2024-11-12,2024,11,November,Brake Caliper v4,Chassis,Blair PLC,99.0,Chassis Assembly - Station 09,Chassis Assembly,assembly,major,rework,165.87,30.4
604,20241112,2024-11-12,2024,11,November,ABS Unit v4,Safety,"Rodriguez, Figueroa and Sanchez",88.0,Safety Systems - Station 17,Safety Systems,functional,minor,rework,81.81,20.4
605,20241112,2024-11-12,2024,11,November,Dashboard Panel v5,Interior,Davis-Abbott,83.4,Interior Assembly - Station 12,Interior Assembly,assembly,major,rework,138.09,50.3
606,20241112,2024-11-12,2024,11,November,Headliner v2,Interior,Rhodes PLC,80.3,Interior Assembly - Station 10,Interior Assembly,assembly,minor,rework,146.88,25.2
607,20241112,2024-11-12,2024,11,November,,,,,Painting - Station 04,Painting,cosmetic,major,rework,22.65,59.9
608,20241112,2024-11-12,2024,11,November,Door Trim v7,Interior,"Johnson, Gonzalez and Santos",85.8,Interior Assembly - Station 12,Interior Assembly,assembly,minor,accepted_with_deviation,0.8,10.6
609,20241112,2024-11-12,2024,11,November,Headliner v2,Interior,Rhodes PLC,80.3,Interior Assembly - Station 10,Interior Assembly,assembly,minor,rework,142.06,12.5
610,20241112,2024-11-12,2024,11,November,,,,,Final Assembly - Station 18,Final Assembly,assembly,major,rework,24.82,65.6
611,20241112,2024-11-12,2024,11,November,,,,,Welding - Station 01,Welding,dimensional,minor,accepted_with_deviation,2.27,30.0
612,20241113,2024-11-13,2024,11,November,,,,,Painting - Station 05,Painting,cosmetic,major,rework,24.98,66.0
613,20241113,2024-11-13,2024,11,November,Shock Absorber v3,Chassis,Wyatt Inc,85.8,Chassis Assembly - Station 08,Chassis Assembly,assembly,minor,rework,159.15,20.7
614,20241113,2024-11-13,2024,11,November,,,,,Painting - Station 05,Painting,cosmetic,minor,rework,8.01,21.2
615,20241113,2024-11-13,2024,11,November,Backup Camera v6,Safety,Cole LLC,99.0,Safety Systems - Station 17,Safety Systems,functional,critical,rework,132.69,86.5
616,20241113,2024-11-13,2024,11,November,Headliner v2,Interior,Rhodes PLC,80.3,Interior Assembly - Station 10,Interior Assembly,assembly,minor,rework,147.37,26.5
617,20241113,2024-11-13,2024,11,November,Grille v2,Exterior,Arnold Ltd,99.0,Exterior Trim - Station 15,Exterior Trim,cosmetic,minor,rework,122.34,24.2
618,20241113,2024-11-13,2024,11,November,Wiring Harness v6,Electrical,Bernard LLC,84.8,Electrical Assembly - Station 14,Electrical Assembly,electrical,minor,rework,81.62,13.4
619,20241114,2024-11-14,2024,11,November,,,,,Welding - Station 03,Welding,dimensional,major,rework,24.71,65.3
620,20241114,2024-11-14,2024,11,November,ECU Module v7,Electrical,"Rodriguez, Figueroa and Sanchez",88.0,Electrical Assembly - Station 13,Electrical Assembly,electrical,major,rework,56.5,38.6
621,20241115,2024-11-15,2024,11,November,Drive Shaft v4,Powertrain,"Rodriguez, Figueroa and Sanchez",88.0,Powertrain Assembly - Station 07,Powertrain Assembly,functional,critical,accepted_with_deviation,9.27,122.5
622,20241115,2024-11-15,2024,11,November,Grille v2,Exterior,Arnold Ltd,99.0,Exterior Trim - Station 16,Exterior Trim,cosmetic,critical,rework,143.19,79.3
623,20241115,2024-11-15,2024,11,November,Crash Sensor v5,Safety,"Rodriguez, Figueroa and Sanchez",88.0,Safety Systems - Station 17,Safety Systems,functional,minor,rework,89.17,10.1
624,20241115,2024-11-15,2024,11,November,Rear Bumper v5,Exterior,Wolfe LLC,91.2,Exterior Trim - Station 16,Exterior Trim,cosmetic,minor,rework,122.62,27.2
625,20241115,2024-11-15,2024,11,November,,,,,Final Assembly - Station 18,Final Assembly,assembly,minor,rework,4.22,11.2
626,20241115,2024-11-15,2024,11,November,,,,,Welding - Station 03,Welding,dimensional,minor,rework,6.77,17.9
627,20241116,2024-11-16,2024,11,November,Grille v2,Exterior,Arnold Ltd,99.0,Exterior Trim - Station 16,Exterior Trim,cosmetic,minor,rework,119.27,16.1
628,20241117,2024-11-17,2024,11,November,Drive Shaft v4,Powertrain,"Rodriguez, Figueroa and Sanchez",88.0,Powertrain Assembly - Station 07,Powertrain Assembly,functional,minor,rework,539.81,15.3
629,20241117,2024-11-17,2024,11,November,,,,,Final Assembly - Station 18,Final Assembly,assembly,minor,rework,10.3,27.2
630,20241117,2024-11-17,2024,11,November,,,,,Final Assembly - Station 18,Final Assembly,assembly,minor,rework,10.89,28.8
631,20241118,2024-11-18,2024,11,November,Battery Pack v2,Electrical,Wolfe LLC,91.2,Electrical Assembly - Station 14,Electrical Assembly,electrical,minor,rework,95.24,23.0
632,20241118,2024-11-18,2024,11,November,Battery Pack v2,Electrical,Wolfe LLC,91.2,Electrical Assembly - Station 14,Electrical Assembly,electrical,minor,rework,95.76,24.4
633,20241118,2024-11-18,2024,11,November,,,,,Painting - Station 04,Painting,cosmetic,minor,rework,9.29,24.6
634,20241118,2024-11-18,2024,11,November,,,,,Welding - Station 03,Welding,dimensional,minor,accepted_with_deviation,2.17,28.6
635,20241119,2024-11-19,2024,11,November,Rear Bumper v5,Exterior,Wolfe LLC,91.2,Exterior Trim - Station 15,Exterior Trim,cosmetic,minor,rework,122.41,26.7
636,20241119,2024-11-19,2024,11,November,Battery Pack v2,Electrical,Wolfe LLC,91.2,Electrical Assembly - Station 14,Electrical Assembly,electrical,major,rework,107.14,54.4
637,20241119,2024-11-19,2024,11,November,Drive Shaft v4,Powertrain,"Rodriguez, Figueroa and Sanchez",88.0,Powertrain Assembly - Station 07,Powertrain Assembly,functional,minor,rework,538.38,11.5
638,20241119,2024-11-19,2024,11,November,Shock Absorber v3,Chassis,Wyatt Inc,85.8,Chassis Assembly - Station 09,Chassis Assembly,assembly,minor,accepted_with_deviation,1.96,25.9
639,20241119,2024-11-19,2024,11,November,Drive Shaft v4,Powertrain,"Rodriguez, Figueroa and Sanchez",88.0,Powertrain Assembly - Station 07,Powertrain Assembly,functional,minor,rework,540.94,18.3
640,20241119,2024-11-19,2024,11,November,,,,,Painting - Station 05,Painting,cosmetic,minor,rework,6.6,17.4
641,20241120,2024-11-20,2024,11,November,,,,,Final Assembly - Station 18,Final Assembly,assembly,minor,rework,6.7,17.7
642,20241120,2024-11-20,2024,11,November,Headliner v2,Interior,Rhodes PLC,80.3,Interior Assembly - Station 10,Interior Assembly,assembly,minor,rework,141.34,10.6
643,20241120,2024-11-20,2024,11,November,Grille v2,Exterior,Arnold Ltd,99.0,Exterior Trim - Station 16,Exterior Trim,cosmetic,minor,rework,120.61,19.7
644,20241120,2024-11-20,2024,11,November,Drive Shaft v4,Powertrain,"Rodriguez, Figueroa and Sanchez",88.0,Powertrain Assembly - Station 07,Powertrain Assembly,functional,minor,rework,543.53,25.1
645,20241120,2024-11-20,2024,11,November,Backup Camera v6,Safety,Cole LLC,99.0,Safety Systems - Station 17,Safety Systems,functional,minor,rework,110.67,28.3
646,20241120,2024-11-20,2024,11,November,Shock Absorber v3,Chassis,Wyatt Inc,85.8,Chassis Assembly - Station 08,Chassis Assembly,assembly,critical,rework,194.58,114.3
647,20241121,2024-11-21,2024,11,November,Battery Pack v2,Electrical,Wolfe LLC,91.2,Electrical Assembly - Station 13,Electrical Assembly,electrical,major,rework,105.08,49.0
648,20241121,2024-11-21,2024,11,November,,,,,Welding - Station 01,Welding,dimensional,minor,rework,5.55,14.7
649,20241121,2024-11-21,2024,11,November,Headliner v2,Interior,Rhodes PLC,80.3,Interior Assembly - Station 12,Interior Assembly,assembly,minor,accepted_with_deviation,0.98,12.9
650,20241122,2024-11-22,2024,11,November,,,,,Final Assembly - Station 18,Final Assembly,assembly,minor,rework,4.24,11.2
651,20241122,2024-11-22,2024,11,November,Brake Caliper v4,Chassis,Blair PLC,99.0,Chassis Assembly - Station 09,Chassis Assembly,assembly,major,rework,167.76,35.4
652,20241122,2024-11-22,2024,11,November,Rear Bumper v5,Exterior,Wolfe LLC,91.2,Exterior Trim - Station 15,Exterior Trim,cosmetic,major,rework,127.84,41.0
653,20241122,2024-11-22,2024,11,November,,,,,Welding - Station 01,Welding,dimensional,minor,rework,11.12,29.4
654,20241122,2024-11-22,2024,11,November,Crash Sensor v5,Safety,"Rodriguez, Figueroa and Sanchez",88.0,Safety Systems - Station 17,Safety Systems,functional,critical,rework,109.63,64.1
655,20241122,2024-11-22,2024,11,November,Brake Caliper v4,Chassis,Blair PLC,99.0,Chassis Assembly - Station 08,Chassis Assembly,assembly,minor,rework,162.09,20.4
656,20241122,2024-11-22,2024,11,November,Battery Pack v2,Electrical,Wolfe LLC,91.2,Electrical Assembly - Station 13,Electrical Assembly,electrical,minor,rework,97.84,29.9
657,20241123,2024-11-23,2024,11,November,,,,,Quality Check - Station 20,Quality Check,dimensional,minor,rework,4.85,12.8
658,20241123,2024-11-23,2024,11,November,Dashboard Panel v5,Interior,Davis-Abbott,83.4,Interior Assembly - Station 10,Interior Assembly,assembly,minor,rework,124.14,13.5
659,20241124,2024-11-24,2024,11,November,,,,,Painting - Station 05,Painting,cosmetic,minor,rework,8.78,23.2
660,20241124,2024-11-24,2024,11,November,Headliner v2,Interior,Rhodes PLC,80.3,Interior Assembly - Station 10,Interior Assembly,assembly,minor,rework,148.6,29.8
661,20241124,2024-11-24,2024,11,November,,,,,Welding - Station 02,Welding,dimensional,minor,rework,4.28,11.3
662,20241124,2024-11-24,2024,11,November,Shock Absorber v3,Chassis,Wyatt Inc,85.8,Chassis Assembly - Station 09,Chassis Assembly,assembly,critical,rework,174.22,60.5
663,20241124,2024-11-24,2024,11,November,ABS Unit v4,Safety,"Rodriguez, Figueroa and Sanchez",88.0,Safety Systems - Station 17,Safety Systems,functional,major,rework,89.35,40.4
664,20241125,2024-11-25,2024,11,November,Battery Pack v2,Electrical,Wolfe LLC,91.2,Electrical Assembly - Station 13,Electrical Assembly,electrical,major,rework,98.36,31.2
665,20241125,2024-11-25,2024,11,November,Door Trim v7,Interior,"Johnson, Gonzalez and Santos",85.8,Interior Assembly - Station 12,Interior Assembly,assembly,major,rework,84.9,48.5
666,20241125,2024-11-25,2024,11,November,,,,,Final Assembly - Station 18,Final Assembly,assembly,minor,accepted_with_deviation,1.04,13.7
667,20241125,2024-11-25,2024,11,November,,,,,Painting - Station 05,Painting,cosmetic,major,rework,25.12,66.4
668,20241125,2024-11-25,2024,11,November,Brake Caliper v4,Chassis,Blair PLC,99.0,Chassis Assembly - Station 09,Chassis Assembly,assembly,major,rework,172.87,48.9
669,20241125,2024-11-25,2024,11,November,ABS Unit v4,Safety,"Rodriguez, Figueroa and Sanchez",88.0,Safety Systems - Station 17,Safety Systems,functional,major,scrap,313.79,46.2
670,20241125,2024-11-25,2024,11,November,Battery Pack v2,Electrical,Wolfe LLC,91.2,Electrical Assembly - Station 14,Electrical Assembly,electrical,major,rework,99.58,34.5
671,20241126,2024-11-26,2024,11,November,,,,,Welding - Station 03,Welding,dimensional,major,rework,17.39,46.0
672,20241126,2024-11-26,2024,11,November,Wiring Harness v6,Electrical,Bernard LLC,84.8,Electrical Assembly - Station 13,Electrical Assembly,electrical,minor,rework,81.05,11.9
673,20241126,2024-11-26,2024,11,November,Rear Bumper v5,Exterior,Wolfe LLC,91.2,Exterior Trim - Station 16,Exterior Trim,cosmetic,minor,rework,120.96,22.9
674,20241126,2024-11-26,2024,11,November,,,,,Painting - Station 05,Painting,cosmetic,minor,rework,7.52,19.9
675,20241126,2024-11-26,2024,11,November,Headliner v2,Interior,Rhodes PLC,80.3,Interior Assembly - Station 12,Interior Assembly,assembly,minor,rework,147.98,28.1
676,20241126,2024-11-26,2024,11,November,Battery Pack v2,Electrical,Wolfe LLC,91.2,Electrical Assembly - Station 13,Electrical Assembly,electrical,minor,rework,97.86,29.9
677,20241126,2024-11-26,2024,11,November,,,,,Painting - Station 05,Painting,cosmetic,critical,rework,31.01,81.9
678,20241126,2024-11-26,2024,11,November,,,,,Welding - Station 01,Welding,dimensional,minor,rework,9.99,26.4
679,20241127,2024-11-27,2024,11,November,Shock Absorber v3,Chassis,Wyatt Inc,85.8,Chassis Assembly - Station 08,Chassis Assembly,assembly,major,rework,174.12,60.3
680,20241127,2024-11-27,2024,11,November,,,,,Quality Check - Station 20,Quality Check,dimensional,major,rework,23.89,63.1
681,20241127,2024-11-27,2024,11,November,Crash Sensor v5,Safety,"Rodriguez, Figueroa and Sanchez",88.0,Safety Systems - Station 17,Safety Systems,functional,critical,rework,127.87,112.3
682,20241127,2024-11-27,2024,11,November,Battery Pack v2,Electrical,Wolfe LLC,91.2,Electrical Assembly - Station 14,Electrical Assembly,electrical,minor,accepted_with_deviation,1.27,16.7
683,20241127,2024-11-27,2024,11,November,Brake Caliper v4,Chassis,Blair PLC,99.0,Chassis Assembly - Station 09,Chassis Assembly,assembly,major,rework,177.55,61.3
684,20241127,2024-11-27,2024,11,November,Door Trim v7,Interior,"Johnson, Gonzalez and Santos",85.8,Interior Assembly - Station 10,Interior Assembly,assembly,minor,rework,75.03,22.4
685,20241127,2024-11-27,2024,11,November,Shock Absorber v3,Chassis,Wyatt Inc,85.8,Chassis Assembly - Station 09,Chassis Assembly,assembly,minor,rework,158.64,19.4
686,20241127,2024-11-27,2024,11,November,Dashboard Panel v5,Interior,Davis-Abbott,83.4,Interior Assembly - Station 10,Interior Assembly,assembly,critical,scrap,529.09,139.9
687,20241127,2024-11-27,2024,11,November,,,,,Welding - Station 03,Welding,dimensional,minor,rework,5.12,13.5
688,20241127,2024-11-27,2024,11,November,Door Trim v7,Interior,"Johnson, Gonzalez and Santos",85.8,Interior Assembly - Station 12,Interior Assembly,assembly,minor,accepted_with_deviation,1.16,15.3
689,20241127,2024-11-27,2024,11,November,Grille v2,Exterior,Arnold Ltd,99.0,Exterior Trim - Station 16,Exterior Trim,cosmetic,major,rework,136.67,62.1
690,20241127,2024-11-27,2024,11,November,Rear Bumper v5,Exterior,Wolfe LLC,91.2,Exterior Trim - Station 16,Exterior Trim,cosmetic,major,rework,128.83,43.7
691,20241127,2024-11-27,2024,11,November,,,,,Final Assembly - Station 18,Final Assembly,assembly,minor,rework,3.91,10.3
692,20241127,2024-11-27,2024,11,November,Headliner v2,Interior,Rhodes PLC,80.3,Interior Assembly - Station 10,Interior Assembly,assembly,minor,rework,141.87,12.0
693,20241128,2024-11-28,2024,11,November,,,,,Welding - Station 01,Welding,dimensional,minor,rework,6.75,17.8
694,20241128,2024-11-28,2024,11,November,,,,,Painting - Station 04,Painting,cosmetic,minor,accepted_with_deviation,1.5,19.8
695,20241128,2024-11-28,2024,11,November,Headliner v2,Interior,Rhodes PLC,80.3,Interior Assembly - Station 12,Interior Assembly,assembly,minor,rework,147.75,27.5
696,20241128,2024-11-28,2024,11,November,Drive Shaft v4,Powertrain,"Rodriguez, Figueroa and Sanchez",88.0,Powertrain Assembly - Station 06,Powertrain Assembly,functional,major,rework,548.41,38.0
697,20241128,2024-11-28,2024,11,November,Drive Shaft v4,Powertrain,"Rodriguez, Figueroa and Sanchez",88.0,Powertrain Assembly - Station 07,Powertrain Assembly,functional,minor,rework,543.36,24.7
698,20241128,2024-11-28,2024,11,November,,,,,Painting - Station 04,Painting,cosmetic,minor,rework,11.02,29.1
699,20241129,2024-11-29,2024,11,November,,,,,Welding - Station 02,Welding,dimensional,minor,rework,4.52,11.9
700,20241129,2024-11-29,2024,11,November,Grille v2,Exterior,Arnold Ltd,99.0,Exterior Trim - Station 15,Exterior Trim,cosmetic,major,rework,128.94,41.7
701,20241129,2024-11-29,2024,11,November,,,,,Welding - Station 01,Welding,dimensional,minor,rework,6.8,18.0
702,20241129,2024-11-29,2024,11,November,,,,,Painting - Station 04,Painting,cosmetic,minor,rework,10.04,26.5
703,20241129,2024-11-29,2024,11,November,Electric Motor v6,Powertrain,Wyatt Inc,85.8,Powertrain Assembly - Station 06,Powertrain Assembly,functional,minor,rework,665.03,14.4
704,20241129,2024-11-29,2024,11,November,Grille v2,Exterior,Arnold Ltd,99.0,Exterior Trim - Station 16,Exterior Trim,cosmetic,minor,rework,123.31,26.8
705,20241130,2024-11-30,2024,11,November,Electric Motor v6,Powertrain,Wyatt Inc,85.8,Powertrain Assembly - Station 06,Powertrain Assembly,functional,critical,rework,686.92,72.3
706,20241130,2024-11-30,2024,11,November,Battery Pack v2,Electrical,Wolfe LLC,91.2,Electrical Assembly - Station 13,Electrical Assembly,electrical,minor,rework,94.65,21.4
707,20241130,2024-11-30,2024,11,November,Shock Absorber v3,Chassis,Wyatt Inc,85.8,Chassis Assembly - Station 09,Chassis Assembly,assembly,major,rework,176.38,66.2
708,20241130,2024-11-30,2024,11,November,Battery Pack v2,Electrical,Wolfe LLC,91.2,Electrical Assembly - Station 13,Electrical Assembly,electrical,minor,rework,94.8,21.8
709,20241201,2024-12-01,2024,12,December,Brake Caliper v4,Chassis,Blair PLC,99.0,Chassis Assembly - Station 08,Chassis Assembly,assembly,minor,rework,164.15,25.8
710,20241201,2024-12-01,2024,12,December,Rear Bumper v5,Exterior,Wolfe LLC,91.2,Exterior Trim - Station 16,Exterior Trim,cosmetic,minor,rework,116.66,11.5
711,20241202,2024-12-02,2024,12,December,ABS Unit v4,Safety,"Rodriguez, Figueroa and Sanchez",88.0,Safety Systems - Station 17,Safety Systems,functional,critical,rework,115.9,110.5
712,20241202,2024-12-02,2024,12,December,Headliner v2,Interior,Rhodes PLC,80.3,Interior Assembly - Station 12,Interior Assembly,assembly,major,scrap,568.84,51.5
713,20241202,2024-12-02,2024,12,December,Center Console,Interior,Rhodes PLC,80.3,Interior Assembly - Station 12,Interior Assembly,assembly,major,rework,189.0,59.6
714,20241202,2024-12-02,2024,12,December,Battery Pack v2,Electrical,Wolfe LLC,91.2,Electrical Assembly - Station 13,Electrical Assembly,electrical,minor,rework,97.52,29.0
715,20241202,2024-12-02,2024,12,December,,,,,Painting - Station 05,Painting,cosmetic,major,rework,27.92,73.8
716,20241202,2024-12-02,2024,12,December,,,,,Welding - Station 02,Welding,dimensional,minor,rework,5.85,15.5
717,20241202,2024-12-02,2024,12,December,Electric Motor v6,Powertrain,Wyatt Inc,85.8,Powertrain Assembly - Station 06,Powertrain Assembly,functional,minor,rework,666.85,19.2
718,20241202,2024-12-02,2024,12,December,Headliner v2,Interior,Rhodes PLC,80.3,Interior Assembly - Station 12,Interior Assembly,assembly,major,accepted_with_deviation,2.94,38.8
719,20241203,2024-12-03,2024,12,December,,,,,Painting - Station 04,Painting,cosmetic,minor,rework,4.33,11.4
720,20241203,2024-12-03,2024,12,December,Headliner v2,Interior,Rhodes PLC,80.3,Interior Assembly - Station 11,Interior Assembly,assembly,minor,rework,147.23,26.1
721,20241203,2024-12-03,2024,12,December,Backup Camera v6,Safety,Cole LLC,99.0,Safety Systems - Station 17,Safety Systems,functional,minor,rework,108.22,21.8
722,20241203,2024-12-03,2024,12,December,Center Console,Interior,Rhodes PLC,80.3,Interior Assembly - Station 10,Interior Assembly,assembly,major,accepted_with_deviation,4.59,60.6
723,20241203,2024-12-03,2024,12,December,Rear Bumper v5,Exterior,Wolfe LLC,91.2,Exterior Trim - Station 15,Exterior Trim,cosmetic,minor,rework,121.77,25.0
724,20241203,2024-12-03,2024,12,December,Crash Sensor v5,Safety,"Rodriguez, Figueroa and Sanchez",88.0,Safety Systems - Station 17,Safety Systems,functional,major,rework,106.48,55.8
725,20241203,2024-12-03,2024,12,December,Shock Absorber v3,Chassis,Wyatt Inc,85.8,Chassis Assembly - Station 08,Chassis Assembly,assembly,major,rework,178.88,72.8
726,20241203,2024-12-03,2024,12,December,Grille v2,Exterior,Arnold Ltd,99.0,Exterior Trim - Station 16,Exterior Trim,cosmetic,minor,rework,123.28,26.7
727,20241204,2024-12-04,2024,12,December,,,,,Final Assembly - Station 18,Final Assembly,assembly,minor,rework,10.08,26.6
728,20241204,2024-12-04,2024,12,December,,,,,Welding - Station 02,Welding,dimensional,minor,rework,6.21,16.4
729,20241204,2024-12-04,2024,12,December,,,,,Final Assembly - Station 18,Final Assembly,assembly,minor,rework,8.95,23.7
730,20241204,2024-12-04,2024,12,December,Battery Pack v2,Electrical,Wolfe LLC,91.2,Electrical Assembly - Station 14,Electrical Assembly,electrical,major,rework,104.62,47.8
731,20241204,2024-12-04,2024,12,December,Battery Pack v2,Electrical,Wolfe LLC,91.2,Electrical Assembly - Station 14,Electrical Assembly,electrical,minor,rework,95.23,23.0
732,20241204,2024-12-04,2024,12,December,Electric Motor v6,Powertrain,Wyatt Inc,85.8,Powertrain Assembly - Station 07,Powertrain Assembly,functional,minor,rework,665.08,14.5
733,20241205,2024-12-05,2024,12,December,,,,,Final Assembly - Station 18,Final Assembly,assembly,minor,rework,4.37,11.5
734,20241205,2024-12-05,2024,12,December,Drive Shaft v4,Powertrain,"Rodriguez, Figueroa and Sanchez",88.0,Powertrain Assembly - Station 07,Powertrain Assembly,functional,minor,rework,538.06,10.7
735,20241205,2024-12-05,2024,12,December,Electric Motor v6,Powertrain,Wyatt Inc,85.8,Powertrain Assembly - Station 06,Powertrain Assembly,functional,major,rework,675.48,42.0
736,20241205,2024-12-05,2024,12,December,Headliner v2,Interior,Rhodes PLC,80.3,Interior Assembly - Station 10,Interior Assembly,assembly,major,rework,165.44,74.3
737,20241205,2024-12-05,2024,12,December,,,,,Final Assembly - Station 18,Final Assembly,assembly,minor,rework,10.48,27.7
738,20241206,2024-12-06,2024,12,December,Shock Absorber v3,Chassis,Wyatt Inc,85.8,Chassis Assembly - Station 08,Chassis Assembly,assembly,minor,rework,158.3,18.4
739,20241206,2024-12-06,2024,12,December,Dashboard Panel v5,Interior,Davis-Abbott,83.4,Interior Assembly - Station 10,Interior Assembly,assembly,minor,rework,128.63,25.3
740,20241206,2024-12-06,2024,12,December,Electric Motor v6,Powertrain,Wyatt Inc,85.8,Powertrain Assembly - Station 07,Powertrain Assembly,functional,minor,rework,666.83,19.2
741,20241206,2024-12-06,2024,12,December,Backup Camera v6,Safety,Cole LLC,99.0,Safety Systems - Station 17,Safety Systems,functional,minor,rework,110.61,28.1
742,20241206,2024-12-06,2024,12,December,Headliner v2,Interior,Rhodes PLC,80.3,Interior Assembly - Station 10,Interior Assembly,assembly,minor,rework,146.83,25.1
743,20241206,2024-12-06,2024,12,December,Headliner v2,Interior,Rhodes PLC,80.3,Interior Assembly - Station 12,Interior Assembly,assembly,minor,rework,141.3,10.5
744,20241206,2024-12-06,2024,12,December,,,,,Painting - Station 04,Painting,cosmetic,minor,rework,6.82,18.0
745,20241207,2024-12-07,2024,12,December,ECU Module v7,Electrical,"Rodriguez, Figueroa and Sanchez",88.0,Electrical Assembly - Station 13,Electrical Assembly,electrical,minor,rework,47.96,16.0
746,20241207,2024-12-07,2024,12,December,Grille v2,Exterior,Arnold Ltd,99.0,Exterior Trim - Station 16,Exterior Trim,cosmetic,major,rework,136.61,61.9
747,20241208,2024-12-08,2024,12,December,Drive Shaft v4,Powertrain,"Rodriguez, Figueroa and Sanchez",88.0,Powertrain Assembly - Station 06,Powertrain Assembly,functional,minor,rework,541.88,20.8
748,20241208,2024-12-08,2024,12,December,Headliner v2,Interior,Rhodes PLC,80.3,Interior Assembly - Station 11,Interior Assembly,assembly,major,rework,153.29,42.2
749,20241209,2024-12-09,2024,12,December,Electric Motor v6,Powertrain,Wyatt Inc,85.8,Powertrain Assembly - Station 07,Powertrain Assembly,functional,major,rework,673.58,37.0
750,20241209,2024-12-09,2024,12,December,Headliner v2,Interior,Rhodes PLC,80.3,Interior Assembly - Station 10,Interior Assembly,assembly,major,rework,153.74,43.4
751,20241209,2024-12-09,2024,12,December,Dashboard Panel v5,Interior,Davis-Abbott,83.4,Interior Assembly - Station 12,Interior Assembly,assembly,major,rework,139.3,53.5
752,20241209,2024-12-09,2024,12,December,Grille v2,Exterior,Arnold Ltd,99.0,Exterior Trim - Station 16,Exterior Trim,cosmetic,major,scrap,476.34,62.6
753,20241209,2024-12-09,2024,12,December,Grille v2,Exterior,Arnold Ltd,99.0,Exterior Trim - Station 16,Exterior Trim,cosmetic,major,rework,134.32,55.9
754,20241209,2024-12-09,2024,12,December,,,,,Painting - Station 04,Painting,cosmetic,minor,accepted_with_deviation,1.14,15.0
755,20241209,2024-12-09,2024,12,December,Battery Pack v2,Electrical,Wolfe LLC,91.2,Electrical Assembly - Station 14,Electrical Assembly,electrical,minor,rework,92.74,16.4
756,20241209,2024-12-09,2024,12,December,Shock Absorber v3,Chassis,Wyatt Inc,85.8,Chassis Assembly - Station 08,Chassis Assembly,assembly,minor,rework,159.28,21.0
757,20241209,2024-12-09,2024,12,December,Shock Absorber v3,Chassis,Wyatt Inc,85.8,Chassis Assembly - Station 09,Chassis Assembly,assembly,critical,accepted_with_deviation,11.33,149.7
758,20241209,2024-12-09,2024,12,December,Battery Pack v2,Electrical,Wolfe LLC,91.2,Electrical Assembly - Station 14,Electrical Assembly,electrical,minor,rework,90.44,10.3
759,20241209,2024-12-09,2024,12,December,Shock Absorber v3,Chassis,Wyatt Inc,85.8,Chassis Assembly - Station 09,Chassis Assembly,assembly,major,rework,166.99,41.4
760,20241209,2024-12-09,2024,12,December,Door Trim v7,Interior,"Johnson, Gonzalez and Santos",85.8,Interior Assembly - Station 10,Interior Assembly,assembly,minor,rework,70.5,10.4
761,20241210,2024-12-10,2024,12,December,Shock Absorber v3,Chassis,Wyatt Inc,85.8,Chassis Assembly - Station 09,Chassis Assembly,assembly,major,rework,172.15,55.1
762,20241210,2024-12-10,2024,12,December,Electric Motor v6,Powertrain,Wyatt Inc,85.8,Powertrain Assembly - Station 06,Powertrain Assembly,functional,major,rework,678.62,50.3
763,20241210,2024-12-10,2024,12,December,,,,,Painting - Station 04,Painting,cosmetic,minor,rework,11.3,29.9
764,20241210,2024-12-10,2024,12,December,Headliner v2,Interior,Rhodes PLC,80.3,Interior Assembly - Station 11,Interior Assembly,assembly,minor,rework,145.47,21.5
765,20241210,2024-12-10,2024,12,December,Rear Bumper v5,Exterior,Wolfe LLC,91.2,Exterior Trim - Station 16,Exterior Trim,cosmetic,minor,rework,117.89,14.7
766,20241210,2024-12-10,2024,12,December,,,,,Painting - Station 04,Painting,cosmetic,minor,rework,4.65,12.3
767,20241210,2024-12-10,2024,12,December,Headliner v2,Interior,Rhodes PLC,80.3,Interior Assembly - Station 12,Interior Assembly,assembly,major,rework,153.77,43.4
768,20241210,2024-12-10,2024,12,December,,,,,Painting - Station 04,Painting,cosmetic,minor,rework,7.85,20.7
769,20241210,2024-12-10,2024,12,December,Center Console,Interior,Rhodes PLC,80.3,Interior Assembly - Station 11,Interior Assembly,assembly,minor,rework,176.02,25.3
770,20241211,2024-12-11,2024,12,December,Headliner v2,Interior,Rhodes PLC,80.3,Interior Assembly - Station 12,Interior Assembly,assembly,minor,rework,144.21,18.2
771,20241211,2024-12-11,2024,12,December,Center Console,Interior,Rhodes PLC,80.3,Interior Assembly - Station 10,Interior Assembly,assembly,minor,rework,176.77,27.3
772,20241211,2024-12-11,2024,12,December,Shock Absorber v3,Chassis,Wyatt Inc,85.8,Chassis Assembly - Station 09,Chassis Assembly,assembly,minor,rework,155.19,10.2
773,20241211,2024-12-11,2024,12,December,Electric Motor v6,Powertrain,Wyatt Inc,85.8,Powertrain Assembly - Station 06,Powertrain Assembly,functional,major,rework,678.76,50.7
774,20241211,2024-12-11,2024,12,December,Shock Absorber v3,Chassis,Wyatt Inc,85.8,Chassis Assembly - Station 08,Chassis Assembly,assembly,minor,accepted_with_deviation,2.16,28.5
775,20241211,2024-12-11,2024,12,December,Shock Absorber v3,Chassis,Wyatt Inc,85.8,Chassis Assembly - Station 08,Chassis Assembly,assembly,major,rework,163.88,33.2
776,20241211,2024-12-11,2024,12,December,Wiring Harness v6,Electrical,Bernard LLC,84.8,Electrical Assembly - Station 14,Electrical Assembly,electrical,major,rework,95.59,50.3
777,20241211,2024-12-11,2024,12,December,,,,,Painting - Station 05,Painting,cosmetic,major,rework,11.53,30.5
778,20241212,2024-12-12,2024,12,December,,,,,Painting - Station 05,Painting,cosmetic,critical,scrap,54.4,143.8
779,20241212,2024-12-12,2024,12,December,Electric Motor v6,Powertrain,Wyatt Inc,85.8,Powertrain Assembly - Station 06,Powertrain Assembly,functional,minor,rework,665.03,14.4
780,20241212,2024-12-12,2024,12,December,Dashboard Panel v5,Interior,Davis-Abbott,83.4,Interior Assembly - Station 11,Interior Assembly,assembly,minor,rework,129.51,27.7
781,20241212,2024-12-12,2024,12,December,Battery Pack v2,Electrical,Wolfe LLC,91.2,Electrical Assembly - Station 14,Electrical Assembly,electrical,minor,rework,91.69,13.6
782,20241212,2024-12-12,2024,12,December,,,,,Welding - Station 01,Welding,dimensional,minor,rework,8.43,22.3
783,20241213,2024-12-13,2024,12,December,Electric Motor v6,Powertrain,Wyatt Inc,85.8,Powertrain Assembly - Station 07,Powertrain Assembly,functional,major,rework,681.13,57.0
784,20241213,2024-12-13,2024,12,December,Headliner v2,Interior,Rhodes PLC,80.3,Interior Assembly - Station 10,Interior Assembly,assembly,minor,rework,141.74,11.6
785,20241213,2024-12-13,2024,12,December,,,,,Welding - Station 02,Welding,dimensional,minor,rework,9.21,24.3
786,20241213,2024-12-13,2024,12,December,ABS Unit v4,Safety,"Rodriguez, Figueroa and Sanchez",88.0,Safety Systems - Station 17,Safety Systems,functional,major,rework,88.11,37.1
787,20241213,2024-12-13,2024,12,December,Headliner v2,Interior,Rhodes PLC,80.3,Interior Assembly - Station 11,Interior Assembly,assembly,major,rework,154.05,44.2
788,20241213,2024-12-13,2024,12,December,Electric Motor v6,Powertrain,Wyatt Inc,85.8,Powertrain Assembly - Station 06,Powertrain Assembly,functional,minor,rework,663.42,10.2
789,20241213,2024-12-13,2024,12,December,Backup Camera v6,Safety,Cole LLC,99.0,Safety Systems - Station 17,Safety Systems,functional,minor,rework,109.21,24.4
790,20241213,2024-12-13,2024,12,December,Grille v2,Exterior,Arnold Ltd,99.0,Exterior Trim - Station 16,Exterior Trim,cosmetic,major,scrap,467.71,39.8
791,20241213,2024-12-13,2024,12,December,Shock Absorber v3,Chassis,Wyatt Inc,85.8,Chassis Assembly - Station 09,Chassis Assembly,assembly,major,rework,178.11,70.8
792,20241215,2024-12-15,2024,12,December,,,,,Welding - Station 01,Welding,dimensional,minor,rework,10.14,26.8
793,20241215,2024-12-15,2024,12,December,Grille v2,Exterior,Arnold Ltd,99.0,Exterior Trim - Station 16,Exterior Trim,cosmetic,minor,rework,119.91,17.8
794,20241216,2024-12-16,2024,12,December,Headliner v2,Interior,Rhodes PLC,80.3,Interior Assembly - Station 11,Interior Assembly,assembly,minor,rework,142.04,12.4
795,20241216,2024-12-16,2024,12,December,Electric Motor v6,Powertrain,Wyatt Inc,85.8,Powertrain Assembly - Station 07,Powertrain Assembly,functional,minor,rework,664.4,12.7
796,20241216,2024-12-16,2024,12,December,Headliner v2,Interior,Rhodes PLC,80.3,Interior Assembly - Station 10,Interior Assembly,assembly,minor,rework,143.68,16.8
797,20241216,2024-12-16,2024,12,December,Battery Pack v2,Electrical,Wolfe LLC,91.2,Electrical Assembly - Station 13,Electrical Assembly,electrical,major,rework,107.04,54.2
798,20241216,2024-12-16,2024,12,December,Headliner v2,Interior,Rhodes PLC,80.3,Interior Assembly - Station 12,Interior Assembly,assembly,minor,rework,146.95,25.4
799,20241216,2024-12-16,2024,12,December,,,,,Painting - Station 04,Painting,cosmetic,minor,rework,10.11,26.7
800,20241216,2024-12-16,2024,12,December,Headliner v2,Interior,Rhodes PLC,80.3,Interior Assembly - Station 10,Interior Assembly,assembly,minor,rework,142.15,12.7
801,20241216,2024-12-16,2024,12,December,,,,,Painting - Station 05,Painting,cosmetic,minor,rework,9.09,24.0
802,20241217,2024-12-17,2024,12,December,Dashboard Panel v5,Interior,Davis-Abbott,83.4,Interior Assembly - Station 12,Interior Assembly,assembly,minor,rework,129.29,27.1
803,20241217,2024-12-17,2024,12,December,Electric Motor v6,Powertrain,Wyatt Inc,85.8,Powertrain Assembly - Station 06,Powertrain Assembly,functional,minor,rework,664.87,14.0
804,20241217,2024-12-17,2024,12,December,Electric Motor v6,Powertrain,Wyatt Inc,85.8,Powertrain Assembly - Station 07,Powertrain Assembly,functional,minor,rework,664.89,14.1
805,20241217,2024-12-17,2024,12,December,,,,,Painting - Station 04,Painting,cosmetic,major,rework,20.91,55.3
806,20241217,2024-12-17,2024,12,December,Brake Caliper v4,Chassis,Blair PLC,99.0,Chassis Assembly - Station 09,Chassis Assembly,assembly,major,rework,176.02,57.2
807,20241217,2024-12-17,2024,12,December,Electric Motor v6,Powertrain,Wyatt Inc,85.8,Powertrain Assembly - Station 06,Powertrain Assembly,functional,major,rework,678.21,49.2
808,20241217,2024-12-17,2024,12,December,Brake Caliper v4,Chassis,Blair PLC,99.0,Chassis Assembly - Station 08,Chassis Assembly,assembly,major,rework,179.77,67.1
809,20241217,2024-12-17,2024,12,December,Headliner v2,Interior,Rhodes PLC,80.3,Interior Assembly - Station 11,Interior Assembly,assembly,minor,rework,143.31,15.8
810,20241217,2024-12-17,2024,12,December,Battery Pack v2,Electrical,Wolfe LLC,91.2,Electrical Assembly - Station 14,Electrical Assembly,electrical,minor,rework,91.19,12.3
811,20241217,2024-12-17,2024,12,December,Grille v2,Exterior,Arnold Ltd,99.0,Exterior Trim - Station 15,Exterior Trim,cosmetic,major,rework,127.27,37.3
812,20241218,2024-12-18,2024,12,December,ABS Unit v4,Safety,"Rodriguez, Figueroa and Sanchez",88.0,Safety Systems - Station 17,Safety Systems,functional,minor,rework,81.57,19.8
813,20241218,2024-12-18,2024,12,December,,,,,Painting - Station 04,Painting,cosmetic,major,rework,17.89,47.3
814,20241218,2024-12-18,2024,12,December,Dashboard Panel v5,Interior,Davis-Abbott,83.4,Interior Assembly - Station 11,Interior Assembly,assembly,major,rework,131.58,33.1
815,20241218,2024-12-18,2024,12,December,Rear Bumper v5,Exterior,Wolfe LLC,91.2,Exterior Trim - Station 15,Exterior Trim,cosmetic,minor,rework,123.66,30.0
816,20241218,2024-12-18,2024,12,December,Headliner v2,Interior,Rhodes PLC,80.3,Interior Assembly - Station 10,Interior Assembly,assembly,major,rework,158.92,57.0
817,20241218,2024-12-18,2024,12,December,Electric Motor v6,Powertrain,Wyatt Inc,85.8,Powertrain Assembly - Station 06,Powertrain Assembly,functional,major,scrap,2659.8,56.8
818,20241219,2024-12-19,2024,12,December,Brake Caliper v4,Chassis,Blair PLC,99.0,Chassis Assembly - Station 08,Chassis Assembly,assembly,minor,rework,159.47,13.5
819,20241219,2024-12-19,2024,12,December,Headliner v2,Interior,Rhodes PLC,80.3,Interior Assembly - Station 12,Interior Assembly,assembly,major,rework,159.55,58.7
820,20241219,2024-12-19,2024,12,December,Brake Caliper v4,Chassis,Blair PLC,99.0,Chassis Assembly - Station 09,Chassis Assembly,assembly,minor,rework,164.55,26.9
821,20241219,2024-12-19,2024,12,December,Headliner v2,Interior,Rhodes PLC,80.3,Interior Assembly - Station 10,Interior Assembly,assembly,major,rework,148.83,30.4
822,20241219,2024-12-19,2024,12,December,Grille v2,Exterior,Arnold Ltd,99.0,Exterior Trim - Station 15,Exterior Trim,cosmetic,major,scrap,469.23,43.8
823,20241219,2024-12-19,2024,12,December,,,,,Quality Check - Station 19,Quality Check,dimensional,minor,rework,11.14,29.4
824,20241219,2024-12-19,2024,12,December,,,,,Welding - Station 01,Welding,dimensional,minor,rework,8.91,23.6
825,20241219,2024-12-19,2024,12,December,Electric Motor v6,Powertrain,Wyatt Inc,85.8,Powertrain Assembly - Station 07,Powertrain Assembly,functional,minor,accepted_with_deviation,0.95,12.5
826,20241220,2024-12-20,2024,12,December,,,,,Welding - Station 03,Welding,dimensional,minor,rework,10.18,26.9
827,20241220,2024-12-20,2024,12,December,Rear Bumper v5,Exterior,Wolfe LLC,91.2,Exterior Trim - Station 15,Exterior Trim,cosmetic,minor,rework,118.07,15.2
828,20241220,2024-12-20,2024,12,December,Shock Absorber v3,Chassis,Wyatt Inc,85.8,Chassis Assembly - Station 09,Chassis Assembly,assembly,major,rework,168.61,45.7
829,20241220,2024-12-20,2024,12,December,Battery Pack v2,Electrical,Wolfe LLC,91.2,Electrical Assembly - Station 13,Electrical Assembly,electrical,minor,rework,90.91,11.5
830,20241220,2024-12-20,2024,12,December,Center Console,Interior,Rhodes PLC,80.3,Interior Assembly - Station 10,Interior Assembly,assembly,minor,rework,173.95,19.9
831,20241220,2024-12-20,2024,12,December,Backup Camera v6,Safety,Cole LLC,99.0,Safety Systems - Station 17,Safety Systems,functional,minor,accepted_with_deviation,1.28,16.9
832,20241220,2024-12-20,2024,12,December,Electric Motor v6,Powertrain,Wyatt Inc,85.8,Powertrain Assembly - Station 07,Powertrain Assembly,functional,critical,scrap,2680.36,111.2
833,20241220,2024-12-20,2024,12,December,,,,,Painting - Station 05,Painting,cosmetic,minor,rework,10.42,27.5
834,20241220,2024-12-20,2024,12,December,Battery Pack v2,Electrical,Wolfe LLC,91.2,Electrical Assembly - Station 14,Electrical Assembly,electrical,minor,rework,96.41,26.1
835,20241220,2024-12-20,2024,12,December,Headliner v2,Interior,Rhodes PLC,80.3,Interior Assembly - Station 10,Interior Assembly,assembly,minor,rework,146.65,24.6
836,20241220,2024-12-20,2024,12,December,Drive Shaft v4,Powertrain,"Rodriguez, Figueroa and Sanchez",88.0,Powertrain Assembly - Station 07,Powertrain Assembly,functional,major,rework,557.12,61.1
837,20241220,2024-12-20,2024,12,December,,,,,Welding - Station 01,Welding,dimensional,minor,accepted_with_deviation,0.77,10.2
838,20241222,2024-12-22,2024,12,December,Shock Absorber v3,Chassis,Wyatt Inc,85.8,Chassis Assembly - Station 09,Chassis Assembly,assembly,minor,rework,158.85,19.9
839,20241223,2024-12-23,2024,12,December,Grille v2,Exterior,Arnold Ltd,99.0,Exterior Trim - Station 16,Exterior Trim,cosmetic,minor,rework,123.71,27.9
840,20241223,2024-12-23,2024,12,December,Grille v2,Exterior,Arnold Ltd,99.0,Exterior Trim - Station 16,Exterior Trim,cosmetic,minor,accepted_with_deviation,2.22,29.3
841,20241223,2024-12-23,2024,12,December,Drive Shaft v4,Powertrain,"Rodriguez, Figueroa and Sanchez",88.0,Powertrain Assembly - Station 06,Powertrain Assembly,functional,minor,rework,544.7,28.2
842,20241223,2024-12-23,2024,12,December,Headliner v2,Interior,Rhodes PLC,80.3,Interior Assembly - Station 10,Interior Assembly,assembly,critical,scrap,588.09,102.4
843,20241223,2024-12-23,2024,12,December,Brake Caliper v4,Chassis,Blair PLC,99.0,Chassis Assembly - Station 09,Chassis Assembly,assembly,major,rework,179.48,66.4
844,20241223,2024-12-23,2024,12,December,Dashboard Panel v5,Interior,Davis-Abbott,83.4,Interior Assembly - Station 10,Interior Assembly,assembly,critical,rework,174.28,146.0
845,20241224,2024-12-24,2024,12,December,,,,,Welding - Station 01,Welding,dimensional,minor,rework,8.68,22.9
846,20241224,2024-12-24,2024,12,December,Brake Caliper v4,Chassis,Blair PLC,99.0,Chassis Assembly - Station 09,Chassis Assembly,assembly,major,accepted_with_deviation,3.24,42.8
847,20241224,2024-12-24,2024,12,December,Center Console,Interior,Rhodes PLC,80.3,Interior Assembly - Station 12,Interior Assembly,assembly,minor,rework,172.12,15.0
848,20241224,2024-12-24,2024,12,December,,,,,Welding - Station 01,Welding,dimensional,minor,rework,9.16,24.2
849,20241224,2024-12-24,2024,12,December,Electric Motor v6,Powertrain,Wyatt Inc,85.8,Powertrain Assembly - Station 07,Powertrain Assembly,functional,minor,rework,666.48,18.2
850,20241224,2024-12-24,2024,12,December,Headliner v2,Interior,Rhodes PLC,80.3,Interior Assembly - Station 12,Interior Assembly,assembly,minor,rework,144.03,17.7
851,20241225,2024-12-25,2024,12,December,,,,,Welding - Station 03,Welding,dimensional,minor,rework,6.06,16.0
852,20241225,2024-12-25,2024,12,December,ABS Unit v4,Safety,"Rodriguez, Figueroa and Sanchez",88.0,Safety Systems - Station 17,Safety Systems,functional,minor,rework,84.59,27.8
853,20241226,2024-12-26,2024,12,December,Shock Absorber v3,Chassis,Wyatt Inc,85.8,Chassis Assembly - Station 09,Chassis Assembly,assembly,minor,rework,161.39,26.6
854,20241226,2024-12-26,2024,12,December,Grille v2,Exterior,Arnold Ltd,99.0,Exterior Trim - Station 16,Exterior Trim,cosmetic,minor,rework,118.58,14.3
855,20241226,2024-12-26,2024,12,December,Grille v2,Exterior,Arnold Ltd,99.0,Exterior Trim - Station 15,Exterior Trim,cosmetic,minor,rework,124.13,29.0
856,20241227,2024-12-27,2024,12,December,Headliner v2,Interior,Rhodes PLC,80.3,Interior Assembly - Station 12,Interior Assembly,assembly,minor,rework,145.27,21.0
857,20241227,2024-12-27,2024,12,December,Brake Caliper v4,Chassis,Blair PLC,99.0,Chassis Assembly - Station 09,Chassis Assembly,assembly,minor,rework,165.07,28.3
858,20241227,2024-12-27,2024,12,December,Headliner v2,Interior,Rhodes PLC,80.3,Interior Assembly - Station 10,Interior Assembly,assembly,minor,rework,146.37,23.9
859,20241227,2024-12-27,2024,12,December,,,,,Welding - Station 03,Welding,dimensional,minor,rework,5.21,13.8
860,20241227,2024-12-27,2024,12,December,Shock Absorber v3,Chassis,Wyatt Inc,85.8,Chassis Assembly - Station 09,Chassis Assembly,assembly,major,rework,162.97,30.8
861,20241227,2024-12-27,2024,12,December,,,,,Welding - Station 03,Welding,dimensional,minor,rework,4.33,11.4
862,20241227,2024-12-27,2024,12,December,,,,,Final Assembly - Station 18,Final Assembly,assembly,minor,rework,7.44,19.7
863,20241228,2024-12-28,2024,12,December,Shock Absorber v3,Chassis,Wyatt Inc,85.8,Chassis Assembly - Station 09,Chassis Assembly,assembly,major,rework,167.46,42.7
864,20241228,2024-12-28,2024,12,December,Battery Pack v2,Electrical,Wolfe LLC,91.2,Electrical Assembly - Station 13,Electrical Assembly,electrical,minor,rework,93.04,17.2
865,20241229,2024-12-29,2024,12,December,Center Console,Interior,Rhodes PLC,80.3,Interior Assembly - Station 12,Interior Assembly,assembly,major,rework,179.12,33.5
866,20241230,2024-12-30,2024,12,December,Battery Pack v2,Electrical,Wolfe LLC,91.2,Electrical Assembly - Station 14,Electrical Assembly,electrical,minor,rework,92.53,15.8
867,20241230,2024-12-30,2024,12,December,Rear Bumper v5,Exterior,Wolfe LLC,91.2,Exterior Trim - Station 15,Exterior Trim,cosmetic,major,rework,129.65,45.8
868,20241230,2024-12-30,2024,12,December,Shock Absorber v3,Chassis,Wyatt Inc,85.8,Chassis Assembly - Station 09,Chassis Assembly,assembly,major,rework,173.0,57.3
869,20241230,2024-12-30,2024,12,December,Grille v2,Exterior,Arnold Ltd,99.0,Exterior Trim - Station 16,Exterior Trim,cosmetic,minor,rework,119.08,15.6
870,20241231,2024-12-31,2024,12,December,Electric Motor v6,Powertrain,Wyatt Inc,85.8,Powertrain Assembly - Station 06,Powertrain Assembly,functional,minor,rework,665.55,15.8
871,20241231,2024-12-31,2024,12,December,,,,,Welding - Station 02,Welding,dimensional,major,rework,14.6,38.6
872,20241231,2024-12-31,2024,12,December,Electric Motor v6,Powertrain,Wyatt Inc,85.8,Powertrain Assembly - Station 07,Powertrain Assembly,functional,critical,rework,694.29,91.7
873,20241231,2024-12-31,2024,12,December,Brake Caliper v4,Chassis,Blair PLC,99.0,Chassis Assembly - Station 09,Chassis Assembly,assembly,major,rework,175.47,55.8
874,20250101,2025-01-01,2025,1,January,Electric Motor v6,Powertrain,Wyatt Inc,85.8,Powertrain Assembly - Station 07,Powertrain Assembly,functional,critical,rework,700.94,109.3
875,20250101,2025-01-01,2025,1,January,Headliner v2,Interior,Rhodes PLC,80.3,Interior Assembly - Station 12,Interior Assembly,assembly,minor,rework,141.15,10.1
876,20250101,2025-01-01,2025,1,January,,,,,Welding - Station 01,Welding,dimensional,minor,rework,4.36,11.5
877,20250101,2025-01-01,2025,1,January,,,,,Welding - Station 02,Welding,dimensional,minor,rework,7.05,18.6
878,20250101,2025-01-01,2025,1,January,Center Console,Interior,Rhodes PLC,80.3,Interior Assembly - Station 10,Interior Assembly,assembly,major,rework,190.79,64.3
879,20250101,2025-01-01,2025,1,January,,,,,Painting - Station 05,Painting,cosmetic,major,rework,14.75,39.0
880,20250102,2025-01-02,2025,1,January,Brake Caliper v4,Chassis,Blair PLC,99.0,Chassis Assembly - Station 08,Chassis Assembly,assembly,minor,rework,158.85,11.9
881,20250102,2025-01-02,2025,1,January,Drive Shaft v4,Powertrain,"Rodriguez, Figueroa and Sanchez",88.0,Powertrain Assembly - Station 07,Powertrain Assembly,functional,minor,accepted_with_deviation,1.38,18.2
882,20250102,2025-01-02,2025,1,January,Shock Absorber v3,Chassis,Wyatt Inc,85.8,Chassis Assembly - Station 08,Chassis Assembly,assembly,minor,rework,162.01,28.3
883,20250102,2025-01-02,2025,1,January,Grille v2,Exterior,Arnold Ltd,99.0,Exterior Trim - Station 15,Exterior Trim,cosmetic,minor,rework,117.38,11.1
884,20250102,2025-01-02,2025,1,January,Headliner v2,Interior,Rhodes PLC,80.3,Interior Assembly - Station 11,Interior Assembly,assembly,major,accepted_with_deviation,4.86,64.3
885,20250103,2025-01-03,2025,1,January,Rear Bumper v5,Exterior,Wolfe LLC,91.2,Exterior Trim - Station 15,Exterior Trim,cosmetic,minor,accepted_with_deviation,1.54,20.4
886,20250103,2025-01-03,2025,1,January,,,,,Painting - Station 05,Painting,cosmetic,minor,rework,9.82,25.9
887,20250103,2025-01-03,2025,1,January,Grille v2,Exterior,Arnold Ltd,99.0,Exterior Trim - Station 15,Exterior Trim,cosmetic,major,rework,137.22,63.6
888,20250103,2025-01-03,2025,1,January,Wiring Harness v6,Electrical,Bernard LLC,84.8,Electrical Assembly - Station 14,Electrical Assembly,electrical,minor,rework,80.5,10.4
889,20250103,2025-01-03,2025,1,January,Rear Bumper v5,Exterior,Wolfe LLC,91.2,Exterior Trim - Station 15,Exterior Trim,cosmetic,minor,rework,119.84,19.9
890,20250103,2025-01-03,2025,1,January,,,,,Welding - Station 02,Welding,dimensional,critical,accepted_with_deviation,10.35,136.8
891,20250105,2025-01-05,2025,1,January,Shock Absorber v3,Chassis,Wyatt Inc,85.8,Chassis Assembly - Station 08,Chassis Assembly,assembly,minor,rework,158.49,19.0
892,20250105,2025-01-05,2025,1,January,Grille v2,Exterior,Arnold Ltd,99.0,Exterior Trim - Station 15,Exterior Trim,cosmetic,major,rework,132.02,49.8
893,20250105,2025-01-05,2025,1,January,,,,,Painting - Station 05,Painting,cosmetic,minor,rework,5.02,13.3
894,20250105,2025-01-05,2025,1,January,,,,,Painting - Station 05,Painting,cosmetic,minor,rework,7.65,20.2
895,20250105,2025-01-05,2025,1,January,,,,,Welding - Station 01,Welding,dimensional,minor,rework,8.6,22.7
896,20250106,2025-01-06,2025,1,January,Grille v2,Exterior,Arnold Ltd,99.0,Exterior Trim - Station 16,Exterior Trim,cosmetic,major,rework,127.2,37.1
897,20250106,2025-01-06,2025,1,January,,,,,Welding - Station 01,Welding,dimensional,minor,rework,10.18,26.9
898,20250106,2025-01-06,2025,1,January,,,,,Painting - Station 05,Painting,cosmetic,minor,rework,7.33,19.4
899,20250106,2025-01-06,2025,1,January,Electric Motor v6,Powertrain,Wyatt Inc,85.8,Powertrain Assembly - Station 06,Powertrain Assembly,functional,major,rework,681.11,56.9
900,20250106,2025-01-06,2025,1,January,Drive Shaft v4,Powertrain,"Rodriguez, Figueroa and Sanchez",88.0,Powertrain Assembly - Station 07,Powertrain Assembly,functional,minor,rework,539.11,13.4
901,20250106,2025-01-06,2025,1,January,Headliner v2,Interior,Rhodes PLC,80.3,Interior Assembly - Station 11,Interior Assembly,assembly,critical,rework,166.8,77.9
902,20250106,2025-01-06,2025,1,January,Drive Shaft v4,Powertrain,"Rodriguez, Figueroa and Sanchez",88.0,Powertrain Assembly - Station 07,Powertrain Assembly,functional,major,rework,552.49,48.8
903,20250106,2025-01-06,2025,1,January,Battery Pack v2,Electrical,Wolfe LLC,91.2,Electrical Assembly - Station 14,Electrical Assembly,electrical,minor,rework,90.57,10.7
904,20250107,2025-01-07,2025,1,January,Battery Pack v2,Electrical,Wolfe LLC,91.2,Electrical Assembly - Station 14,Electrical Assembly,electrical,minor,rework,94.05,19.9
905,20250107,2025-01-07,2025,1,January,ABS Unit v4,Safety,"Rodriguez, Figueroa and Sanchez",88.0,Safety Systems - Station 17,Safety Systems,functional,minor,rework,83.58,25.1
906,20250107,2025-01-07,2025,1,January,Brake Caliper v4,Chassis,Blair PLC,99.0,Chassis Assembly - Station 08,Chassis Assembly,assembly,minor,rework,158.71,11.5
907,20250107,2025-01-07,2025,1,January,Battery Pack v2,Electrical,Wolfe LLC,91.2,Electrical Assembly - Station 14,Electrical Assembly,electrical,minor,accepted_with_deviation,1.13,14.9
908,20250107,2025-01-07,2025,1,January,Grille v2,Exterior,Arnold Ltd,99.0,Exterior Trim - Station 15,Exterior Trim,cosmetic,major,accepted_with_deviation,5.18,68.5
909,20250107,2025-01-07,2025,1,January,Center Console,Interior,Rhodes PLC,80.3,Interior Assembly - Station 10,Interior Assembly,assembly,minor,rework,174.24,20.6
910,20250107,2025-01-07,2025,1,January,Backup Camera v6,Safety,Cole LLC,99.0,Safety Systems - Station 17,Safety Systems,functional,major,rework,124.64,65.2
911,20250107,2025-01-07,2025,1,January,,,,,Welding - Station 01,Welding,dimensional,minor,rework,4.17,11.0
912,20250108,2025-01-08,2025,1,January,Shock Absorber v3,Chassis,Wyatt Inc,85.8,Chassis Assembly - Station 09,Chassis Assembly,assembly,major,rework,175.94,65.1
913,20250108,2025-01-08,2025,1,January,Headliner v2,Interior,Rhodes PLC,80.3,Interior Assembly - Station 10,Interior Assembly,assembly,minor,rework,145.71,22.1
914,20250108,2025-01-08,2025,1,January,Battery Pack v2,Electrical,Wolfe LLC,91.2,Electrical Assembly - Station 14,Electrical Assembly,electrical,minor,accepted_with_deviation,2.22,29.4
915,20250108,2025-01-08,2025,1,January,Shock Absorber v3,Chassis,Wyatt Inc,85.8,Chassis Assembly - Station 08,Chassis Assembly,assembly,minor,rework,161.68,27.4
916,20250108,2025-01-08,2025,1,January,Brake Caliper v4,Chassis,Blair PLC,99.0,Chassis Assembly - Station 09,Chassis Assembly,assembly,minor,rework,161.9,19.9
917,20250108,2025-01-08,2025,1,January,,,,,Welding - Station 02,Welding,dimensional,minor,rework,10.39,27.5
918,20250108,2025-01-08,2025,1,January,,,,,Welding - Station 01,Welding,dimensional,major,rework,22.57,59.7
919,20250108,2025-01-08,2025,1,January,,,,,Welding - Station 01,Welding,dimensional,major,rework,15.2,40.2
920,20250109,2025-01-09,2025,1,January,Electric Motor v6,Powertrain,Wyatt Inc,85.8,Powertrain Assembly - Station 07,Powertrain Assembly,functional,major,rework,672.96,35.4
921,20250109,2025-01-09,2025,1,January,Battery Pack v2,Electrical,Wolfe LLC,91.2,Electrical Assembly - Station 14,Electrical Assembly,electrical,major,scrap,373.4,72.0
922,20250109,2025-01-09,2025,1,January,,,,,Welding - Station 01,Welding,dimensional,minor,rework,7.15,18.9
923,20250109,2025-01-09,2025,1,January,Headliner v2,Interior,Rhodes PLC,80.3,Interior Assembly - Station 11,Interior Assembly,assembly,major,rework,153.28,42.1
924,20250109,2025-01-09,2025,1,January,Door Trim v7,Interior,"Johnson, Gonzalez and Santos",85.8,Interior Assembly - Station 11,Interior Assembly,assembly,minor,rework,71.75,13.7
925,20250110,2025-01-10,2025,1,January,Shock Absorber v3,Chassis,Wyatt Inc,85.8,Chassis Assembly - Station 08,Chassis Assembly,assembly,minor,rework,162.05,28.4
926,20250110,2025-01-10,2025,1,January,,,,,Welding - Station 01,Welding,dimensional,minor,rework,6.6,17.4
927,20250110,2025-01-10,2025,1,January,Brake Caliper v4,Chassis,Blair PLC,99.0,Chassis Assembly - Station 09,Chassis Assembly,assembly,minor,rework,163.21,23.4
928,20250110,2025-01-10,2025,1,January,ECU Module v7,Electrical,"Rodriguez, Figueroa and Sanchez",88.0,Electrical Assembly - Station 13,Electrical Assembly,electrical,minor,rework,52.69,28.5
929,20250110,2025-01-10,2025,1,January,Grille v2,Exterior,Arnold Ltd,99.0,Exterior Trim - Station 15,Exterior Trim,cosmetic,minor,rework,117.29,10.9
930,20250110,2025-01-10,2025,1,January,Battery Pack v2,Electrical,Wolfe LLC,91.2,Electrical Assembly - Station 13,Electrical Assembly,electrical,minor,rework,93.8,19.2
931,20250110,2025-01-10,2025,1,January,,,,,Quality Check - Station 20,Quality Check,dimensional,minor,rework,9.78,25.9
932,20250111,2025-01-11,2025,1,January,Shock Absorber v3,Chassis,Wyatt Inc,85.8,Chassis Assembly - Station 08,Chassis Assembly,assembly,major,rework,170.21,49.9
933,20250111,2025-01-11,2025,1,January,Brake Caliper v4,Chassis,Blair PLC,99.0,Chassis Assembly - Station 09,Chassis Assembly,assembly,minor,rework,159.6,13.8
934,20250112,2025-01-12,2025,1,January,,,,,Final Assembly - Station 18,Final Assembly,assembly,major,rework,27.73,73.3
935,20250112,2025-01-12,2025,1,January,Grille v2,Exterior,Arnold Ltd,99.0,Exterior Trim - Station 15,Exterior Trim,cosmetic,minor,rework,122.9,25.7
936,20250113,2025-01-13,2025,1,January,Electric Motor v6,Powertrain,Wyatt Inc,85.8,Powertrain Assembly - Station 07,Powertrain Assembly,functional,major,rework,687.21,73.0
937,20250113,2025-01-13,2025,1,January,,,,,Welding - Station 02,Welding,dimensional,major,rework,18.68,49.4
938,20250113,2025-01-13,2025,1,January,Rear Bumper v5,Exterior,Wolfe LLC,91.2,Exterior Trim - Station 15,Exterior Trim,cosmetic,critical,scrap,477.15,73.7
939,20250113,2025-01-13,2025,1,January,ABS Unit v4,Safety,"Rodriguez, Figueroa and Sanchez",88.0,Safety Systems - Station 17,Safety Systems,functional,critical,rework,114.32,106.4
940,20250113,2025-01-13,2025,1,January,ABS Unit v4,Safety,"Rodriguez, Figueroa and Sanchez",88.0,Safety Systems - Station 17,Safety Systems,functional,major,rework,89.2,40.0
941,20250113,2025-01-13,2025,1,January,,,,,Welding - Station 03,Welding,dimensional,minor,rework,5.88,15.5
942,20250114,2025-01-14,2025,1,January,,,,,Welding - Station 02,Welding,dimensional,minor,rework,6.93,18.3
943,20250114,2025-01-14,2025,1,January,,,,,Final Assembly - Station 18,Final Assembly,assembly,minor,rework,7.47,19.8
944,20250114,2025-01-14,2025,1,January,Shock Absorber v3,Chassis,Wyatt Inc,85.8,Chassis Assembly - Station 09,Chassis Assembly,assembly,minor,rework,157.1,15.3
945,20250114,2025-01-14,2025,1,January,Crash Sensor v5,Safety,"Rodriguez, Figueroa and Sanchez",88.0,Safety Systems - Station 17,Safety Systems,functional,minor,rework,95.26,26.1
946,20250115,2025-01-15,2025,1,January,Headliner v2,Interior,Rhodes PLC,80.3,Interior Assembly - Station 10,Interior Assembly,assembly,minor,rework,144.44,18.8
947,20250115,2025-01-15,2025,1,January,,,,,Painting - Station 04,Painting,cosmetic,minor,rework,4.0,10.6
948,20250115,2025-01-15,2025,1,January,Grille v2,Exterior,Arnold Ltd,99.0,Exterior Trim - Station 16,Exterior Trim,cosmetic,minor,accepted_with_deviation,1.63,21.5
949,20250115,2025-01-15,2025,1,January,,,,,Welding - Station 01,Welding,dimensional,major,rework,15.81,41.8
950,20250116,2025-01-16,2025,1,January,ECU Module v7,Electrical,"Rodriguez, Figueroa and Sanchez",88.0,Electrical Assembly - Station 13,Electrical Assembly,electrical,minor,accepted_with_deviation,1.69,22.3
951,20250116,2025-01-16,2025,1,January,Electric Motor v6,Powertrain,Wyatt Inc,85.8,Powertrain Assembly - Station 07,Powertrain Assembly,functional,minor,rework,664.82,13.9
952,20250116,2025-01-16,2025,1,January,Shock Absorber v3,Chassis,Wyatt Inc,85.8,Chassis Assembly - Station 09,Chassis Assembly,assembly,major,rework,168.15,44.5
953,20250117,2025-01-17,2025,1,January,Headliner v2,Interior,Rhodes PLC,80.3,Interior Assembly - Station 12,Interior Assembly,assembly,critical,scrap,583.83,91.2
954,20250117,2025-01-17,2025,1,January,Electric Motor v6,Powertrain,Wyatt Inc,85.8,Powertrain Assembly - Station 06,Powertrain Assembly,functional,minor,rework,665.56,15.8
955,20250117,2025-01-17,2025,1,January,Rear Bumper v5,Exterior,Wolfe LLC,91.2,Exterior Trim - Station 15,Exterior Trim,cosmetic,minor,rework,123.34,29.1
956,20250117,2025-01-17,2025,1,January,Battery Pack v2,Electrical,Wolfe LLC,91.2,Electrical Assembly - Station 13,Electrical Assembly,electrical,minor,rework,95.28,23.1
957,20250117,2025-01-17,2025,1,January,,,,,Painting - Station 05,Painting,cosmetic,minor,rework,8.89,23.5
958,20250118,2025-01-18,2025,1,January,,,,,Painting - Station 04,Painting,cosmetic,minor,rework,5.13,13.6
959,20250118,2025-01-18,2025,1,January,,,,,Final Assembly - Station 18,Final Assembly,assembly,minor,rework,4.68,12.4
960,20250118,2025-01-18,2025,1,January,,,,,Welding - Station 03,Welding,dimensional,minor,rework,7.15,18.9
961,20250119,2025-01-19,2025,1,January,,,,,Welding - Station 01,Welding,dimensional,critical,scrap,30.89,81.6
962,20250119,2025-01-19,2025,1,January,Grille v2,Exterior,Arnold Ltd,99.0,Exterior Trim - Station 16,Exterior Trim,cosmetic,major,rework,131.82,49.3
963,20250119,2025-01-19,2025,1,January,,,,,Welding - Station 03,Welding,dimensional,critical,scrap,24.82,65.6
964,20250119,2025-01-19,2025,1,January,Electric Motor v6,Powertrain,Wyatt Inc,85.8,Powertrain Assembly - Station 07,Powertrain Assembly,functional,minor,rework,669.01,24.9
965,20250120,2025-01-20,2025,1,January,,,,,Welding - Station 02,Welding,dimensional,minor,rework,7.84,20.7
966,20250120,2025-01-20,2025,1,January,Rear Bumper v5,Exterior,Wolfe LLC,91.2,Exterior Trim - Station 15,Exterior Trim,cosmetic,minor,rework,123.5,29.6
967,20250120,2025-01-20,2025,1,January,Brake Caliper v4,Chassis,Blair PLC,99.0,Chassis Assembly - Station 09,Chassis Assembly,assembly,minor,rework,158.21,10.1
968,20250120,2025-01-20,2025,1,January,Door Trim v7,Interior,"Johnson, Gonzalez and Santos",85.8,Interior Assembly - Station 10,Interior Assembly,assembly,minor,accepted_with_deviation,1.41,18.6
969,20250121,2025-01-21,2025,1,January,,,,,Painting - Station 05,Painting,cosmetic,major,rework,24.88,65.8
970,20250121,2025-01-21,2025,1,January,Headliner v2,Interior,Rhodes PLC,80.3,Interior Assembly - Station 10,Interior Assembly,assembly,minor,rework,142.65,14.0
971,20250121,2025-01-21,2025,1,January,Brake Caliper v4,Chassis,Blair PLC,99.0,Chassis Assembly - Station 08,Chassis Assembly,assembly,minor,accepted_with_deviation,1.74,23.0
972,20250121,2025-01-21,2025,1,January,,,,,Welding - Station 03,Welding,dimensional,minor,rework,10.24,27.1
973,20250121,2025-01-21,2025,1,January,,,,,Welding - Station 03,Welding,dimensional,minor,rework,6.62,17.5
974,20250121,2025-01-21,2025,1,January,Grille v2,Exterior,Arnold Ltd,99.0,Exterior Trim - Station 15,Exterior Trim,cosmetic,major,rework,133.0,52.4
975,20250122,2025-01-22,2025,1,January,Battery Pack v2,Electrical,Wolfe LLC,91.2,Electrical Assembly - Station 14,Electrical Assembly,electrical,critical,rework,109.98,62.0
976,20250122,2025-01-22,2025,1,January,Grille v2,Exterior,Arnold Ltd,99.0,Exterior Trim - Station 15,Exterior Trim,cosmetic,minor,rework,121.52,22.1
977,20250123,2025-01-23,2025,1,January,Door Trim v7,Interior,"Johnson, Gonzalez and Santos",85.8,Interior Assembly - Station 10,Interior Assembly,assembly,minor,rework,72.94,16.9
978,20250123,2025-01-23,2025,1,January,Center Console,Interior,Rhodes PLC,80.3,Interior Assembly - Station 11,Interior Assembly,assembly,minor,rework,176.76,27.3
979,20250123,2025-01-23,2025,1,January,,,,,Final Assembly - Station 18,Final Assembly,assembly,minor,rework,7.21,19.1
980,20250123,2025-01-23,2025,1,January,,,,,Painting - Station 05,Painting,cosmetic,minor,accepted_with_deviation,1.66,22.0
981,20250123,2025-01-23,2025,1,January,,,,,Painting - Station 05,Painting,cosmetic,major,rework,27.82,73.5
982,20250124,2025-01-24,2025,1,January,Headliner v2,Interior,Rhodes PLC,80.3,Interior Assembly - Station 10,Interior Assembly,assembly,minor,rework,141.86,12.0
983,20250124,2025-01-24,2025,1,January,,,,,Painting - Station 04,Painting,cosmetic,minor,rework,9.23,24.4
984,20250124,2025-01-24,2025,1,January,Drive Shaft v4,Powertrain,"Rodriguez, Figueroa and Sanchez",88.0,Powertrain Assembly - Station 06,Powertrain Assembly,functional,major,rework,551.73,46.8
985,20250124,2025-01-24,2025,1,January,Grille v2,Exterior,Arnold Ltd,99.0,Exterior Trim - Station 16,Exterior Trim,cosmetic,minor,accepted_with_deviation,2.13,28.1
986,20250124,2025-01-24,2025,1,January,Battery Pack v2,Electrical,Wolfe LLC,91.2,Electrical Assembly - Station 14,Electrical Assembly,electrical,major,scrap,362.13,42.2
987,20250124,2025-01-24,2025,1,January,Grille v2,Exterior,Arnold Ltd,99.0,Exterior Trim - Station 15,Exterior Trim,cosmetic,major,rework,135.51,59.0
988,20250124,2025-01-24,2025,1,January,Center Console,Interior,Rhodes PLC,80.3,Interior Assembly - Station 10,Interior Assembly,assembly,minor,accepted_with_deviation,1.31,17.3
989,20250124,2025-01-24,2025,1,January,,,,,Final Assembly - Station 18,Final Assembly,assembly,critical,scrap,40.38,106.7
990,20250125,2025-01-25,2025,1,January,ECU Module v7,Electrical,"Rodriguez, Figueroa and Sanchez",88.0,Electrical Assembly - Station 14,Electrical Assembly,electrical,minor,rework,46.16,11.2
991,20250125,2025-01-25,2025,1,January,Headliner v2,Interior,Rhodes PLC,80.3,Interior Assembly - Station 10,Interior Assembly,assembly,minor,rework,148.32,29.0
992,20250125,2025-01-25,2025,1,January,Drive Shaft v4,Powertrain,"Rodriguez, Figueroa and Sanchez",88.0,Powertrain Assembly - Station 06,Powertrain Assembly,functional,minor,rework,544.19,26.9
993,20250126,2025-01-26,2025,1,January,,,,,Welding - Station 01,Welding,dimensional,minor,accepted_with_deviation,2.13,28.1
994,20250126,2025-01-26,2025,1,January,Rear Bumper v5,Exterior,Wolfe LLC,91.2,Exterior Trim - Station 16,Exterior Trim,cosmetic,minor,rework,121.62,24.6
995,20250127,2025-01-27,2025,1,January,Wiring Harness v6,Electrical,Bernard LLC,84.8,Electrical Assembly - Station 14,Electrical Assembly,electrical,minor,rework,85.47,23.6
996,20250127,2025-01-27,2025,1,January,Grille v2,Exterior,Arnold Ltd,99.0,Exterior Trim - Station 15,Exterior Trim,cosmetic,major,rework,138.77,67.7
997,20250127,2025-01-27,2025,1,January,ABS Unit v4,Safety,"Rodriguez, Figueroa and Sanchez",88.0,Safety Systems - Station 17,Safety Systems,functional,major,rework,94.52,54.0
998,20250127,2025-01-27,2025,1,January,Electric Motor v6,Powertrain,Wyatt Inc,85.8,Powertrain Assembly - Station 07,Powertrain Assembly,functional,major,rework,677.55,47.5
999,20250128,2025-01-28,2025,1,January,,,,,Painting - Station 05,Painting,cosmetic,major,rework,15.33,40.5
1000,20250128,2025-01-28,2025,1,January,Electric Motor v6,Powertrain,Wyatt Inc,85.8,Powertrain Assembly - Station 06,Powertrain Assembly,functional,minor,rework,669.93,27.4
1001,20250128,2025-01-28,2025,1,January,,,,,Welding - Station 02,Welding,dimensional,minor,rework,7.74,20.5
1002,20250128,2025-01-28,2025,1,January,Backup Camera v6,Safety,Cole LLC,99.0,Safety Systems - Station 17,Safety Systems,functional,major,accepted_with_deviation,4.78,63.2
1003,20250128,2025-01-28,2025,1,January,Headliner v2,Interior,Rhodes PLC,80.3,Interior Assembly - Station 11,Interior Assembly,assembly,minor,rework,142.59,13.9
1004,20250129,2025-01-29,2025,1,January,Battery Pack v2,Electrical,Wolfe LLC,91.2,Electrical Assembly - Station 14,Electrical Assembly,electrical,minor,rework,93.65,18.8
1005,20250129,2025-01-29,2025,1,January,Backup Camera v6,Safety,Cole LLC,99.0,Safety Systems - Station 17,Safety Systems,functional,minor,rework,108.45,22.4
1006,20250129,2025-01-29,2025,1,January,Brake Caliper v4,Chassis,Blair PLC,99.0,Chassis Assembly - Station 09,Chassis Assembly,assembly,minor,rework,160.88,17.2
1007,20250129,2025-01-29,2025,1,January,Rear Bumper v5,Exterior,Wolfe LLC,91.2,Exterior Trim - Station 15,Exterior Trim,cosmetic,minor,rework,122.16,26.0
1008,20250129,2025-01-29,2025,1,January,Shock Absorber v3,Chassis,Wyatt Inc,85.8,Chassis Assembly - Station 08,Chassis Assembly,assembly,major,rework,175.18,63.1
1009,20250129,2025-01-29,2025,1,January,Shock Absorber v3,Chassis,Wyatt Inc,85.8,Chassis Assembly - Station 09,Chassis Assembly,assembly,minor,rework,158.18,18.1
1010,20250129,2025-01-29,2025,1,January,,,,,Painting - Station 04,Painting,cosmetic,minor,rework,6.5,17.2
1011,20250129,2025-01-29,2025,1,January,Battery Pack v2,Electrical,Wolfe LLC,91.2,Electrical Assembly - Station 14,Electrical Assembly,electrical,critical,rework,126.08,104.5
1012,20250129,2025-01-29,2025,1,January,Dashboard Panel v5,Interior,Davis-Abbott,83.4,Interior Assembly - Station 10,Interior Assembly,assembly,minor,rework,127.99,23.6
1013,20250129,2025-01-29,2025,1,January,,,,,Painting - Station 05,Painting,cosmetic,major,rework,18.6,49.2
1014,20250129,2025-01-29,2025,1,January,Dashboard Panel v5,Interior,Davis-Abbott,83.4,Interior Assembly - Station 10,Interior Assembly,assembly,minor,rework,128.11,24.0
1015,20250130,2025-01-30,2025,1,January,Shock Absorber v3,Chassis,Wyatt Inc,85.8,Chassis Assembly - Station 09,Chassis Assembly,assembly,major,rework,164.58,35.0
1016,20250130,2025-01-30,2025,1,January,Rear Bumper v5,Exterior,Wolfe LLC,91.2,Exterior Trim - Station 16,Exterior Trim,cosmetic,minor,rework,121.11,23.2
1017,20250130,2025-01-30,2025,1,January,Wiring Harness v6,Electrical,Bernard LLC,84.8,Electrical Assembly - Station 14,Electrical Assembly,electrical,critical,rework,108.58,84.6
1018,20250131,2025-01-31,2025,1,January,Headliner v2,Interior,Rhodes PLC,80.3,Interior Assembly - Station 10,Interior Assembly,assembly,critical,scrap,603.96,144.3
1019,20250131,2025-01-31,2025,1,January,Center Console,Interior,Rhodes PLC,80.3,Interior Assembly - Station 12,Interior Assembly,assembly,major,rework,188.93,59.4
1020,20250131,2025-01-31,2025,1,January,Battery Pack v2,Electrical,Wolfe LLC,91.2,Electrical Assembly - Station 14,Electrical Assembly,electrical,minor,rework,96.96,27.5
1021,20250131,2025-01-31,2025,1,January,Grille v2,Exterior,Arnold Ltd,99.0,Exterior Trim - Station 15,Exterior Trim,cosmetic,major,rework,136.38,61.3
1022,20250131,2025-01-31,2025,1,January,,,,,Welding - Station 03,Welding,dimensional,minor,rework,7.38,19.5
1023,20250131,2025-01-31,2025,1,January,,,,,Welding - Station 03,Welding,dimensional,critical,rework,52.63,139.1
1024,20250131,2025-01-31,2025,1,January,Shock Absorber v3,Chassis,Wyatt Inc,85.8,Chassis Assembly - Station 09,Chassis Assembly,assembly,minor,rework,161.0,25.6
1025,20250131,2025-01-31,2025,1,January,Electric Motor v6,Powertrain,Wyatt Inc,85.8,Powertrain Assembly - Station 07,Powertrain Assembly,functional,major,rework,676.82,45.6
1026,20250131,2025-01-31,2025,1,January,Electric Motor v6,Powertrain,Wyatt Inc,85.8,Powertrain Assembly - Station 07,Powertrain Assembly,functional,critical,rework,695.5,94.9
1027,20250131,2025-01-31,2025,1,January,Brake Caliper v4,Chassis,Blair PLC,99.0,Chassis Assembly - Station 09,Chassis Assembly,assembly,minor,accepted_with_deviation,1.31,17.3
1028,20250201,2025-02-01,2025,2,February,Rear Bumper v5,Exterior,Wolfe LLC,91.2,Exterior Trim - Station 16,Exterior Trim,cosmetic,minor,rework,121.6,24.6
1029,20250201,2025-02-01,2025,2,February,Wiring Harness v6,Electrical,Bernard LLC,84.8,Electrical Assembly - Station 14,Electrical Assembly,electrical,minor,rework,85.18,22.8
1030,20250201,2025-02-01,2025,2,February,Grille v2,Exterior,Arnold Ltd,99.0,Exterior Trim - Station 15,Exterior Trim,cosmetic,major,rework,127.4,37.6
1031,20250201,2025-02-01,2025,2,February,Brake Caliper v4,Chassis,Blair PLC,99.0,Chassis Assembly - Station 09,Chassis Assembly,assembly,minor,rework,158.47,10.8
1032,20250201,2025-02-01,2025,2,February,Electric Motor v6,Powertrain,Wyatt Inc,85.8,Powertrain Assembly - Station 06,Powertrain Assembly,functional,critical,rework,692.3,86.5
1033,20250202,2025-02-02,2025,2,February,Rear Bumper v5,Exterior,Wolfe LLC,91.2,Exterior Trim - Station 16,Exterior Trim,cosmetic,major,rework,136.97,65.2
1034,20250202,2025-02-02,2025,2,February,,,,,Welding - Station 02,Welding,dimensional,minor,rework,8.41,22.2
1035,20250202,2025-02-02,2025,2,February,Headliner v2,Interior,Rhodes PLC,80.3,Interior Assembly - Station 11,Interior Assembly,assembly,minor,rework,146.38,23.9
1036,20250202,2025-02-02,2025,2,February,Brake Caliper v4,Chassis,Blair PLC,99.0,Chassis Assembly - Station 09,Chassis Assembly,assembly,minor,rework,160.17,15.3
1037,20250203,2025-02-03,2025,2,February,Brake Caliper v4,Chassis,Blair PLC,99.0,Chassis Assembly - Station 09,Chassis Assembly,assembly,major,rework,176.93,59.6
1038,20250203,2025-02-03,2025,2,February,Headliner v2,Interior,Rhodes PLC,80.3,Interior Assembly - Station 10,Interior Assembly,assembly,major,rework,151.92,38.6
1039,20250203,2025-02-03,2025,2,February,,,,,Painting - Station 04,Painting,cosmetic,minor,rework,10.82,28.6
1040,20250203,2025-02-03,2025,2,February,Electric Motor v6,Powertrain,Wyatt Inc,85.8,Powertrain Assembly - Station 07,Powertrain Assembly,functional,minor,accepted_with_deviation,1.39,18.3
1041,20250203,2025-02-03,2025,2,February,,,,,Painting - Station 04,Painting,cosmetic,minor,rework,8.13,21.5
1042,20250203,2025-02-03,2025,2,February,Wiring Harness v6,Electrical,Bernard LLC,84.8,Electrical Assembly - Station 14,Electrical Assembly,electrical,minor,rework,85.22,22.9
1043,20250203,2025-02-03,2025,2,February,Headliner v2,Interior,Rhodes PLC,80.3,Interior Assembly - Station 11,Interior Assembly,assembly,major,rework,157.18,52.5
1044,20250203,2025-02-03,2025,2,February,Shock Absorber v3,Chassis,Wyatt Inc,85.8,Chassis Assembly - Station 08,Chassis Assembly,assembly,major,rework,168.64,45.8
1045,20250203,2025-02-03,2025,2,February,,,,,Welding - Station 03,Welding,dimensional,minor,rework,7.69,20.3
1046,20250204,2025-02-04,2025,2,February,Drive Shaft v4,Powertrain,"Rodriguez, Figueroa and Sanchez",88.0,Powertrain Assembly - Station 07,Powertrain Assembly,functional,minor,rework,542.08,21.3
1047,20250204,2025-02-04,2025,2,February,Battery Pack v2,Electrical,Wolfe LLC,91.2,Electrical Assembly - Station 13,Electrical Assembly,electrical,major,rework,104.97,48.7
1048,20250204,2025-02-04,2025,2,February,ECU Module v7,Electrical,"Rodriguez, Figueroa and Sanchez",88.0,Electrical Assembly - Station 13,Electrical Assembly,electrical,major,rework,67.43,67.4
1049,20250204,2025-02-04,2025,2,February,Shock Absorber v3,Chassis,Wyatt Inc,85.8,Chassis Assembly - Station 09,Chassis Assembly,assembly,major,rework,171.89,54.4
1050,20250204,2025-02-04,2025,2,February,Shock Absorber v3,Chassis,Wyatt Inc,85.8,Chassis Assembly - Station 09,Chassis Assembly,assembly,minor,rework,158.67,19.4
1051,20250204,2025-02-04,2025,2,February,Headliner v2,Interior,Rhodes PLC,80.3,Interior Assembly - Station 12,Interior Assembly,assembly,minor,rework,142.91,14.7
1052,20250204,2025-02-04,2025,2,February,Grille v2,Exterior,Arnold Ltd,99.0,Exterior Trim - Station 15,Exterior Trim,cosmetic,minor,rework,124.32,29.5
1053,20250204,2025-02-04,2025,2,February,,,,,Welding - Station 02,Welding,dimensional,major,accepted_with_deviation,4.24,56.1
1054,20250204,2025-02-04,2025,2,February,Electric Motor v6,Powertrain,Wyatt Inc,85.8,Powertrain Assembly - Station 07,Powertrain Assembly,functional,minor,rework,665.3,15.1
1055,20250205,2025-02-05,2025,2,February,Wiring Harness v6,Electrical,Bernard LLC,84.8,Electrical Assembly - Station 14,Electrical Assembly,electrical,minor,rework,87.68,29.4
1056,20250205,2025-02-05,2025,2,February,Electric Motor v6,Powertrain,Wyatt Inc,85.8,Powertrain Assembly - Station 07,Powertrain Assembly,functional,minor,rework,670.76,29.5
1057,20250205,2025-02-05,2025,2,February,Rear Bumper v5,Exterior,Wolfe LLC,91.2,Exterior Trim - Station 15,Exterior Trim,cosmetic,major,rework,137.4,66.3
1058,20250205,2025-02-05,2025,2,February,Drive Shaft v4,Powertrain,"Rodriguez, Figueroa and Sanchez",88.0,Powertrain Assembly - Station 06,Powertrain Assembly,functional,minor,rework,544.73,28.3
1059,20250205,2025-02-05,2025,2,February,Brake Caliper v4,Chassis,Blair PLC,99.0,Chassis Assembly - Station 09,Chassis Assembly,assembly,minor,rework,159.42,13.4
1060,20250205,2025-02-05,2025,2,February,Grille v2,Exterior,Arnold Ltd,99.0,Exterior Trim - Station 15,Exterior Trim,cosmetic,minor,rework,124.42,29.8
1061,20250205,2025-02-05,2025,2,February,,,,,Painting - Station 04,Painting,cosmetic,major,rework,12.85,34.0
1062,20250205,2025-02-05,2025,2,February,Grille v2,Exterior,Arnold Ltd,99.0,Exterior Trim - Station 15,Exterior Trim,cosmetic,minor,rework,122.52,24.7
1063,20250205,2025-02-05,2025,2,February,Battery Pack v2,Electrical,Wolfe LLC,91.2,Electrical Assembly - Station 13,Electrical Assembly,electrical,major,rework,101.26,38.9
1064,20250205,2025-02-05,2025,2,February,Battery Pack v2,Electrical,Wolfe LLC,91.2,Electrical Assembly - Station 14,Electrical Assembly,electrical,major,rework,108.99,59.3
1065,20250206,2025-02-06,2025,2,February,,,,,Quality Check - Station 20,Quality Check,dimensional,major,rework,16.5,43.6
1066,20250206,2025-02-06,2025,2,February,,,,,Welding - Station 02,Welding,dimensional,major,rework,15.29,40.4
1067,20250206,2025-02-06,2025,2,February,ECU Module v7,Electrical,"Rodriguez, Figueroa and Sanchez",88.0,Electrical Assembly - Station 14,Electrical Assembly,electrical,minor,rework,50.58,22.9
1068,20250206,2025-02-06,2025,2,February,Grille v2,Exterior,Arnold Ltd,99.0,Exterior Trim - Station 15,Exterior Trim,cosmetic,major,rework,129.34,42.7
1069,20250206,2025-02-06,2025,2,February,Headliner v2,Interior,Rhodes PLC,80.3,Interior Assembly - Station 11,Interior Assembly,assembly,minor,rework,146.67,24.7
1070,20250206,2025-02-06,2025,2,February,,,,,Final Assembly - Station 18,Final Assembly,assembly,minor,rework,7.79,20.6
1071,20250206,2025-02-06,2025,2,February,Door Trim v7,Interior,"Johnson, Gonzalez and Santos",85.8,Interior Assembly - Station 12,Interior Assembly,assembly,major,rework,92.69,69.1
1072,20250206,2025-02-06,2025,2,February,Battery Pack v2,Electrical,Wolfe LLC,91.2,Electrical Assembly - Station 13,Electrical Assembly,electrical,critical,accepted_with_deviation,7.27,96.0
1073,20250206,2025-02-06,2025,2,February,,,,,Quality Check - Station 19,Quality Check,dimensional,major,rework,24.97,66.0
1074,20250207,2025-02-07,2025,2,February,Center Console,Interior,Rhodes PLC,80.3,Interior Assembly - Station 10,Interior Assembly,assembly,minor,rework,170.35,10.3
1075,20250207,2025-02-07,2025,2,February,,,,,Painting - Station 05,Painting,cosmetic,minor,rework,5.55,14.7
1076,20250207,2025-02-07,2025,2,February,Backup Camera v6,Safety,Cole LLC,99.0,Safety Systems - Station 17,Safety Systems,functional,major,scrap,420.58,54.7
1077,20250207,2025-02-07,2025,2,February,Headliner v2,Interior,Rhodes PLC,80.3,Interior Assembly - Station 10,Interior Assembly,assembly,minor,rework,142.2,12.9
1078,20250208,2025-02-08,2025,2,February,,,,,Painting - Station 05,Painting,cosmetic,major,scrap,16.28,43.0
1079,20250208,2025-02-08,2025,2,February,Shock Absorber v3,Chassis,Wyatt Inc,85.8,Chassis Assembly - Station 09,Chassis Assembly,assembly,minor,rework,162.09,28.5
1080,20250208,2025-02-08,2025,2,February,Shock Absorber v3,Chassis,Wyatt Inc,85.8,Chassis Assembly - Station 08,Chassis Assembly,assembly,minor,accepted_with_deviation,1.94,25.7
1081,20250208,2025-02-08,2025,2,February,Headliner v2,Interior,Rhodes PLC,80.3,Interior Assembly - Station 12,Interior Assembly,assembly,minor,rework,147.23,26.2
1082,20250208,2025-02-08,2025,2,February,Battery Pack v2,Electrical,Wolfe LLC,91.2,Electrical Assembly - Station 13,Electrical Assembly,electrical,critical,rework,118.46,84.4
1083,20250209,2025-02-09,2025,2,February,,,,,Welding - Station 02,Welding,dimensional,major,rework,23.2,61.3
1084,20250209,2025-02-09,2025,2,February,,,,,Painting - Station 04,Painting,cosmetic,major,scrap,20.27,53.6
1085,20250209,2025-02-09,2025,2,February,Brake Caliper v4,Chassis,Blair PLC,99.0,Chassis Assembly - Station 09,Chassis Assembly,assembly,major,rework,172.06,46.8
1086,20250210,2025-02-10,2025,2,February,,,,,Welding - Station 01,Welding,dimensional,minor,rework,5.03,13.3
1087,20250210,2025-02-10,2025,2,February,Rear Bumper v5,Exterior,Wolfe LLC,91.2,Exterior Trim - Station 15,Exterior Trim,cosmetic,minor,rework,122.35,26.5
1088,20250210,2025-02-10,2025,2,February,Headliner v2,Interior,Rhodes PLC,80.3,Interior Assembly - Station 11,Interior Assembly,assembly,minor,rework,141.87,12.0
1089,20250210,2025-02-10,2025,2,February,Shock Absorber v3,Chassis,Wyatt Inc,85.8,Chassis Assembly - Station 09,Chassis Assembly,assembly,minor,rework,161.86,27.8
1090,20250210,2025-02-10,2025,2,February,Dashboard Panel v5,Interior,Davis-Abbott,83.4,Interior Assembly - Station 11,Interior Assembly,assembly,minor,rework,124.69,14.9
1091,20250210,2025-02-10,2025,2,February,,,,,Welding - Station 02,Welding,dimensional,minor,rework,4.06,10.7
1092,20250211,2025-02-11,2025,2,February,ABS Unit v4,Safety,"Rodriguez, Figueroa and Sanchez",88.0,Safety Systems - Station 17,Safety Systems,functional,minor,rework,81.79,20.4
1093,20250211,2025-02-11,2025,2,February,,,,,Welding - Station 02,Welding,dimensional,minor,rework,8.83,23.3
1094,20250211,2025-02-11,2025,2,February,,,,,Painting - Station 05,Painting,cosmetic,minor,rework,4.57,12.1
1095,20250211,2025-02-11,2025,2,February,Shock Absorber v3,Chassis,Wyatt Inc,85.8,Chassis Assembly - Station 08,Chassis Assembly,assembly,minor,rework,158.14,18.0
1096,20250211,2025-02-11,2025,2,February,Headliner v2,Interior,Rhodes PLC,80.3,Interior Assembly - Station 11,Interior Assembly,assembly,minor,rework,143.17,15.4
1097,20250211,2025-02-11,2025,2,February,Dashboard Panel v5,Interior,Davis-Abbott,83.4,Interior Assembly - Station 12,Interior Assembly,assembly,critical,scrap,513.33,98.2
1098,20250212,2025-02-12,2025,2,February,Headliner v2,Interior,Rhodes PLC,80.3,Interior Assembly - Station 10,Interior Assembly,assembly,major,rework,154.98,46.6
1099,20250212,2025-02-12,2025,2,February,Drive Shaft v4,Powertrain,"Rodriguez, Figueroa and Sanchez",88.0,Powertrain Assembly - Station 06,Powertrain Assembly,functional,minor,accepted_with_deviation,1.34,17.6
1100,20250213,2025-02-13,2025,2,February,Battery Pack v2,Electrical,Wolfe LLC,91.2,Electrical Assembly - Station 14,Electrical Assembly,electrical,minor,rework,91.77,13.8
1101,20250213,2025-02-13,2025,2,February,Shock Absorber v3,Chassis,Wyatt Inc,85.8,Chassis Assembly - Station 09,Chassis Assembly,assembly,minor,rework,158.26,18.4
1102,20250213,2025-02-13,2025,2,February,Shock Absorber v3,Chassis,Wyatt Inc,85.8,Chassis Assembly - Station 09,Chassis Assembly,assembly,major,rework,166.88,41.1
1103,20250214,2025-02-14,2025,2,February,Battery Pack v2,Electrical,Wolfe LLC,91.2,Electrical Assembly - Station 14,Electrical Assembly,electrical,minor,accepted_with_deviation,0.93,12.3
1104,20250214,2025-02-14,2025,2,February,,,,,Painting - Station 04,Painting,cosmetic,minor,rework,4.02,10.6
1105,20250214,2025-02-14,2025,2,February,,,,,Final Assembly - Station 18,Final Assembly,assembly,minor,rework,6.02,15.9
1106,20250214,2025-02-14,2025,2,February,Brake Caliper v4,Chassis,Blair PLC,99.0,Chassis Assembly - Station 09,Chassis Assembly,assembly,minor,rework,163.11,23.1
1107,20250215,2025-02-15,2025,2,February,Grille v2,Exterior,Arnold Ltd,99.0,Exterior Trim - Station 15,Exterior Trim,cosmetic,major,scrap,466.3,36.0
1108,20250216,2025-02-16,2025,2,February,,,,,Welding - Station 01,Welding,dimensional,major,rework,24.56,64.9
1109,20250216,2025-02-16,2025,2,February,Electric Motor v6,Powertrain,Wyatt Inc,85.8,Powertrain Assembly - Station 07,Powertrain Assembly,functional,minor,rework,669.89,27.2
1110,20250216,2025-02-16,2025,2,February,Brake Caliper v4,Chassis,Blair PLC,99.0,Chassis Assembly - Station 08,Chassis Assembly,assembly,minor,rework,160.8,17.0
1111,20250217,2025-02-17,2025,2,February,Crash Sensor v5,Safety,"Rodriguez, Figueroa and Sanchez",88.0,Safety Systems - Station 17,Safety Systems,functional,minor,rework,93.76,22.2
1112,20250217,2025-02-17,2025,2,February,,,,,Welding - Station 02,Welding,dimensional,major,scrap,13.93,36.8
1113,20250217,2025-02-17,2025,2,February,,,,,Painting - Station 05,Painting,cosmetic,major,rework,28.2,74.5
1114,20250217,2025-02-17,2025,2,February,Grille v2,Exterior,Arnold Ltd,99.0,Exterior Trim - Station 15,Exterior Trim,cosmetic,major,rework,129.46,43.1
1115,20250217,2025-02-17,2025,2,February,Dashboard Panel v5,Interior,Davis-Abbott,83.4,Interior Assembly - Station 12,Interior Assembly,assembly,major,scrap,504.51,74.9
1116,20250217,2025-02-17,2025,2,February,Headliner v2,Interior,Rhodes PLC,80.3,Interior Assembly - Station 10,Interior Assembly,assembly,minor,rework,147.08,25.7
1117,20250217,2025-02-17,2025,2,February,,,,,Welding - Station 01,Welding,dimensional,minor,rework,6.97,18.4
1118,20250217,2025-02-17,2025,2,February,Grille v2,Exterior,Arnold Ltd,99.0,Exterior Trim - Station 16,Exterior Trim,cosmetic,minor,rework,123.65,27.7
1119,20250217,2025-02-17,2025,2,February,Dashboard Panel v5,Interior,Davis-Abbott,83.4,Interior Assembly - Station 11,Interior Assembly,assembly,major,rework,139.11,53.0
1120,20250217,2025-02-17,2025,2,February,Backup Camera v6,Safety,Cole LLC,99.0,Safety Systems - Station 17,Safety Systems,functional,minor,rework,105.4,14.4
1121,20250217,2025-02-17,2025,2,February,,,,,Quality Check - Station 20,Quality Check,dimensional,minor,rework,4.33,11.4
1122,20250218,2025-02-18,2025,2,February,,,,,Final Assembly - Station 18,Final Assembly,assembly,minor,rework,5.36,14.2
1123,20250218,2025-02-18,2025,2,February,,,,,Painting - Station 04,Painting,cosmetic,minor,rework,5.33,14.1
1124,20250218,2025-02-18,2025,2,February,Battery Pack v2,Electrical,Wolfe LLC,91.2,Electrical Assembly - Station 14,Electrical Assembly,electrical,minor,rework,95.32,23.2
1125,20250218,2025-02-18,2025,2,February,Electric Motor v6,Powertrain,Wyatt Inc,85.8,Powertrain Assembly - Station 06,Powertrain Assembly,functional,minor,rework,669.45,26.1
1126,20250218,2025-02-18,2025,2,February,Headliner v2,Interior,Rhodes PLC,80.3,Interior Assembly - Station 10,Interior Assembly,assembly,critical,scrap,587.66,101.3
1127,20250218,2025-02-18,2025,2,February,Grille v2,Exterior,Arnold Ltd,99.0,Exterior Trim - Station 15,Exterior Trim,cosmetic,major,rework,133.82,54.6
1128,20250218,2025-02-18,2025,2,February,Headliner v2,Interior,Rhodes PLC,80.3,Interior Assembly - Station 10,Interior Assembly,assembly,critical,scrap,583.02,89.0
1129,20250218,2025-02-18,2025,2,February,Grille v2,Exterior,Arnold Ltd,99.0,Exterior Trim - Station 15,Exterior Trim,cosmetic,minor,rework,123.92,28.4
1130,20250218,2025-02-18,2025,2,February,,,,,Welding - Station 03,Welding,dimensional,critical,scrap,33.48,88.5
1131,20250218,2025-02-18,2025,2,February,,,,,Welding - Station 01,Welding,dimensional,minor,accepted_with_deviation,1.5,19.8
1132,20250218,2025-02-18,2025,2,February,,,,,Painting - Station 05,Painting,cosmetic,minor,rework,4.94,13.1
1133,20250218,2025-02-18,2025,2,February,Battery Pack v2,Electrical,Wolfe LLC,91.2,Electrical Assembly - Station 13,Electrical Assembly,electrical,critical,rework,114.09,72.8
1134,20250219,2025-02-19,2025,2,February,Rear Bumper v5,Exterior,Wolfe LLC,91.2,Exterior Trim - Station 15,Exterior Trim,cosmetic,minor,rework,121.06,23.1
1135,20250219,2025-02-19,2025,2,February,Brake Caliper v4,Chassis,Blair PLC,99.0,Chassis Assembly - Station 08,Chassis Assembly,assembly,major,rework,168.83,38.2
1136,20250219,2025-02-19,2025,2,February,Grille v2,Exterior,Arnold Ltd,99.0,Exterior Trim - Station 16,Exterior Trim,cosmetic,major,rework,138.25,66.3
1137,20250219,2025-02-19,2025,2,February,,,,,Final Assembly - Station 18,Final Assembly,assembly,minor,rework,9.35,24.7
1138,20250219,2025-02-19,2025,2,February,Headliner v2,Interior,Rhodes PLC,80.3,Interior Assembly - Station 12,Interior Assembly,assembly,minor,rework,142.24,13.0
1139,20250219,2025-02-19,2025,2,February,Center Console,Interior,Rhodes PLC,80.3,Interior Assembly - Station 10,Interior Assembly,assembly,major,accepted_with_deviation,2.28,30.1
1140,20250219,2025-02-19,2025,2,February,ABS Unit v4,Safety,"Rodriguez, Figueroa and Sanchez",88.0,Safety Systems - Station 17,Safety Systems,functional,major,rework,95.68,57.1
1141,20250219,2025-02-19,2025,2,February,Wiring Harness v6,Electrical,Bernard LLC,84.8,Electrical Assembly - Station 14,Electrical Assembly,electrical,critical,scrap,333.13,71.1
1142,20250219,2025-02-19,2025,2,February,Grille v2,Exterior,Arnold Ltd,99.0,Exterior Trim - Station 16,Exterior Trim,cosmetic,critical,scrap,482.06,77.7
1143,20250220,2025-02-20,2025,2,February,,,,,Painting - Station 05,Painting,cosmetic,minor,rework,6.15,16.3
1144,20250220,2025-02-20,2025,2,February,,,,,Welding - Station 03,Welding,dimensional,minor,rework,4.91,13.0
1145,20250220,2025-02-20,2025,2,February,Backup Camera v6,Safety,Cole LLC,99.0,Safety Systems - Station 17,Safety Systems,functional,major,rework,112.16,32.2
1146,20250220,2025-02-20,2025,2,February,Headliner v2,Interior,Rhodes PLC,80.3,Interior Assembly - Station 10,Interior Assembly,assembly,minor,rework,143.43,16.1
1147,20250220,2025-02-20,2025,2,February,Grille v2,Exterior,Arnold Ltd,99.0,Exterior Trim - Station 16,Exterior Trim,cosmetic,minor,rework,124.25,29.3
1148,20250220,2025-02-20,2025,2,February,,,,,Welding - Station 03,Welding,dimensional,minor,accepted_with_deviation,1.11,14.7
1149,20250221,2025-02-21,2025,2,February,Shock Absorber v3,Chassis,Wyatt Inc,85.8,Chassis Assembly - Station 09,Chassis Assembly,assembly,major,rework,175.66,64.3
1150,20250221,2025-02-21,2025,2,February,Dashboard Panel v5,Interior,Davis-Abbott,83.4,Interior Assembly - Station 11,Interior Assembly,assembly,minor,rework,130.07,29.2
1151,20250221,2025-02-21,2025,2,February,Battery Pack v2,Electrical,Wolfe LLC,91.2,Electrical Assembly - Station 14,Electrical Assembly,electrical,minor,rework,91.81,13.9
1152,20250221,2025-02-21,2025,2,February,Battery Pack v2,Electrical,Wolfe LLC,91.2,Electrical Assembly - Station 13,Electrical Assembly,electrical,major,rework,102.08,41.1
1153,20250221,2025-02-21,2025,2,February,,,,,Final Assembly - Station 18,Final Assembly,assembly,minor,rework,7.24,19.1
1154,20250222,2025-02-22,2025,2,February,Headliner v2,Interior,Rhodes PLC,80.3,Interior Assembly - Station 11,Interior Assembly,assembly,minor,rework,145.03,20.3
1155,20250222,2025-02-22,2025,2,February,,,,,Quality Check - Station 19,Quality Check,dimensional,minor,rework,4.71,12.5
1156,20250222,2025-02-22,2025,2,February,Grille v2,Exterior,Arnold Ltd,99.0,Exterior Trim - Station 16,Exterior Trim,cosmetic,critical,rework,137.91,65.4
1157,20250223,2025-02-23,2025,2,February,Shock Absorber v3,Chassis,Wyatt Inc,85.8,Chassis Assembly - Station 09,Chassis Assembly,assembly,critical,rework,204.22,139.8
1158,20250223,2025-02-23,2025,2,February,ABS Unit v4,Safety,"Rodriguez, Figueroa and Sanchez",88.0,Safety Systems - Station 17,Safety Systems,functional,critical,scrap,336.93,107.3
1159,20250223,2025-02-23,2025,2,February,,,,,Final Assembly - Station 18,Final Assembly,assembly,major,rework,27.38,72.4
1160,20250223,2025-02-23,2025,2,February,ABS Unit v4,Safety,"Rodriguez, Figueroa and Sanchez",88.0,Safety Systems - Station 17,Safety Systems,functional,major,rework,93.36,51.0
1161,20250224,2025-02-24,2025,2,February,Headliner v2,Interior,Rhodes PLC,80.3,Interior Assembly - Station 11,Interior Assembly,assembly,minor,accepted_with_deviation,1.07,14.1
1162,20250224,2025-02-24,2025,2,February,Shock Absorber v3,Chassis,Wyatt Inc,85.8,Chassis Assembly - Station 08,Chassis Assembly,assembly,minor,rework,157.36,16.0
1163,20250224,2025-02-24,2025,2,February,ECU Module v7,Electrical,"Rodriguez, Figueroa and Sanchez",88.0,Electrical Assembly - Station 13,Electrical Assembly,electrical,critical,rework,94.52,139.0
1164,20250224,2025-02-24,2025,2,February,Rear Bumper v5,Exterior,Wolfe LLC,91.2,Exterior Trim - Station 15,Exterior Trim,cosmetic,minor,accepted_with_deviation,1.63,21.5
1165,20250224,2025-02-24,2025,2,February,Shock Absorber v3,Chassis,Wyatt Inc,85.8,Chassis Assembly - Station 09,Chassis Assembly,assembly,critical,rework,192.48,108.8
1166,20250224,2025-02-24,2025,2,February,Shock Absorber v3,Chassis,Wyatt Inc,85.8,Chassis Assembly - Station 09,Chassis Assembly,assembly,minor,accepted_with_deviation,1.39,18.3
1167,20250224,2025-02-24,2025,2,February,,,,,Welding - Station 03,Welding,dimensional,minor,rework,8.59,22.7
1168,20250224,2025-02-24,2025,2,February,Headliner v2,Interior,Rhodes PLC,80.3,Interior Assembly - Station 12,Interior Assembly,assembly,minor,rework,142.04,12.4
1169,20250224,2025-02-24,2025,2,February,Headliner v2,Interior,Rhodes PLC,80.3,Interior Assembly - Station 10,Interior Assembly,assembly,minor,rework,145.11,20.6
1170,20250224,2025-02-24,2025,2,February,Battery Pack v2,Electrical,Wolfe LLC,91.2,Electrical Assembly - Station 14,Electrical Assembly,electrical,minor,rework,91.21,12.3
1171,20250224,2025-02-24,2025,2,February,Dashboard Panel v5,Interior,Davis-Abbott,83.4,Interior Assembly - Station 11,Interior Assembly,assembly,minor,rework,129.24,27.0
1172,20250225,2025-02-25,2025,2,February,Battery Pack v2,Electrical,Wolfe LLC,91.2,Electrical Assembly - Station 14,Electrical Assembly,electrical,critical,scrap,393.95,126.3
1173,20250225,2025-02-25,2025,2,February,Grille v2,Exterior,Arnold Ltd,99.0,Exterior Trim - Station 16,Exterior Trim,cosmetic,critical,scrap,477.32,65.1
1174,20250225,2025-02-25,2025,2,February,Backup Camera v6,Safety,Cole LLC,99.0,Safety Systems - Station 17,Safety Systems,functional,minor,rework,109.19,24.4
1175,20250225,2025-02-25,2025,2,February,Wiring Harness v6,Electrical,Bernard LLC,84.8,Electrical Assembly - Station 14,Electrical Assembly,electrical,major,rework,92.86,43.1
1176,20250226,2025-02-26,2025,2,February,Shock Absorber v3,Chassis,Wyatt Inc,85.8,Chassis Assembly - Station 09,Chassis Assembly,assembly,critical,scrap,661.91,149.7
1177,20250226,2025-02-26,2025,2,February,Brake Caliper v4,Chassis,Blair PLC,99.0,Chassis Assembly - Station 09,Chassis Assembly,assembly,major,rework,169.64,40.4
1178,20250226,2025-02-26,2025,2,February,Headliner v2,Interior,Rhodes PLC,80.3,Interior Assembly - Station 10,Interior Assembly,assembly,minor,rework,146.94,25.4
1179,20250226,2025-02-26,2025,2,February,Battery Pack v2,Electrical,Wolfe LLC,91.2,Electrical Assembly - Station 13,Electrical Assembly,electrical,minor,rework,94.91,22.1
1180,20250226,2025-02-26,2025,2,February,Shock Absorber v3,Chassis,Wyatt Inc,85.8,Chassis Assembly - Station 09,Chassis Assembly,assembly,major,rework,163.54,32.3
1181,20250226,2025-02-26,2025,2,February,Battery Pack v2,Electrical,Wolfe LLC,91.2,Electrical Assembly - Station 14,Electrical Assembly,electrical,minor,rework,94.51,21.1
1182,20250226,2025-02-26,2025,2,February,Battery Pack v2,Electrical,Wolfe LLC,91.2,Electrical Assembly - Station 13,Electrical Assembly,electrical,minor,rework,91.31,12.6
1183,20250226,2025-02-26,2025,2,February,,,,,Welding - Station 02,Welding,dimensional,minor,rework,5.95,15.7
1184,20250226,2025-02-26,2025,2,February,Headliner v2,Interior,Rhodes PLC,80.3,Interior Assembly - Station 12,Interior Assembly,assembly,minor,rework,143.75,16.9
1185,20250227,2025-02-27,2025,2,February,Drive Shaft v4,Powertrain,"Rodriguez, Figueroa and Sanchez",88.0,Powertrain Assembly - Station 07,Powertrain Assembly,functional,major,rework,551.36,45.8
1186,20250227,2025-02-27,2025,2,February,Headliner v2,Interior,Rhodes PLC,80.3,Interior Assembly - Station 12,Interior Assembly,assembly,minor,rework,141.48,10.9
1187,20250227,2025-02-27,2025,2,February,Battery Pack v2,Electrical,Wolfe LLC,91.2,Electrical Assembly - Station 14,Electrical Assembly,electrical,major,rework,112.15,67.7
1188,20250227,2025-02-27,2025,2,February,Shock Absorber v3,Chassis,Wyatt Inc,85.8,Chassis Assembly - Station 09,Chassis Assembly,assembly,major,rework,166.8,40.9
1189,20250227,2025-02-27,2025,2,February,Backup Camera v6,Safety,Cole LLC,99.0,Safety Systems - Station 17,Safety Systems,functional,minor,rework,110.82,28.7
1190,20250227,2025-02-27,2025,2,February,Electric Motor v6,Powertrain,Wyatt Inc,85.8,Powertrain Assembly - Station 06,Powertrain Assembly,functional,minor,accepted_with_deviation,1.66,21.9
1191,20250227,2025-02-27,2025,2,February,Brake Caliper v4,Chassis,Blair PLC,99.0,Chassis Assembly - Station 09,Chassis Assembly,assembly,minor,rework,163.31,23.6
1192,20250227,2025-02-27,2025,2,February,,,,,Painting - Station 04,Painting,cosmetic,minor,rework,9.31,24.6
1193,20250228,2025-02-28,2025,2,February,Battery Pack v2,Electrical,Wolfe LLC,91.2,Electrical Assembly - Station 13,Electrical Assembly,electrical,critical,rework,125.22,102.2
1194,20250228,2025-02-28,2025,2,February,Backup Camera v6,Safety,Cole LLC,99.0,Safety Systems - Station 17,Safety Systems,functional,major,rework,112.3,32.6
1195,20250228,2025-02-28,2025,2,February,Drive Shaft v4,Powertrain,"Rodriguez, Figueroa and Sanchez",88.0,Powertrain Assembly - Station 06,Powertrain Assembly,functional,major,accepted_with_deviation,3.49,46.1
1196,20250228,2025-02-28,2025,2,February,Battery Pack v2,Electrical,Wolfe LLC,91.2,Electrical Assembly - Station 13,Electrical Assembly,electrical,minor,rework,93.5,18.4
1197,20250228,2025-02-28,2025,2,February,Headliner v2,Interior,Rhodes PLC,80.3,Interior Assembly - Station 10,Interior Assembly,assembly,critical,rework,165.43,74.2
1198,20250301,2025-03-01,2025,3,March,Grille v2,Exterior,Arnold Ltd,99.0,Exterior Trim - Station 15,Exterior Trim,cosmetic,major,rework,127.04,36.7
1199,20250302,2025-03-02,2025,3,March,Grille v2,Exterior,Arnold Ltd,99.0,Exterior Trim - Station 16,Exterior Trim,cosmetic,major,rework,136.68,62.1
1200,20250303,2025-03-03,2025,3,March,Shock Absorber v3,Chassis,Wyatt Inc,85.8,Chassis Assembly - Station 08,Chassis Assembly,assembly,major,rework,174.86,62.2
1201,20250303,2025-03-03,2025,3,March,Grille v2,Exterior,Arnold Ltd,99.0,Exterior Trim - Station 16,Exterior Trim,cosmetic,major,rework,131.4,48.2
1202,20250303,2025-03-03,2025,3,March,Rear Bumper v5,Exterior,Wolfe LLC,91.2,Exterior Trim - Station 15,Exterior Trim,cosmetic,major,rework,137.82,67.4
1203,20250303,2025-03-03,2025,3,March,,,,,Welding - Station 01,Welding,dimensional,minor,rework,7.19,19.0
1204,20250303,2025-03-03,2025,3,March,ABS Unit v4,Safety,"Rodriguez, Figueroa and Sanchez",88.0,Safety Systems - Station 17,Safety Systems,functional,minor,rework,78.39,11.4
1205,20250303,2025-03-03,2025,3,March,,,,,Final Assembly - Station 18,Final Assembly,assembly,minor,rework,6.82,18.0
1206,20250303,2025-03-03,2025,3,March,Electric Motor v6,Powertrain,Wyatt Inc,85.8,Powertrain Assembly - Station 07,Powertrain Assembly,functional,minor,rework,663.89,11.4
1207,20250303,2025-03-03,2025,3,March,Headliner v2,Interior,Rhodes PLC,80.3,Interior Assembly - Station 10,Interior Assembly,assembly,minor,rework,145.15,20.6
1208,20250304,2025-03-04,2025,3,March,,,,,Painting - Station 05,Painting,cosmetic,minor,rework,5.36,14.2
1209,20250304,2025-03-04,2025,3,March,Brake Caliper v4,Chassis,Blair PLC,99.0,Chassis Assembly - Station 09,Chassis Assembly,assembly,major,rework,170.29,42.1
1210,20250304,2025-03-04,2025,3,March,Center Console,Interior,Rhodes PLC,80.3,Interior Assembly - Station 12,Interior Assembly,assembly,minor,accepted_with_deviation,0.89,11.7
1211,20250304,2025-03-04,2025,3,March,,,,,Painting - Station 05,Painting,cosmetic,minor,rework,6.07,16.0
1212,20250304,2025-03-04,2025,3,March,Headliner v2,Interior,Rhodes PLC,80.3,Interior Assembly - Station 10,Interior Assembly,assembly,minor,rework,147.83,27.7
1213,20250304,2025-03-04,2025,3,March,Shock Absorber v3,Chassis,Wyatt Inc,85.8,Chassis Assembly - Station 09,Chassis Assembly,assembly,minor,rework,155.34,10.6
1214,20250304,2025-03-04,2025,3,March,Headliner v2,Interior,Rhodes PLC,80.3,Interior Assembly - Station 10,Interior Assembly,assembly,minor,rework,146.94,25.4
1215,20250304,2025-03-04,2025,3,March,Headliner v2,Interior,Rhodes PLC,80.3,Interior Assembly - Station 10,Interior Assembly,assembly,minor,rework,143.52,16.3
1216,20250304,2025-03-04,2025,3,March,Backup Camera v6,Safety,Cole LLC,99.0,Safety Systems - Station 17,Safety Systems,functional,major,rework,117.56,46.5
1217,20250304,2025-03-04,2025,3,March,Dashboard Panel v5,Interior,Davis-Abbott,83.4,Interior Assembly - Station 12,Interior Assembly,assembly,minor,rework,124.13,13.4
1218,20250304,2025-03-04,2025,3,March,Headliner v2,Interior,Rhodes PLC,80.3,Interior Assembly - Station 11,Interior Assembly,assembly,minor,rework,147.04,25.6
1219,20250304,2025-03-04,2025,3,March,Shock Absorber v3,Chassis,Wyatt Inc,85.8,Chassis Assembly - Station 09,Chassis Assembly,assembly,minor,rework,156.22,13.0
1220,20250304,2025-03-04,2025,3,March,,,,,Welding - Station 03,Welding,dimensional,major,rework,12.68,33.5
1221,20250305,2025-03-05,2025,3,March,Grille v2,Exterior,Arnold Ltd,99.0,Exterior Trim - Station 15,Exterior Trim,cosmetic,major,scrap,473.66,55.5
1222,20250305,2025-03-05,2025,3,March,Brake Caliper v4,Chassis,Blair PLC,99.0,Chassis Assembly - Station 08,Chassis Assembly,assembly,minor,accepted_with_deviation,1.16,15.3
1223,20250305,2025-03-05,2025,3,March,,,,,Painting - Station 04,Painting,cosmetic,minor,rework,5.47,14.5
1224,20250305,2025-03-05,2025,3,March,Shock Absorber v3,Chassis,Wyatt Inc,85.8,Chassis Assembly - Station 08,Chassis Assembly,assembly,critical,rework,204.43,140.4
1225,20250305,2025-03-05,2025,3,March,Grille v2,Exterior,Arnold Ltd,99.0,Exterior Trim - Station 15,Exterior Trim,cosmetic,minor,rework,123.87,28.3
1226,20250306,2025-03-06,2025,3,March,,,,,Painting - Station 05,Painting,cosmetic,minor,rework,6.79,18.0
1227,20250306,2025-03-06,2025,3,March,,,,,Welding - Station 03,Welding,dimensional,major,rework,16.9,44.7
1228,20250306,2025-03-06,2025,3,March,,,,,Final Assembly - Station 18,Final Assembly,assembly,minor,accepted_with_deviation,1.87,24.7
1229,20250306,2025-03-06,2025,3,March,,,,,Welding - Station 01,Welding,dimensional,minor,rework,9.07,24.0
1230,20250306,2025-03-06,2025,3,March,Battery Pack v2,Electrical,Wolfe LLC,91.2,Electrical Assembly - Station 13,Electrical Assembly,electrical,major,rework,108.8,58.8
1231,20250307,2025-03-07,2025,3,March,ABS Unit v4,Safety,"Rodriguez, Figueroa and Sanchez",88.0,Safety Systems - Station 17,Safety Systems,functional,major,rework,100.82,70.7
1232,20250307,2025-03-07,2025,3,March,Headliner v2,Interior,Rhodes PLC,80.3,Interior Assembly - Station 10,Interior Assembly,assembly,minor,rework,148.36,29.1
1233,20250307,2025-03-07,2025,3,March,Headliner v2,Interior,Rhodes PLC,80.3,Interior Assembly - Station 12,Interior Assembly,assembly,minor,rework,147.8,27.7
1234,20250307,2025-03-07,2025,3,March,,,,,Painting - Station 05,Painting,cosmetic,major,rework,11.93,31.5
1235,20250307,2025-03-07,2025,3,March,Electric Motor v6,Powertrain,Wyatt Inc,85.8,Powertrain Assembly - Station 07,Powertrain Assembly,functional,major,rework,679.63,53.0
1236,20250307,2025-03-07,2025,3,March,Battery Pack v2,Electrical,Wolfe LLC,91.2,Electrical Assembly - Station 13,Electrical Assembly,electrical,minor,rework,95.58,23.9
1237,20250307,2025-03-07,2025,3,March,ABS Unit v4,Safety,"Rodriguez, Figueroa and Sanchez",88.0,Safety Systems - Station 17,Safety Systems,functional,critical,rework,110.94,97.4
1238,20250308,2025-03-08,2025,3,March,Electric Motor v6,Powertrain,Wyatt Inc,85.8,Powertrain Assembly - Station 06,Powertrain Assembly,functional,minor,rework,665.81,16.5
1239,20250308,2025-03-08,2025,3,March,Electric Motor v6,Powertrain,Wyatt Inc,85.8,Powertrain Assembly - Station 07,Powertrain Assembly,functional,major,rework,674.21,38.7
1240,20250308,2025-03-08,2025,3,March,,,,,Welding - Station 02,Welding,dimensional,minor,rework,10.94,28.9
1241,20250308,2025-03-08,2025,3,March,Shock Absorber v3,Chassis,Wyatt Inc,85.8,Chassis Assembly - Station 09,Chassis Assembly,assembly,major,accepted_with_deviation,3.4,45.0
1242,20250308,2025-03-08,2025,3,March,Electric Motor v6,Powertrain,Wyatt Inc,85.8,Powertrain Assembly - Station 06,Powertrain Assembly,functional,minor,rework,669.52,26.3
1243,20250310,2025-03-10,2025,3,March,Battery Pack v2,Electrical,Wolfe LLC,91.2,Electrical Assembly - Station 13,Electrical Assembly,electrical,major,rework,107.71,56.0
1244,20250310,2025-03-10,2025,3,March,Backup Camera v6,Safety,Cole LLC,99.0,Safety Systems - Station 17,Safety Systems,functional,critical,rework,132.39,85.7
1245,20250310,2025-03-10,2025,3,March,Rear Bumper v5,Exterior,Wolfe LLC,91.2,Exterior Trim - Station 16,Exterior Trim,cosmetic,minor,rework,122.82,27.8
1246,20250310,2025-03-10,2025,3,March,Battery Pack v2,Electrical,Wolfe LLC,91.2,Electrical Assembly - Station 13,Electrical Assembly,electrical,minor,rework,97.14,28.0
1247,20250311,2025-03-11,2025,3,March,,,,,Final Assembly - Station 18,Final Assembly,assembly,minor,rework,9.39,24.8
1248,20250311,2025-03-11,2025,3,March,Shock Absorber v3,Chassis,Wyatt Inc,85.8,Chassis Assembly - Station 08,Chassis Assembly,assembly,minor,rework,158.43,18.8
1249,20250311,2025-03-11,2025,3,March,,,,,Final Assembly - Station 18,Final Assembly,assembly,minor,rework,10.0,26.4
1250,20250311,2025-03-11,2025,3,March,Electric Motor v6,Powertrain,Wyatt Inc,85.8,Powertrain Assembly - Station 07,Powertrain Assembly,functional,major,rework,677.51,47.4
1251,20250311,2025-03-11,2025,3,March,Shock Absorber v3,Chassis,Wyatt Inc,85.8,Chassis Assembly - Station 08,Chassis Assembly,assembly,major,rework,163.62,32.5
1252,20250311,2025-03-11,2025,3,March,Headliner v2,Interior,Rhodes PLC,80.3,Interior Assembly - Station 11,Interior Assembly,assembly,minor,rework,145.17,20.7
1253,20250311,2025-03-11,2025,3,March,Brake Caliper v4,Chassis,Blair PLC,99.0,Chassis Assembly - Station 08,Chassis Assembly,assembly,minor,rework,163.26,23.5
1254,20250312,2025-03-12,2025,3,March,Crash Sensor v5,Safety,"Rodriguez, Figueroa and Sanchez",88.0,Safety Systems - Station 17,Safety Systems,functional,critical,rework,140.81,146.5
1255,20250312,2025-03-12,2025,3,March,ECU Module v7,Electrical,"Rodriguez, Figueroa and Sanchez",88.0,Electrical Assembly - Station 14,Electrical Assembly,electrical,minor,accepted_with_deviation,1.5,19.9
1256,20250312,2025-03-12,2025,3,March,Electric Motor v6,Powertrain,Wyatt Inc,85.8,Powertrain Assembly - Station 07,Powertrain Assembly,functional,major,rework,679.57,52.8
1257,20250312,2025-03-12,2025,3,March,,,,,Painting - Station 05,Painting,cosmetic,major,rework,27.7,73.2
1258,20250312,2025-03-12,2025,3,March,Wiring Harness v6,Electrical,Bernard LLC,84.8,Electrical Assembly - Station 13,Electrical Assembly,electrical,major,rework,92.54,42.3
1259,20250312,2025-03-12,2025,3,March,,,,,Final Assembly - Station 18,Final Assembly,assembly,minor,rework,10.96,29.0
1260,20250312,2025-03-12,2025,3,March,Electric Motor v6,Powertrain,Wyatt Inc,85.8,Powertrain Assembly - Station 07,Powertrain Assembly,functional,major,rework,687.69,74.3
1261,20250312,2025-03-12,2025,3,March,Battery Pack v2,Electrical,Wolfe LLC,91.2,Electrical Assembly - Station 13,Electrical Assembly,electrical,critical,scrap,380.76,91.4
1262,20250312,2025-03-12,2025,3,March,Battery Pack v2,Electrical,Wolfe LLC,91.2,Electrical Assembly - Station 13,Electrical Assembly,electrical,major,rework,106.79,53.5
1263,20250312,2025-03-12,2025,3,March,Battery Pack v2,Electrical,Wolfe LLC,91.2,Electrical Assembly - Station 14,Electrical Assembly,electrical,minor,rework,93.13,17.4
1264,20250312,2025-03-12,2025,3,March,Electric Motor v6,Powertrain,Wyatt Inc,85.8,Powertrain Assembly - Station 06,Powertrain Assembly,functional,minor,rework,665.06,14.5
1265,20250313,2025-03-13,2025,3,March,Grille v2,Exterior,Arnold Ltd,99.0,Exterior Trim - Station 16,Exterior Trim,cosmetic,minor,rework,117.98,12.7
1266,20250313,2025-03-13,2025,3,March,Battery Pack v2,Electrical,Wolfe LLC,91.2,Electrical Assembly - Station 14,Electrical Assembly,electrical,major,rework,108.87,59.0
1267,20250313,2025-03-13,2025,3,March,Rear Bumper v5,Exterior,Wolfe LLC,91.2,Exterior Trim - Station 15,Exterior Trim,cosmetic,minor,rework,120.14,20.7
1268,20250313,2025-03-13,2025,3,March,Backup Camera v6,Safety,Cole LLC,99.0,Safety Systems - Station 17,Safety Systems,functional,major,rework,122.01,58.3
1269,20250313,2025-03-13,2025,3,March,Dashboard Panel v5,Interior,Davis-Abbott,83.4,Interior Assembly - Station 12,Interior Assembly,assembly,minor,rework,125.04,15.9
1270,20250313,2025-03-13,2025,3,March,,,,,Welding - Station 01,Welding,dimensional,minor,rework,5.47,14.4
1271,20250313,2025-03-13,2025,3,March,Grille v2,Exterior,Arnold Ltd,99.0,Exterior Trim - Station 15,Exterior Trim,cosmetic,major,rework,134.67,56.8
1272,20250313,2025-03-13,2025,3,March,Electric Motor v6,Powertrain,Wyatt Inc,85.8,Powertrain Assembly - Station 07,Powertrain Assembly,functional,minor,rework,665.43,15.5
1273,20250313,2025-03-13,2025,3,March,Grille v2,Exterior,Arnold Ltd,99.0,Exterior Trim - Station 16,Exterior Trim,cosmetic,major,rework,134.54,56.5
1274,20250313,2025-03-13,2025,3,March,ABS Unit v4,Safety,"Rodriguez, Figueroa and Sanchez",88.0,Safety Systems - Station 17,Safety Systems,functional,critical,rework,111.18,98.0
1275,20250313,2025-03-13,2025,3,March,Brake Caliper v4,Chassis,Blair PLC,99.0,Chassis Assembly - Station 08,Chassis Assembly,assembly,minor,rework,161.85,19.8
1276,20250313,2025-03-13,2025,3,March,Brake Caliper v4,Chassis,Blair PLC,99.0,Chassis Assembly - Station 09,Chassis Assembly,assembly,minor,rework,162.01,20.2
1277,20250314,2025-03-14,2025,3,March,Rear Bumper v5,Exterior,Wolfe LLC,91.2,Exterior Trim - Station 15,Exterior Trim,cosmetic,minor,rework,119.6,19.3
1278,20250314,2025-03-14,2025,3,March,Brake Caliper v4,Chassis,Blair PLC,99.0,Chassis Assembly - Station 08,Chassis Assembly,assembly,minor,rework,159.19,12.8
1279,20250314,2025-03-14,2025,3,March,Shock Absorber v3,Chassis,Wyatt Inc,85.8,Chassis Assembly - Station 08,Chassis Assembly,assembly,major,rework,167.26,42.1
1280,20250314,2025-03-14,2025,3,March,,,,,Welding - Station 03,Welding,dimensional,minor,rework,10.47,27.7
1281,20250314,2025-03-14,2025,3,March,Grille v2,Exterior,Arnold Ltd,99.0,Exterior Trim - Station 15,Exterior Trim,cosmetic,major,scrap,469.91,45.6
1282,20250314,2025-03-14,2025,3,March,,,,,Quality Check - Station 19,Quality Check,dimensional,minor,rework,4.6,12.2
1283,20250314,2025-03-14,2025,3,March,Shock Absorber v3,Chassis,Wyatt Inc,85.8,Chassis Assembly - Station 09,Chassis Assembly,assembly,critical,scrap,660.9,147.0
1284,20250314,2025-03-14,2025,3,March,Grille v2,Exterior,Arnold Ltd,99.0,Exterior Trim - Station 15,Exterior Trim,cosmetic,major,rework,129.89,44.2
1285,20250314,2025-03-14,2025,3,March,Rear Bumper v5,Exterior,Wolfe LLC,91.2,Exterior Trim - Station 15,Exterior Trim,cosmetic,minor,rework,121.36,23.9
1286,20250314,2025-03-14,2025,3,March,Electric Motor v6,Powertrain,Wyatt Inc,85.8,Powertrain Assembly - Station 06,Powertrain Assembly,functional,major,rework,674.64,39.8
1287,20250315,2025-03-15,2025,3,March,Battery Pack v2,Electrical,Wolfe LLC,91.2,Electrical Assembly - Station 13,Electrical Assembly,electrical,major,rework,106.4,52.5
1288,20250315,2025-03-15,2025,3,March,Headliner v2,Interior,Rhodes PLC,80.3,Interior Assembly - Station 12,Interior Assembly,assembly,major,scrap,560.88,30.5
1289,20250315,2025-03-15,2025,3,March,Grille v2,Exterior,Arnold Ltd,99.0,Exterior Trim - Station 15,Exterior Trim,cosmetic,major,rework,138.14,66.0
1290,20250316,2025-03-16,2025,3,March,,,,,Welding - Station 03,Welding,dimensional,minor,rework,4.04,10.7
1291,20250316,2025-03-16,2025,3,March,Dashboard Panel v5,Interior,Davis-Abbott,83.4,Interior Assembly - Station 12,Interior Assembly,assembly,major,rework,136.25,45.5
1292,20250316,2025-03-16,2025,3,March,Headliner v2,Interior,Rhodes PLC,80.3,Interior Assembly - Station 10,Interior Assembly,assembly,minor,rework,144.44,18.8
1293,20250317,2025-03-17,2025,3,March,,,,,Painting - Station 05,Painting,cosmetic,minor,rework,7.78,20.6
1294,20250317,2025-03-17,2025,3,March,Rear Bumper v5,Exterior,Wolfe LLC,91.2,Exterior Trim - Station 15,Exterior Trim,cosmetic,major,rework,135.79,62.1
1295,20250317,2025-03-17,2025,3,March,Drive Shaft v4,Powertrain,"Rodriguez, Figueroa and Sanchez",88.0,Powertrain Assembly - Station 06,Powertrain Assembly,functional,minor,rework,539.26,13.8
1296,20250317,2025-03-17,2025,3,March,,,,,Welding - Station 03,Welding,dimensional,major,rework,13.89,36.7
1297,20250317,2025-03-17,2025,3,March,,,,,Painting - Station 04,Painting,cosmetic,major,scrap,20.61,54.5
1298,20250317,2025-03-17,2025,3,March,Electric Motor v6,Powertrain,Wyatt Inc,85.8,Powertrain Assembly - Station 06,Powertrain Assembly,functional,minor,rework,664.73,13.6
1299,20250317,2025-03-17,2025,3,March,Grille v2,Exterior,Arnold Ltd,99.0,Exterior Trim - Station 15,Exterior Trim,cosmetic,major,rework,130.3,45.3
1300,20250317,2025-03-17,2025,3,March,Headliner v2,Interior,Rhodes PLC,80.3,Interior Assembly - Station 10,Interior Assembly,assembly,major,rework,154.61,45.7
1301,20250317,2025-03-17,2025,3,March,Battery Pack v2,Electrical,Wolfe LLC,91.2,Electrical Assembly - Station 14,Electrical Assembly,electrical,minor,rework,94.1,20.0
1302,20250318,2025-03-18,2025,3,March,Drive Shaft v4,Powertrain,"Rodriguez, Figueroa and Sanchez",88.0,Powertrain Assembly - Station 06,Powertrain Assembly,functional,minor,rework,540.12,16.1
1303,20250318,2025-03-18,2025,3,March,Drive Shaft v4,Powertrain,"Rodriguez, Figueroa and Sanchez",88.0,Powertrain Assembly - Station 06,Powertrain Assembly,functional,minor,rework,538.43,11.7
1304,20250318,2025-03-18,2025,3,March,,,,,Quality Check - Station 19,Quality Check,dimensional,minor,rework,7.67,20.3
1305,20250318,2025-03-18,2025,3,March,Battery Pack v2,Electrical,Wolfe LLC,91.2,Electrical Assembly - Station 13,Electrical Assembly,electrical,major,rework,108.45,57.9
1306,20250318,2025-03-18,2025,3,March,Drive Shaft v4,Powertrain,"Rodriguez, Figueroa and Sanchez",88.0,Powertrain Assembly - Station 06,Powertrain Assembly,functional,major,rework,558.0,63.4
1307,20250319,2025-03-19,2025,3,March,,,,,Welding - Station 03,Welding,dimensional,major,rework,21.71,57.4
1308,20250319,2025-03-19,2025,3,March,Grille v2,Exterior,Arnold Ltd,99.0,Exterior Trim - Station 15,Exterior Trim,cosmetic,minor,rework,122.43,24.5
1309,20250319,2025-03-19,2025,3,March,Battery Pack v2,Electrical,Wolfe LLC,91.2,Electrical Assembly - Station 14,Electrical Assembly,electrical,minor,rework,93.59,18.6
1310,20250319,2025-03-19,2025,3,March,ECU Module v7,Electrical,"Rodriguez, Figueroa and Sanchez",88.0,Electrical Assembly - Station 13,Electrical Assembly,electrical,minor,rework,49.05,18.9
1311,20250319,2025-03-19,2025,3,March,Backup Camera v6,Safety,Cole LLC,99.0,Safety Systems - Station 17,Safety Systems,functional,major,rework,123.91,63.3
1312,20250319,2025-03-19,2025,3,March,Drive Shaft v4,Powertrain,"Rodriguez, Figueroa and Sanchez",88.0,Powertrain Assembly - Station 06,Powertrain Assembly,functional,minor,rework,545.15,29.4
1313,20250319,2025-03-19,2025,3,March,,,,,Painting - Station 04,Painting,cosmetic,minor,rework,7.19,19.0
1314,20250319,2025-03-19,2025,3,March,Headliner v2,Interior,Rhodes PLC,80.3,Interior Assembly - Station 12,Interior Assembly,assembly,minor,rework,143.89,17.3
1315,20250319,2025-03-19,2025,3,March,,,,,Welding - Station 02,Welding,dimensional,minor,accepted_with_deviation,1.59,21.1
1316,20250320,2025-03-20,2025,3,March,ECU Module v7,Electrical,"Rodriguez, Figueroa and Sanchez",88.0,Electrical Assembly - Station 13,Electrical Assembly,electrical,minor,rework,52.59,28.2
1317,20250320,2025-03-20,2025,3,March,Drive Shaft v4,Powertrain,"Rodriguez, Figueroa and Sanchez",88.0,Powertrain Assembly - Station 06,Powertrain Assembly,functional,major,rework,551.28,45.6
1318,20250320,2025-03-20,2025,3,March,ABS Unit v4,Safety,"Rodriguez, Figueroa and Sanchez",88.0,Safety Systems - Station 17,Safety Systems,functional,major,rework,99.85,68.1
1319,20250320,2025-03-20,2025,3,March,Battery Pack v2,Electrical,Wolfe LLC,91.2,Electrical Assembly - Station 14,Electrical Assembly,electrical,minor,accepted_with_deviation,1.48,19.5
1320,20250320,2025-03-20,2025,3,March,Shock Absorber v3,Chassis,Wyatt Inc,85.8,Chassis Assembly - Station 09,Chassis Assembly,assembly,critical,rework,191.95,107.4
1321,20250320,2025-03-20,2025,3,March,Brake Caliper v4,Chassis,Blair PLC,99.0,Chassis Assembly - Station 09,Chassis Assembly,assembly,major,rework,172.21,47.2
1322,20250320,2025-03-20,2025,3,March,Brake Caliper v4,Chassis,Blair PLC,99.0,Chassis Assembly - Station 09,Chassis Assembly,assembly,minor,rework,158.58,11.1
1323,20250320,2025-03-20,2025,3,March,Brake Caliper v4,Chassis,Blair PLC,99.0,Chassis Assembly - Station 09,Chassis Assembly,assembly,minor,rework,158.79,11.7
1324,20250320,2025-03-20,2025,3,March,Battery Pack v2,Electrical,Wolfe LLC,91.2,Electrical Assembly - Station 13,Electrical Assembly,electrical,minor,rework,91.33,12.6
1325,20250320,2025-03-20,2025,3,March,,,,,Welding - Station 03,Welding,dimensional,minor,rework,11.22,29.6
1326,20250320,2025-03-20,2025,3,March,Headliner v2,Interior,Rhodes PLC,80.3,Interior Assembly - Station 12,Interior Assembly,assembly,minor,accepted_with_deviation,1.4,18.5
1327,20250320,2025-03-20,2025,3,March,,,,,Welding - Station 03,Welding,dimensional,major,rework,11.51,30.4
1328,20250320,2025-03-20,2025,3,March,Grille v2,Exterior,Arnold Ltd,99.0,Exterior Trim - Station 16,Exterior Trim,cosmetic,minor,rework,120.21,18.6
1329,20250321,2025-03-21,2025,3,March,Shock Absorber v3,Chassis,Wyatt Inc,85.8,Chassis Assembly - Station 09,Chassis Assembly,assembly,minor,rework,159.71,22.2
1330,20250321,2025-03-21,2025,3,March,Drive Shaft v4,Powertrain,"Rodriguez, Figueroa and Sanchez",88.0,Powertrain Assembly - Station 06,Powertrain Assembly,functional,minor,rework,542.36,22.0
1331,20250321,2025-03-21,2025,3,March,Headliner v2,Interior,Rhodes PLC,80.3,Interior Assembly - Station 10,Interior Assembly,assembly,critical,scrap,575.0,67.8
1332,20250321,2025-03-21,2025,3,March,ECU Module v7,Electrical,"Rodriguez, Figueroa and Sanchez",88.0,Electrical Assembly - Station 13,Electrical Assembly,electrical,minor,rework,45.89,10.5
1333,20250321,2025-03-21,2025,3,March,Electric Motor v6,Powertrain,Wyatt Inc,85.8,Powertrain Assembly - Station 06,Powertrain Assembly,functional,minor,rework,670.42,28.7
1334,20250321,2025-03-21,2025,3,March,Brake Caliper v4,Chassis,Blair PLC,99.0,Chassis Assembly - Station 09,Chassis Assembly,assembly,minor,rework,162.54,21.6
1335,20250321,2025-03-21,2025,3,March,ABS Unit v4,Safety,"Rodriguez, Figueroa and Sanchez",88.0,Safety Systems - Station 17,Safety Systems,functional,critical,scrap,327.3,81.9
1336,20250321,2025-03-21,2025,3,March,Center Console,Interior,Rhodes PLC,80.3,Interior Assembly - Station 11,Interior Assembly,assembly,minor,rework,172.78,16.8
1337,20250321,2025-03-21,2025,3,March,Brake Caliper v4,Chassis,Blair PLC,99.0,Chassis Assembly - Station 09,Chassis Assembly,assembly,major,rework,181.37,71.4
1338,20250322,2025-03-22,2025,3,March,,,,,Painting - Station 04,Painting,cosmetic,minor,rework,4.03,10.7
1339,20250322,2025-03-22,2025,3,March,,,,,Final Assembly - Station 18,Final Assembly,assembly,minor,rework,9.07,24.0
1340,20250323,2025-03-23,2025,3,March,,,,,Painting - Station 05,Painting,cosmetic,minor,rework,6.28,16.6
1341,20250323,2025-03-23,2025,3,March,,,,,Painting - Station 04,Painting,cosmetic,major,rework,26.04,68.8
1342,20250324,2025-03-24,2025,3,March,Shock Absorber v3,Chassis,Wyatt Inc,85.8,Chassis Assembly - Station 09,Chassis Assembly,assembly,major,rework,168.26,44.8
1343,20250324,2025-03-24,2025,3,March,,,,,Painting - Station 05,Painting,cosmetic,minor,rework,9.15,24.2
1344,20250324,2025-03-24,2025,3,March,,,,,Painting - Station 04,Painting,cosmetic,minor,rework,8.72,23.1
1345,20250324,2025-03-24,2025,3,March,,,,,Painting - Station 05,Painting,cosmetic,minor,rework,5.54,14.6
1346,20250324,2025-03-24,2025,3,March,Brake Caliper v4,Chassis,Blair PLC,99.0,Chassis Assembly - Station 08,Chassis Assembly,assembly,minor,rework,161.15,17.9
1347,20250324,2025-03-24,2025,3,March,Brake Caliper v4,Chassis,Blair PLC,99.0,Chassis Assembly - Station 09,Chassis Assembly,assembly,critical,rework,210.99,149.7
1348,20250325,2025-03-25,2025,3,March,Backup Camera v6,Safety,Cole LLC,99.0,Safety Systems - Station 17,Safety Systems,functional,minor,rework,111.17,29.6
1349,20250325,2025-03-25,2025,3,March,Electric Motor v6,Powertrain,Wyatt Inc,85.8,Powertrain Assembly - Station 06,Powertrain Assembly,functional,major,rework,683.11,62.2
1350,20250325,2025-03-25,2025,3,March,Headliner v2,Interior,Rhodes PLC,80.3,Interior Assembly - Station 10,Interior Assembly,assembly,minor,rework,145.02,20.3
1351,20250325,2025-03-25,2025,3,March,,,,,Welding - Station 03,Welding,dimensional,minor,rework,7.24,19.1
1352,20250325,2025-03-25,2025,3,March,Battery Pack v2,Electrical,Wolfe LLC,91.2,Electrical Assembly - Station 14,Electrical Assembly,electrical,minor,rework,94.27,20.4
1353,20250326,2025-03-26,2025,3,March,Rear Bumper v5,Exterior,Wolfe LLC,91.2,Exterior Trim - Station 16,Exterior Trim,cosmetic,minor,accepted_with_deviation,2.09,27.7
1354,20250326,2025-03-26,2025,3,March,,,,,Painting - Station 05,Painting,cosmetic,minor,rework,9.91,26.2
1355,20250326,2025-03-26,2025,3,March,Grille v2,Exterior,Arnold Ltd,99.0,Exterior Trim - Station 15,Exterior Trim,cosmetic,minor,rework,117.07,10.3
1356,20250326,2025-03-26,2025,3,March,,,,,Welding - Station 02,Welding,dimensional,minor,rework,8.2,21.7
1357,20250327,2025-03-27,2025,3,March,Backup Camera v6,Safety,Cole LLC,99.0,Safety Systems - Station 17,Safety Systems,functional,major,rework,127.17,71.9
1358,20250327,2025-03-27,2025,3,March,Battery Pack v2,Electrical,Wolfe LLC,91.2,Electrical Assembly - Station 13,Electrical Assembly,electrical,critical,rework,118.39,84.2
1359,20250327,2025-03-27,2025,3,March,Headliner v2,Interior,Rhodes PLC,80.3,Interior Assembly - Station 10,Interior Assembly,assembly,minor,rework,147.41,26.6
1360,20250327,2025-03-27,2025,3,March,Battery Pack v2,Electrical,Wolfe LLC,91.2,Electrical Assembly - Station 14,Electrical Assembly,electrical,minor,rework,95.42,23.5
1361,20250327,2025-03-27,2025,3,March,Headliner v2,Interior,Rhodes PLC,80.3,Interior Assembly - Station 10,Interior Assembly,assembly,minor,accepted_with_deviation,1.08,14.2
1362,20250328,2025-03-28,2025,3,March,Dashboard Panel v5,Interior,Davis-Abbott,83.4,Interior Assembly - Station 12,Interior Assembly,assembly,major,rework,144.71,67.8
1363,20250328,2025-03-28,2025,3,March,Electric Motor v6,Powertrain,Wyatt Inc,85.8,Powertrain Assembly - Station 07,Powertrain Assembly,functional,major,rework,678.4,49.8
1364,20250328,2025-03-28,2025,3,March,Grille v2,Exterior,Arnold Ltd,99.0,Exterior Trim - Station 16,Exterior Trim,cosmetic,minor,rework,123.64,27.7
1365,20250328,2025-03-28,2025,3,March,,,,,Welding - Station 01,Welding,dimensional,minor,accepted_with_deviation,1.71,22.5
1366,20250328,2025-03-28,2025,3,March,,,,,Painting - Station 05,Painting,cosmetic,major,rework,16.58,43.8
1367,20250328,2025-03-28,2025,3,March,Headliner v2,Interior,Rhodes PLC,80.3,Interior Assembly - Station 11,Interior Assembly,assembly,critical,rework,185.5,127.3
1368,20250328,2025-03-28,2025,3,March,Electric Motor v6,Powertrain,Wyatt Inc,85.8,Powertrain Assembly - Station 07,Powertrain Assembly,functional,minor,rework,663.64,10.7
1369,20250328,2025-03-28,2025,3,March,,,,,Final Assembly - Station 18,Final Assembly,assembly,minor,rework,4.66,12.3
1370,20250328,2025-03-28,2025,3,March,Electric Motor v6,Powertrain,Wyatt Inc,85.8,Powertrain Assembly - Station 07,Powertrain Assembly,functional,critical,scrap,2665.07,70.8
1371,20250328,2025-03-28,2025,3,March,,,,,Quality Check - Station 19,Quality Check,dimensional,minor,rework,6.22,16.5
1372,20250329,2025-03-29,2025,3,March,,,,,Welding - Station 01,Welding,dimensional,minor,rework,10.73,28.4
1373,20250329,2025-03-29,2025,3,March,ECU Module v7,Electrical,"Rodriguez, Figueroa and Sanchez",88.0,Electrical Assembly - Station 14,Electrical Assembly,electrical,major,rework,61.1,50.7
1374,20250329,2025-03-29,2025,3,March,Headliner v2,Interior,Rhodes PLC,80.3,Interior Assembly - Station 10,Interior Assembly,assembly,minor,rework,146.06,23.1
1375,20250330,2025-03-30,2025,3,March,,,,,Painting - Station 05,Painting,cosmetic,minor,rework,10.13,26.8
1376,20250330,2025-03-30,2025,3,March,,,,,Painting - Station 05,Painting,cosmetic,critical,rework,42.17,111.5
1377,20250330,2025-03-30,2025,3,March,,,,,Welding - Station 02,Welding,dimensional,critical,rework,45.4,120.0
1378,20250331,2025-03-31,2025,3,March,Dashboard Panel v5,Interior,Davis-Abbott,83.4,Interior Assembly - Station 10,Interior Assembly,assembly,minor,rework,127.31,21.9
1379,20250331,2025-03-31,2025,3,March,,,,,Welding - Station 02,Welding,dimensional,minor,rework,9.79,25.9
1380,20250331,2025-03-31,2025,3,March,Brake Caliper v4,Chassis,Blair PLC,99.0,Chassis Assembly - Station 09,Chassis Assembly,assembly,minor,rework,159.82,14.4
1381,20250331,2025-03-31,2025,3,March,Grille v2,Exterior,Arnold Ltd,99.0,Exterior Trim - Station 15,Exterior Trim,cosmetic,minor,rework,118.18,13.2
1382,20250401,2025-04-01,2025,4,April,Electric Motor v6,Powertrain,Wyatt Inc,85.8,Powertrain Assembly - Station 06,Powertrain Assembly,functional,major,rework,680.03,54.1
1383,20250401,2025-04-01,2025,4,April,,,,,Welding - Station 03,Welding,dimensional,minor,rework,4.39,11.6
1384,20250401,2025-04-01,2025,4,April,Grille v2,Exterior,Arnold Ltd,99.0,Exterior Trim - Station 16,Exterior Trim,cosmetic,critical,rework,168.0,144.9
1385,20250401,2025-04-01,2025,4,April,Rear Bumper v5,Exterior,Wolfe LLC,91.2,Exterior Trim - Station 15,Exterior Trim,cosmetic,minor,rework,118.79,17.1
1386,20250401,2025-04-01,2025,4,April,,,,,Welding - Station 01,Welding,dimensional,major,rework,12.79,33.8
1387,20250401,2025-04-01,2025,4,April,Grille v2,Exterior,Arnold Ltd,99.0,Exterior Trim - Station 15,Exterior Trim,cosmetic,minor,accepted_with_deviation,0.94,12.5
1388,20250402,2025-04-02,2025,4,April,,,,,Painting - Station 04,Painting,cosmetic,minor,rework,8.65,22.9
1389,20250402,2025-04-02,2025,4,April,Crash Sensor v5,Safety,"Rodriguez, Figueroa and Sanchez",88.0,Safety Systems - Station 17,Safety Systems,functional,critical,scrap,380.6,103.4
1390,20250402,2025-04-02,2025,4,April,Grille v2,Exterior,Arnold Ltd,99.0,Exterior Trim - Station 15,Exterior Trim,cosmetic,major,rework,134.61,56.7
1391,20250402,2025-04-02,2025,4,April,Electric Motor v6,Powertrain,Wyatt Inc,85.8,Powertrain Assembly - Station 06,Powertrain Assembly,functional,critical,rework,704.21,118.0
1392,20250402,2025-04-02,2025,4,April,Rear Bumper v5,Exterior,Wolfe LLC,91.2,Exterior Trim - Station 15,Exterior Trim,cosmetic,minor,rework,118.71,16.9
1393,20250402,2025-04-02,2025,4,April,Electric Motor v6,Powertrain,Wyatt Inc,85.8,Powertrain Assembly - Station 06,Powertrain Assembly,functional,critical,rework,706.65,124.4
1394,20250402,2025-04-02,2025,4,April,Grille v2,Exterior,Arnold Ltd,99.0,Exterior Trim - Station 15,Exterior Trim,cosmetic,minor,rework,117.37,11.1
1395,20250402,2025-04-02,2025,4,April,Headliner v2,Interior,Rhodes PLC,80.3,Interior Assembly - Station 10,Interior Assembly,assembly,minor,rework,141.59,11.2
1396,20250402,2025-04-02,2025,4,April,Grille v2,Exterior,Arnold Ltd,99.0,Exterior Trim - Station 15,Exterior Trim,cosmetic,critical,rework,168.1,145.2
1397,20250402,2025-04-02,2025,4,April,,,,,Welding - Station 02,Welding,dimensional,minor,rework,5.31,14.0
1398,20250403,2025-04-03,2025,4,April,Battery Pack v2,Electrical,Wolfe LLC,91.2,Electrical Assembly - Station 13,Electrical Assembly,electrical,major,rework,103.79,45.6
1399,20250403,2025-04-03,2025,4,April,Backup Camera v6,Safety,Cole LLC,99.0,Safety Systems - Station 17,Safety Systems,functional,major,rework,120.32,53.8
1400,20250403,2025-04-03,2025,4,April,Electric Motor v6,Powertrain,Wyatt Inc,85.8,Powertrain Assembly - Station 06,Powertrain Assembly,functional,major,rework,680.87,56.3
1401,20250403,2025-04-03,2025,4,April,Electric Motor v6,Powertrain,Wyatt Inc,85.8,Powertrain Assembly - Station 07,Powertrain Assembly,functional,critical,rework,699.04,104.3
1402,20250404,2025-04-04,2025,4,April,Grille v2,Exterior,Arnold Ltd,99.0,Exterior Trim - Station 16,Exterior Trim,cosmetic,minor,rework,118.89,15.1
1403,20250404,2025-04-04,2025,4,April,Brake Caliper v4,Chassis,Blair PLC,99.0,Chassis Assembly - Station 08,Chassis Assembly,assembly,minor,rework,163.89,25.2
1404,20250404,2025-04-04,2025,4,April,ECU Module v7,Electrical,"Rodriguez, Figueroa and Sanchez",88.0,Electrical Assembly - Station 13,Electrical Assembly,electrical,minor,accepted_with_deviation,1.11,14.6
1405,20250404,2025-04-04,2025,4,April,,,,,Painting - Station 05,Painting,cosmetic,minor,rework,5.97,15.8
1406,20250404,2025-04-04,2025,4,April,,,,,Painting - Station 05,Painting,cosmetic,minor,rework,9.83,26.0
1407,20250404,2025-04-04,2025,4,April,Battery Pack v2,Electrical,Wolfe LLC,91.2,Electrical Assembly - Station 14,Electrical Assembly,electrical,minor,rework,91.99,14.4
1408,20250404,2025-04-04,2025,4,April,Shock Absorber v3,Chassis,Wyatt Inc,85.8,Chassis Assembly - Station 09,Chassis Assembly,assembly,minor,rework,155.2,10.3
1409,20250404,2025-04-04,2025,4,April,Center Console,Interior,Rhodes PLC,80.3,Interior Assembly - Station 12,Interior Assembly,assembly,minor,rework,177.14,28.3
1410,20250405,2025-04-05,2025,4,April,Headliner v2,Interior,Rhodes PLC,80.3,Interior Assembly - Station 11,Interior Assembly,assembly,major,scrap,571.83,59.4
1411,20250405,2025-04-05,2025,4,April,Battery Pack v2,Electrical,Wolfe LLC,91.2,Electrical Assembly - Station 13,Electrical Assembly,electrical,major,rework,101.73,40.2
1412,20250405,2025-04-05,2025,4,April,,,,,Final Assembly - Station 18,Final Assembly,assembly,minor,rework,9.28,24.5
1413,20250405,2025-04-05,2025,4,April,ABS Unit v4,Safety,"Rodriguez, Figueroa and Sanchez",88.0,Safety Systems - Station 17,Safety Systems,functional,minor,rework,80.28,16.4
1414,20250406,2025-04-06,2025,4,April,Dashboard Panel v5,Interior,Davis-Abbott,83.4,Interior Assembly - Station 10,Interior Assembly,assembly,minor,rework,129.72,28.2
1415,20250406,2025-04-06,2025,4,April,Battery Pack v2,Electrical,Wolfe LLC,91.2,Electrical Assembly - Station 14,Electrical Assembly,electrical,minor,rework,94.06,19.9
1416,20250406,2025-04-06,2025,4,April,Shock Absorber v3,Chassis,Wyatt Inc,85.8,Chassis Assembly - Station 08,Chassis Assembly,assembly,minor,rework,162.56,29.7
1417,20250407,2025-04-07,2025,4,April,,,,,Welding - Station 01,Welding,dimensional,minor,rework,7.92,20.9
1418,20250407,2025-04-07,2025,4,April,Battery Pack v2,Electrical,Wolfe LLC,91.2,Electrical Assembly - Station 13,Electrical Assembly,electrical,minor,rework,91.0,11.8
1419,20250407,2025-04-07,2025,4,April,,,,,Painting - Station 05,Painting,cosmetic,minor,rework,8.92,23.6
1420,20250407,2025-04-07,2025,4,April,,,,,Welding - Station 01,Welding,dimensional,minor,rework,8.78,23.2
1421,20250407,2025-04-07,2025,4,April,Grille v2,Exterior,Arnold Ltd,99.0,Exterior Trim - Station 15,Exterior Trim,cosmetic,major,rework,129.82,44.0
1422,20250407,2025-04-07,2025,4,April,Grille v2,Exterior,Arnold Ltd,99.0,Exterior Trim - Station 15,Exterior Trim,cosmetic,minor,rework,121.59,22.2
1423,20250407,2025-04-07,2025,4,April,,,,,Welding - Station 01,Welding,dimensional,minor,rework,11.15,29.5
1424,20250408,2025-04-08,2025,4,April,ECU Module v7,Electrical,"Rodriguez, Figueroa and Sanchez",88.0,Electrical Assembly - Station 13,Electrical Assembly,electrical,minor,rework,50.86,23.6
1425,20250408,2025-04-08,2025,4,April,Battery Pack v2,Electrical,Wolfe LLC,91.2,Electrical Assembly - Station 14,Electrical Assembly,electrical,major,rework,102.24,41.5
1426,20250408,2025-04-08,2025,4,April,Drive Shaft v4,Powertrain,"Rodriguez, Figueroa and Sanchez",88.0,Powertrain Assembly - Station 07,Powertrain Assembly,functional,critical,rework,576.63,112.6
1427,20250408,2025-04-08,2025,4,April,,,,,Welding - Station 02,Welding,dimensional,minor,accepted_with_deviation,1.86,24.6
1428,20250408,2025-04-08,2025,4,April,Shock Absorber v3,Chassis,Wyatt Inc,85.8,Chassis Assembly - Station 09,Chassis Assembly,assembly,minor,accepted_with_deviation,1.28,17.0
1429,20250409,2025-04-09,2025,4,April,Headliner v2,Interior,Rhodes PLC,80.3,Interior Assembly - Station 12,Interior Assembly,assembly,minor,rework,142.87,14.6
1430,20250409,2025-04-09,2025,4,April,Headliner v2,Interior,Rhodes PLC,80.3,Interior Assembly - Station 10,Interior Assembly,assembly,minor,rework,147.76,27.5
1431,20250409,2025-04-09,2025,4,April,Headliner v2,Interior,Rhodes PLC,80.3,Interior Assembly - Station 10,Interior Assembly,assembly,minor,rework,141.97,12.3
1432,20250409,2025-04-09,2025,4,April,Center Console,Interior,Rhodes PLC,80.3,Interior Assembly - Station 10,Interior Assembly,assembly,minor,rework,172.83,16.9
1433,20250409,2025-04-09,2025,4,April,Electric Motor v6,Powertrain,Wyatt Inc,85.8,Powertrain Assembly - Station 06,Powertrain Assembly,functional,critical,rework,708.32,128.8
1434,20250409,2025-04-09,2025,4,April,Grille v2,Exterior,Arnold Ltd,99.0,Exterior Trim - Station 16,Exterior Trim,cosmetic,minor,rework,119.34,16.3
1435,20250409,2025-04-09,2025,4,April,Shock Absorber v3,Chassis,Wyatt Inc,85.8,Chassis Assembly - Station 08,Chassis Assembly,assembly,critical,rework,182.35,82.0
1436,20250409,2025-04-09,2025,4,April,Shock Absorber v3,Chassis,Wyatt Inc,85.8,Chassis Assembly - Station 09,Chassis Assembly,assembly,minor,rework,156.36,13.3
1437,20250409,2025-04-09,2025,4,April,Shock Absorber v3,Chassis,Wyatt Inc,85.8,Chassis Assembly - Station 08,Chassis Assembly,assembly,minor,rework,157.49,16.3
1438,20250409,2025-04-09,2025,4,April,Center Console,Interior,Rhodes PLC,80.3,Interior Assembly - Station 11,Interior Assembly,assembly,minor,rework,171.66,13.8
1439,20250409,2025-04-09,2025,4,April,,,,,Welding - Station 03,Welding,dimensional,major,rework,21.27,56.2
1440,20250410,2025-04-10,2025,4,April,Electric Motor v6,Powertrain,Wyatt Inc,85.8,Powertrain Assembly - Station 07,Powertrain Assembly,functional,minor,rework,668.81,24.4
1441,20250410,2025-04-10,2025,4,April,Wiring Harness v6,Electrical,Bernard LLC,84.8,Electrical Assembly - Station 14,Electrical Assembly,electrical,major,accepted_with_deviation,4.41,58.3
1442,20250410,2025-04-10,2025,4,April,Electric Motor v6,Powertrain,Wyatt Inc,85.8,Powertrain Assembly - Station 06,Powertrain Assembly,functional,minor,rework,666.79,19.1
1443,20250410,2025-04-10,2025,4,April,Rear Bumper v5,Exterior,Wolfe LLC,91.2,Exterior Trim - Station 15,Exterior Trim,cosmetic,minor,rework,117.81,14.5
1444,20250410,2025-04-10,2025,4,April,,,,,Painting - Station 05,Painting,cosmetic,minor,rework,6.02,15.9
1445,20250410,2025-04-10,2025,4,April,Shock Absorber v3,Chassis,Wyatt Inc,85.8,Chassis Assembly - Station 08,Chassis Assembly,assembly,minor,accepted_with_deviation,1.44,19.0
1446,20250410,2025-04-10,2025,4,April,Dashboard Panel v5,Interior,Davis-Abbott,83.4,Interior Assembly - Station 10,Interior Assembly,assembly,minor,rework,126.7,20.3
1447,20250411,2025-04-11,2025,4,April,Shock Absorber v3,Chassis,Wyatt Inc,85.8,Chassis Assembly - Station 08,Chassis Assembly,assembly,minor,rework,159.34,21.2
1448,20250411,2025-04-11,2025,4,April,,,,,Painting - Station 04,Painting,cosmetic,minor,rework,4.72,12.5
1449,20250411,2025-04-11,2025,4,April,Electric Motor v6,Powertrain,Wyatt Inc,85.8,Powertrain Assembly - Station 07,Powertrain Assembly,functional,major,rework,679.19,51.8
1450,20250411,2025-04-11,2025,4,April,Battery Pack v2,Electrical,Wolfe LLC,91.2,Electrical Assembly - Station 14,Electrical Assembly,electrical,minor,rework,96.44,26.2
1451,20250411,2025-04-11,2025,4,April,,,,,Painting - Station 05,Painting,cosmetic,minor,rework,9.4,24.8
1452,20250411,2025-04-11,2025,4,April,Rear Bumper v5,Exterior,Wolfe LLC,91.2,Exterior Trim - Station 15,Exterior Trim,cosmetic,minor,rework,121.98,25.6
1453,20250411,2025-04-11,2025,4,April,ABS Unit v4,Safety,"Rodriguez, Figueroa and Sanchez",88.0,Safety Systems - Station 17,Safety Systems,functional,minor,rework,82.21,21.5
1454,20250411,2025-04-11,2025,4,April,Backup Camera v6,Safety,Cole LLC,99.0,Safety Systems - Station 17,Safety Systems,functional,major,rework,114.76,39.1
1455,20250411,2025-04-11,2025,4,April,Backup Camera v6,Safety,Cole LLC,99.0,Safety Systems - Station 17,Safety Systems,functional,major,rework,125.21,66.7
1456,20250412,2025-04-12,2025,4,April,Electric Motor v6,Powertrain,Wyatt Inc,85.8,Powertrain Assembly - Station 07,Powertrain Assembly,functional,major,rework,671.79,32.3
1457,20250413,2025-04-13,2025,4,April,Grille v2,Exterior,Arnold Ltd,99.0,Exterior Trim - Station 16,Exterior Trim,cosmetic,major,rework,139.04,68.4
1458,20250414,2025-04-14,2025,4,April,Grille v2,Exterior,Arnold Ltd,99.0,Exterior Trim - Station 15,Exterior Trim,cosmetic,minor,rework,123.68,27.8
1459,20250414,2025-04-14,2025,4,April,Brake Caliper v4,Chassis,Blair PLC,99.0,Chassis Assembly - Station 08,Chassis Assembly,assembly,minor,accepted_with_deviation,1.85,24.4
1460,20250414,2025-04-14,2025,4,April,Headliner v2,Interior,Rhodes PLC,80.3,Interior Assembly - Station 10,Interior Assembly,assembly,critical,rework,160.94,62.4
1461,20250414,2025-04-14,2025,4,April,Headliner v2,Interior,Rhodes PLC,80.3,Interior Assembly - Station 12,Interior Assembly,assembly,minor,rework,148.29,29.0
1462,20250414,2025-04-14,2025,4,April,ABS Unit v4,Safety,"Rodriguez, Figueroa and Sanchez",88.0,Safety Systems - Station 17,Safety Systems,functional,critical,accepted_with_deviation,6.76,89.3
1463,20250415,2025-04-15,2025,4,April,Headliner v2,Interior,Rhodes PLC,80.3,Interior Assembly - Station 10,Interior Assembly,assembly,minor,rework,147.61,27.2
1464,20250415,2025-04-15,2025,4,April,Drive Shaft v4,Powertrain,"Rodriguez, Figueroa and Sanchez",88.0,Powertrain Assembly - Station 07,Powertrain Assembly,functional,critical,rework,582.37,127.8
1465,20250415,2025-04-15,2025,4,April,,,,,Welding - Station 03,Welding,dimensional,minor,rework,10.64,28.1
1466,20250415,2025-04-15,2025,4,April,Headliner v2,Interior,Rhodes PLC,80.3,Interior Assembly - Station 12,Interior Assembly,assembly,minor,rework,146.18,23.4
1467,20250415,2025-04-15,2025,4,April,Shock Absorber v3,Chassis,Wyatt Inc,85.8,Chassis Assembly - Station 09,Chassis Assembly,assembly,minor,rework,160.2,23.5
1468,20250415,2025-04-15,2025,4,April,,,,,Painting - Station 05,Painting,cosmetic,minor,accepted_with_deviation,2.23,29.5
1469,20250415,2025-04-15,2025,4,April,Battery Pack v2,Electrical,Wolfe LLC,91.2,Electrical Assembly - Station 14,Electrical Assembly,electrical,minor,accepted_with_deviation,1.89,25.0
1470,20250415,2025-04-15,2025,4,April,Headliner v2,Interior,Rhodes PLC,80.3,Interior Assembly - Station 12,Interior Assembly,assembly,major,scrap,565.73,43.3
1471,20250416,2025-04-16,2025,4,April,Wiring Harness v6,Electrical,Bernard LLC,84.8,Electrical Assembly - Station 14,Electrical Assembly,electrical,minor,rework,85.63,24.0
1472,20250416,2025-04-16,2025,4,April,,,,,Welding - Station 01,Welding,dimensional,minor,rework,8.77,23.2
1473,20250416,2025-04-16,2025,4,April,Brake Caliper v4,Chassis,Blair PLC,99.0,Chassis Assembly - Station 08,Chassis Assembly,assembly,major,scrap,645.25,73.4
1474,20250416,2025-04-16,2025,4,April,Electric Motor v6,Powertrain,Wyatt Inc,85.8,Powertrain Assembly - Station 06,Powertrain Assembly,functional,minor,rework,669.01,24.9
1475,20250416,2025-04-16,2025,4,April,Electric Motor v6,Powertrain,Wyatt Inc,85.8,Powertrain Assembly - Station 06,Powertrain Assembly,functional,minor,rework,666.62,18.6
1476,20250416,2025-04-16,2025,4,April,Electric Motor v6,Powertrain,Wyatt Inc,85.8,Powertrain Assembly - Station 07,Powertrain Assembly,functional,critical,rework,707.8,127.5
1477,20250416,2025-04-16,2025,4,April,Headliner v2,Interior,Rhodes PLC,80.3,Interior Assembly - Station 11,Interior Assembly,assembly,minor,rework,143.42,16.1
1478,20250416,2025-04-16,2025,4,April,Battery Pack v2,Electrical,Wolfe LLC,91.2,Electrical Assembly - Station 14,Electrical Assembly,electrical,minor,rework,91.42,12.9
1479,20250417,2025-04-17,2025,4,April,Battery Pack v2,Electrical,Wolfe LLC,91.2,Electrical Assembly - Station 14,Electrical Assembly,electrical,minor,rework,90.41,10.2
1480,20250417,2025-04-17,2025,4,April,Electric Motor v6,Powertrain,Wyatt Inc,85.8,Powertrain Assembly - Station 06,Powertrain Assembly,functional,minor,rework,663.88,11.4
1481,20250417,2025-04-17,2025,4,April,,,,,Welding - Station 01,Welding,dimensional,minor,rework,8.46,22.3
1482,20250417,2025-04-17,2025,4,April,,,,,Painting - Station 05,Painting,cosmetic,major,rework,23.59,62.3
1483,20250417,2025-04-17,2025,4,April,,,,,Final Assembly - Station 18,Final Assembly,assembly,minor,rework,11.26,29.8
1484,20250417,2025-04-17,2025,4,April,Drive Shaft v4,Powertrain,"Rodriguez, Figueroa and Sanchez",88.0,Powertrain Assembly - Station 07,Powertrain Assembly,functional,minor,rework,541.24,19.1
1485,20250417,2025-04-17,2025,4,April,Headliner v2,Interior,Rhodes PLC,80.3,Interior Assembly - Station 12,Interior Assembly,assembly,minor,rework,143.66,16.7
1486,20250418,2025-04-18,2025,4,April,Battery Pack v2,Electrical,Wolfe LLC,91.2,Electrical Assembly - Station 14,Electrical Assembly,electrical,minor,rework,93.07,17.3
1487,20250418,2025-04-18,2025,4,April,Grille v2,Exterior,Arnold Ltd,99.0,Exterior Trim - Station 16,Exterior Trim,cosmetic,minor,rework,121.94,23.2
1488,20250418,2025-04-18,2025,4,April,Grille v2,Exterior,Arnold Ltd,99.0,Exterior Trim - Station 16,Exterior Trim,cosmetic,minor,rework,122.49,24.6
1489,20250418,2025-04-18,2025,4,April,Headliner v2,Interior,Rhodes PLC,80.3,Interior Assembly - Station 10,Interior Assembly,assembly,minor,rework,147.04,25.6
1490,20250418,2025-04-18,2025,4,April,Center Console,Interior,Rhodes PLC,80.3,Interior Assembly - Station 10,Interior Assembly,assembly,major,accepted_with_deviation,5.05,66.7
1491,20250418,2025-04-18,2025,4,April,Headliner v2,Interior,Rhodes PLC,80.3,Interior Assembly - Station 11,Interior Assembly,assembly,minor,rework,146.03,23.0
1492,20250418,2025-04-18,2025,4,April,Battery Pack v2,Electrical,Wolfe LLC,91.2,Electrical Assembly - Station 13,Electrical Assembly,electrical,minor,rework,90.42,10.3
1493,20250418,2025-04-18,2025,4,April,Brake Caliper v4,Chassis,Blair PLC,99.0,Chassis Assembly - Station 09,Chassis Assembly,assembly,major,rework,173.2,49.8
1494,20250418,2025-04-18,2025,4,April,,,,,Welding - Station 02,Welding,dimensional,major,rework,18.07,47.7
1495,20250419,2025-04-19,2025,4,April,Center Console,Interior,Rhodes PLC,80.3,Interior Assembly - Station 12,Interior Assembly,assembly,minor,rework,172.36,15.7
1496,20250419,2025-04-19,2025,4,April,Brake Caliper v4,Chassis,Blair PLC,99.0,Chassis Assembly - Station 08,Chassis Assembly,assembly,major,rework,166.7,32.6
1497,20250420,2025-04-20,2025,4,April,,,,,Welding - Station 01,Welding,dimensional,minor,rework,10.38,27.4
1498,20250420,2025-04-20,2025,4,April,Electric Motor v6,Powertrain,Wyatt Inc,85.8,Powertrain Assembly - Station 07,Powertrain Assembly,functional,minor,rework,665.51,15.7
1499,20250421,2025-04-21,2025,4,April,Center Console,Interior,Rhodes PLC,80.3,Interior Assembly - Station 12,Interior Assembly,assembly,major,rework,178.28,31.3
1500,20250421,2025-04-21,2025,4,April,Brake Caliper v4,Chassis,Blair PLC,99.0,Chassis Assembly - Station 08,Chassis Assembly,assembly,minor,rework,162.76,22.2
1501,20250421,2025-04-21,2025,4,April,Headliner v2,Interior,Rhodes PLC,80.3,Interior Assembly - Station 10,Interior Assembly,assembly,major,rework,165.2,73.7
1502,20250421,2025-04-21,2025,4,April,Shock Absorber v3,Chassis,Wyatt Inc,85.8,Chassis Assembly - Station 08,Chassis Assembly,assembly,major,rework,176.25,65.9
1503,20250421,2025-04-21,2025,4,April,Rear Bumper v5,Exterior,Wolfe LLC,91.2,Exterior Trim - Station 15,Exterior Trim,cosmetic,minor,rework,122.97,28.2
1504,20250421,2025-04-21,2025,4,April,Door Trim v7,Interior,"Johnson, Gonzalez and Santos",85.8,Interior Assembly - Station 12,Interior Assembly,assembly,major,rework,90.47,63.2
1505,20250421,2025-04-21,2025,4,April,Grille v2,Exterior,Arnold Ltd,99.0,Exterior Trim - Station 16,Exterior Trim,cosmetic,minor,rework,118.87,15.1
1506,20250421,2025-04-21,2025,4,April,Dashboard Panel v5,Interior,Davis-Abbott,83.4,Interior Assembly - Station 12,Interior Assembly,assembly,major,rework,140.71,57.3
1507,20250421,2025-04-21,2025,4,April,Brake Caliper v4,Chassis,Blair PLC,99.0,Chassis Assembly - Station 09,Chassis Assembly,assembly,minor,rework,160.38,15.9
1508,20250421,2025-04-21,2025,4,April,Headliner v2,Interior,Rhodes PLC,80.3,Interior Assembly - Station 12,Interior Assembly,assembly,minor,rework,141.61,11.3
1509,20250421,2025-04-21,2025,4,April,Center Console,Interior,Rhodes PLC,80.3,Interior Assembly - Station 10,Interior Assembly,assembly,minor,rework,172.97,17.3
1510,20250421,2025-04-21,2025,4,April,,,,,Final Assembly - Station 18,Final Assembly,assembly,minor,rework,10.94,28.9
1511,20250421,2025-04-21,2025,4,April,Headliner v2,Interior,Rhodes PLC,80.3,Interior Assembly - Station 12,Interior Assembly,assembly,minor,rework,147.67,27.3
1512,20250422,2025-04-22,2025,4,April,,,,,Final Assembly - Station 18,Final Assembly,assembly,minor,rework,9.09,24.0
1513,20250422,2025-04-22,2025,4,April,Headliner v2,Interior,Rhodes PLC,80.3,Interior Assembly - Station 11,Interior Assembly,assembly,minor,rework,145.36,21.2
1514,20250422,2025-04-22,2025,4,April,Brake Caliper v4,Chassis,Blair PLC,99.0,Chassis Assembly - Station 08,Chassis Assembly,assembly,major,rework,179.01,65.1
1515,20250422,2025-04-22,2025,4,April,,,,,Painting - Station 05,Painting,cosmetic,minor,rework,4.73,12.5
1516,20250422,2025-04-22,2025,4,April,Headliner v2,Interior,Rhodes PLC,80.3,Interior Assembly - Station 10,Interior Assembly,assembly,minor,rework,145.71,22.1
1517,20250422,2025-04-22,2025,4,April,Rear Bumper v5,Exterior,Wolfe LLC,91.2,Exterior Trim - Station 16,Exterior Trim,cosmetic,minor,rework,122.08,25.8
1518,20250422,2025-04-22,2025,4,April,,,,,Welding - Station 01,Welding,dimensional,minor,rework,10.66,28.2
1519,20250422,2025-04-22,2025,4,April,Headliner v2,Interior,Rhodes PLC,80.3,Interior Assembly - Station 12,Interior Assembly,assembly,minor,rework,143.4,16.0
1520,20250423,2025-04-23,2025,4,April,,,,,Welding - Station 02,Welding,dimensional,major,rework,14.92,39.4
1521,20250423,2025-04-23,2025,4,April,Brake Caliper v4,Chassis,Blair PLC,99.0,Chassis Assembly - Station 09,Chassis Assembly,assembly,minor,rework,165.61,29.7
1522,20250423,2025-04-23,2025,4,April,,,,,Final Assembly - Station 18,Final Assembly,assembly,minor,rework,3.97,10.5
1523,20250423,2025-04-23,2025,4,April,Battery Pack v2,Electrical,Wolfe LLC,91.2,Electrical Assembly - Station 14,Electrical Assembly,electrical,major,rework,112.75,69.3
1524,20250423,2025-04-23,2025,4,April,,,,,Painting - Station 04,Painting,cosmetic,major,rework,26.25,69.4
1525,20250423,2025-04-23,2025,4,April,Headliner v2,Interior,Rhodes PLC,80.3,Interior Assembly - Station 12,Interior Assembly,assembly,minor,rework,146.84,25.1
1526,20250423,2025-04-23,2025,4,April,Battery Pack v2,Electrical,Wolfe LLC,91.2,Electrical Assembly - Station 13,Electrical Assembly,electrical,minor,rework,94.52,21.1
1527,20250423,2025-04-23,2025,4,April,,,,,Welding - Station 02,Welding,dimensional,minor,rework,8.44,22.3
1528,20250423,2025-04-23,2025,4,April,Headliner v2,Interior,Rhodes PLC,80.3,Interior Assembly - Station 12,Interior Assembly,assembly,minor,rework,148.19,28.7
1529,20250424,2025-04-24,2025,4,April,Battery Pack v2,Electrical,Wolfe LLC,91.2,Electrical Assembly - Station 14,Electrical Assembly,electrical,major,rework,98.88,32.6
1530,20250424,2025-04-24,2025,4,April,,,,,Final Assembly - Station 18,Final Assembly,assembly,minor,rework,7.77,20.5
1531,20250424,2025-04-24,2025,4,April,,,,,Painting - Station 05,Painting,cosmetic,major,scrap,25.42,67.2
1532,20250424,2025-04-24,2025,4,April,Headliner v2,Interior,Rhodes PLC,80.3,Interior Assembly - Station 10,Interior Assembly,assembly,minor,rework,143.79,17.1
1533,20250425,2025-04-25,2025,4,April,Grille v2,Exterior,Arnold Ltd,99.0,Exterior Trim - Station 15,Exterior Trim,cosmetic,minor,rework,118.63,14.4
1534,20250425,2025-04-25,2025,4,April,Headliner v2,Interior,Rhodes PLC,80.3,Interior Assembly - Station 11,Interior Assembly,assembly,critical,accepted_with_deviation,6.31,83.4
1535,20250425,2025-04-25,2025,4,April,Dashboard Panel v5,Interior,Davis-Abbott,83.4,Interior Assembly - Station 12,Interior Assembly,assembly,major,rework,133.41,38.0
1536,20250425,2025-04-25,2025,4,April,,,,,Welding - Station 02,Welding,dimensional,minor,rework,7.74,20.5
1537,20250425,2025-04-25,2025,4,April,,,,,Welding - Station 03,Welding,dimensional,minor,rework,4.41,11.6
1538,20250425,2025-04-25,2025,4,April,Headliner v2,Interior,Rhodes PLC,80.3,Interior Assembly - Station 10,Interior Assembly,assembly,major,rework,149.72,32.7
1539,20250425,2025-04-25,2025,4,April,Shock Absorber v3,Chassis,Wyatt Inc,85.8,Chassis Assembly - Station 08,Chassis Assembly,assembly,critical,rework,183.41,84.8
1540,20250425,2025-04-25,2025,4,April,Grille v2,Exterior,Arnold Ltd,99.0,Exterior Trim - Station 15,Exterior Trim,cosmetic,critical,rework,143.48,80.1
1541,20250425,2025-04-25,2025,4,April,,,,,Painting - Station 04,Painting,cosmetic,minor,rework,9.73,25.7
1542,20250425,2025-04-25,2025,4,April,Headliner v2,Interior,Rhodes PLC,80.3,Interior Assembly - Station 12,Interior Assembly,assembly,minor,rework,147.08,25.8
1543,20250425,2025-04-25,2025,4,April,Headliner v2,Interior,Rhodes PLC,80.3,Interior Assembly - Station 12,Interior Assembly,assembly,minor,rework,147.44,26.7
1544,20250425,2025-04-25,2025,4,April,Rear Bumper v5,Exterior,Wolfe LLC,91.2,Exterior Trim - Station 16,Exterior Trim,cosmetic,minor,rework,118.8,17.2
1545,20250425,2025-04-25,2025,4,April,,,,,Welding - Station 01,Welding,dimensional,minor,rework,7.66,20.2
1546,20250426,2025-04-26,2025,4,April,Dashboard Panel v5,Interior,Davis-Abbott,83.4,Interior Assembly - Station 11,Interior Assembly,assembly,critical,rework,175.35,148.8
1547,20250427,2025-04-27,2025,4,April,Brake Caliper v4,Chassis,Blair PLC,99.0,Chassis Assembly - Station 09,Chassis Assembly,assembly,minor,rework,161.0,17.5
1548,20250427,2025-04-27,2025,4,April,,,,,Welding - Station 03,Welding,dimensional,major,rework,23.37,61.8
1549,20250428,2025-04-28,2025,4,April,,,,,Welding - Station 01,Welding,dimensional,minor,rework,5.74,15.2
1550,20250428,2025-04-28,2025,4,April,Drive Shaft v4,Powertrain,"Rodriguez, Figueroa and Sanchez",88.0,Powertrain Assembly - Station 07,Powertrain Assembly,functional,major,rework,551.14,45.2
1551,20250428,2025-04-28,2025,4,April,Shock Absorber v3,Chassis,Wyatt Inc,85.8,Chassis Assembly - Station 09,Chassis Assembly,assembly,critical,rework,181.4,79.5
1552,20250428,2025-04-28,2025,4,April,Grille v2,Exterior,Arnold Ltd,99.0,Exterior Trim - Station 16,Exterior Trim,cosmetic,minor,rework,124.09,28.9
1553,20250428,2025-04-28,2025,4,April,Electric Motor v6,Powertrain,Wyatt Inc,85.8,Powertrain Assembly - Station 06,Powertrain Assembly,functional,major,rework,685.44,68.4
1554,20250428,2025-04-28,2025,4,April,Grille v2,Exterior,Arnold Ltd,99.0,Exterior Trim - Station 15,Exterior Trim,cosmetic,minor,rework,123.01,26.0
1555,20250428,2025-04-28,2025,4,April,,,,,Final Assembly - Station 18,Final Assembly,assembly,minor,rework,7.54,19.9
1556,20250428,2025-04-28,2025,4,April,Grille v2,Exterior,Arnold Ltd,99.0,Exterior Trim - Station 15,Exterior Trim,cosmetic,minor,rework,122.84,25.6
1557,20250428,2025-04-28,2025,4,April,Headliner v2,Interior,Rhodes PLC,80.3,Interior Assembly - Station 11,Interior Assembly,assembly,minor,rework,147.07,25.7
1558,20250428,2025-04-28,2025,4,April,,,,,Final Assembly - Station 18,Final Assembly,assembly,minor,accepted_with_deviation,0.85,11.2
1559,20250428,2025-04-28,2025,4,April,Rear Bumper v5,Exterior,Wolfe LLC,91.2,Exterior Trim - Station 16,Exterior Trim,cosmetic,critical,accepted_with_deviation,8.17,107.9
1560,20250428,2025-04-28,2025,4,April,Shock Absorber v3,Chassis,Wyatt Inc,85.8,Chassis Assembly - Station 09,Chassis Assembly,assembly,minor,rework,160.73,24.9
1561,20250429,2025-04-29,2025,4,April,,,,,Final Assembly - Station 18,Final Assembly,assembly,minor,rework,7.69,20.3
1562,20250429,2025-04-29,2025,4,April,Rear Bumper v5,Exterior,Wolfe LLC,91.2,Exterior Trim - Station 15,Exterior Trim,cosmetic,major,rework,128.02,41.5
1563,20250429,2025-04-29,2025,4,April,Wiring Harness v6,Electrical,Bernard LLC,84.8,Electrical Assembly - Station 14,Electrical Assembly,electrical,minor,rework,85.43,23.5
1564,20250429,2025-04-29,2025,4,April,,,,,Painting - Station 04,Painting,cosmetic,minor,rework,7.72,20.4
1565,20250429,2025-04-29,2025,4,April,Battery Pack v2,Electrical,Wolfe LLC,91.2,Electrical Assembly - Station 14,Electrical Assembly,electrical,major,rework,97.94,30.1
1566,20250429,2025-04-29,2025,4,April,Headliner v2,Interior,Rhodes PLC,80.3,Interior Assembly - Station 12,Interior Assembly,assembly,minor,rework,147.01,25.6
1567,20250429,2025-04-29,2025,4,April,Wiring Harness v6,Electrical,Bernard LLC,84.8,Electrical Assembly - Station 14,Electrical Assembly,electrical,major,scrap,318.12,31.5
1568,20250430,2025-04-30,2025,4,April,Electric Motor v6,Powertrain,Wyatt Inc,85.8,Powertrain Assembly - Station 06,Powertrain Assembly,functional,major,rework,682.89,61.6
1569,20250430,2025-04-30,2025,4,April,,,,,Painting - Station 04,Painting,cosmetic,minor,rework,5.14,13.6
1570,20250430,2025-04-30,2025,4,April,Brake Caliper v4,Chassis,Blair PLC,99.0,Chassis Assembly - Station 08,Chassis Assembly,assembly,major,rework,174.33,52.8
1571,20250430,2025-04-30,2025,4,April,Grille v2,Exterior,Arnold Ltd,99.0,Exterior Trim - Station 15,Exterior Trim,cosmetic,major,rework,131.15,47.5
1572,20250430,2025-04-30,2025,4,April,Grille v2,Exterior,Arnold Ltd,99.0,Exterior Trim - Station 16,Exterior Trim,cosmetic,major,rework,137.91,65.4
1573,20250430,2025-04-30,2025,4,April,Electric Motor v6,Powertrain,Wyatt Inc,85.8,Powertrain Assembly - Station 07,Powertrain Assembly,functional,major,accepted_with_deviation,2.38,31.4
1574,20250430,2025-04-30,2025,4,April,Headliner v2,Interior,Rhodes PLC,80.3,Interior Assembly - Station 12,Interior Assembly,assembly,minor,rework,146.86,25.2
1575,20250430,2025-04-30,2025,4,April,Dashboard Panel v5,Interior,Davis-Abbott,83.4,Interior Assembly - Station 11,Interior Assembly,assembly,minor,rework,122.87,10.1
1576,20250430,2025-04-30,2025,4,April,Rear Bumper v5,Exterior,Wolfe LLC,91.2,Exterior Trim - Station 16,Exterior Trim,cosmetic,major,rework,125.99,36.1
1577,20250430,2025-04-30,2025,4,April,ABS Unit v4,Safety,"Rodriguez, Figueroa and Sanchez",88.0,Safety Systems - Station 17,Safety Systems,functional,critical,rework,111.99,100.2
1578,20250430,2025-04-30,2025,4,April,,,,,Welding - Station 01,Welding,dimensional,minor,rework,7.59,20.1
1579,20250501,2025-05-01,2025,5,May,Grille v2,Exterior,Arnold Ltd,99.0,Exterior Trim - Station 15,Exterior Trim,cosmetic,minor,rework,116.95,10.0
1580,20250501,2025-05-01,2025,5,May,,,,,Final Assembly - Station 18,Final Assembly,assembly,major,rework,25.44,67.2
1581,20250501,2025-05-01,2025,5,May,Headliner v2,Interior,Rhodes PLC,80.3,Interior Assembly - Station 12,Interior Assembly,assembly,minor,rework,145.86,22.5
1582,20250501,2025-05-01,2025,5,May,Door Trim v7,Interior,"Johnson, Gonzalez and Santos",85.8,Interior Assembly - Station 12,Interior Assembly,assembly,minor,rework,71.91,14.1
1583,20250501,2025-05-01,2025,5,May,Rear Bumper v5,Exterior,Wolfe LLC,91.2,Exterior Trim - Station 16,Exterior Trim,cosmetic,major,rework,139.27,71.2
1584,20250501,2025-05-01,2025,5,May,,,,,Welding - Station 02,Welding,dimensional,minor,rework,7.88,20.8
1585,20250501,2025-05-01,2025,5,May,Grille v2,Exterior,Arnold Ltd,99.0,Exterior Trim - Station 16,Exterior Trim,cosmetic,major,rework,127.59,38.1
1586,20250501,2025-05-01,2025,5,May,,,,,Welding - Station 02,Welding,dimensional,minor,rework,5.34,14.1
1587,20250501,2025-05-01,2025,5,May,Electric Motor v6,Powertrain,Wyatt Inc,85.8,Powertrain Assembly - Station 07,Powertrain Assembly,functional,minor,rework,664.0,11.7
1588,20250502,2025-05-02,2025,5,May,Battery Pack v2,Electrical,Wolfe LLC,91.2,Electrical Assembly - Station 13,Electrical Assembly,electrical,major,scrap,358.31,32.1
1589,20250502,2025-05-02,2025,5,May,Shock Absorber v3,Chassis,Wyatt Inc,85.8,Chassis Assembly - Station 08,Chassis Assembly,assembly,major,rework,172.46,55.9
1590,20250502,2025-05-02,2025,5,May,Shock Absorber v3,Chassis,Wyatt Inc,85.8,Chassis Assembly - Station 09,Chassis Assembly,assembly,minor,accepted_with_deviation,1.86,24.5
1591,20250502,2025-05-02,2025,5,May,Grille v2,Exterior,Arnold Ltd,99.0,Exterior Trim - Station 15,Exterior Trim,cosmetic,critical,rework,141.95,76.1
1592,20250502,2025-05-02,2025,5,May,Battery Pack v2,Electrical,Wolfe LLC,91.2,Electrical Assembly - Station 14,Electrical Assembly,electrical,minor,rework,92.22,15.0
1593,20250502,2025-05-02,2025,5,May,Electric Motor v6,Powertrain,Wyatt Inc,85.8,Powertrain Assembly - Station 06,Powertrain Assembly,functional,critical,scrap,2682.4,116.6
1594,20250502,2025-05-02,2025,5,May,Electric Motor v6,Powertrain,Wyatt Inc,85.8,Powertrain Assembly - Station 07,Powertrain Assembly,functional,minor,rework,665.85,16.6
1595,20250502,2025-05-02,2025,5,May,Electric Motor v6,Powertrain,Wyatt Inc,85.8,Powertrain Assembly - Station 06,Powertrain Assembly,functional,major,accepted_with_deviation,3.01,39.8
1596,20250502,2025-05-02,2025,5,May,Brake Caliper v4,Chassis,Blair PLC,99.0,Chassis Assembly - Station 08,Chassis Assembly,assembly,minor,rework,164.4,26.5
1597,20250503,2025-05-03,2025,5,May,Rear Bumper v5,Exterior,Wolfe LLC,91.2,Exterior Trim - Station 15,Exterior Trim,cosmetic,minor,rework,121.39,24.0
1598,20250504,2025-05-04,2025,5,May,,,,,Painting - Station 04,Painting,cosmetic,minor,rework,7.02,18.5
1599,20250504,2025-05-04,2025,5,May,ABS Unit v4,Safety,"Rodriguez, Figueroa and Sanchez",88.0,Safety Systems - Station 17,Safety Systems,functional,critical,rework,119.32,119.6
1600,20250505,2025-05-05,2025,5,May,Electric Motor v6,Powertrain,Wyatt Inc,85.8,Powertrain Assembly - Station 07,Powertrain Assembly,functional,critical,rework,703.52,116.1
1601,20250505,2025-05-05,2025,5,May,Grille v2,Exterior,Arnold Ltd,99.0,Exterior Trim - Station 16,Exterior Trim,cosmetic,minor,rework,120.46,19.3
1602,20250505,2025-05-05,2025,5,May,Door Trim v7,Interior,"Johnson, Gonzalez and Santos",85.8,Interior Assembly - Station 10,Interior Assembly,assembly,major,rework,78.27,30.9
1603,20250505,2025-05-05,2025,5,May,Grille v2,Exterior,Arnold Ltd,99.0,Exterior Trim - Station 15,Exterior Trim,cosmetic,minor,rework,123.89,28.3
1604,20250505,2025-05-05,2025,5,May,Headliner v2,Interior,Rhodes PLC,80.3,Interior Assembly - Station 10,Interior Assembly,assembly,major,rework,161.38,63.6
1605,20250505,2025-05-05,2025,5,May,,,,,Quality Check - Station 20,Quality Check,dimensional,major,rework,23.54,62.2
1606,20250505,2025-05-05,2025,5,May,Grille v2,Exterior,Arnold Ltd,99.0,Exterior Trim - Station 15,Exterior Trim,cosmetic,minor,rework,118.12,13.1
1607,20250505,2025-05-05,2025,5,May,Headliner v2,Interior,Rhodes PLC,80.3,Interior Assembly - Station 11,Interior Assembly,assembly,major,rework,155.82,48.9
1608,20250506,2025-05-06,2025,5,May,Battery Pack v2,Electrical,Wolfe LLC,91.2,Electrical Assembly - Station 14,Electrical Assembly,electrical,minor,rework,91.04,11.9
1609,20250506,2025-05-06,2025,5,May,,,,,Quality Check - Station 20,Quality Check,dimensional,minor,rework,7.84,20.7
1610,20250506,2025-05-06,2025,5,May,Rear Bumper v5,Exterior,Wolfe LLC,91.2,Exterior Trim - Station 15,Exterior Trim,cosmetic,minor,rework,116.72,11.6
1611,20250506,2025-05-06,2025,5,May,Door Trim v7,Interior,"Johnson, Gonzalez and Santos",85.8,Interior Assembly - Station 12,Interior Assembly,assembly,minor,rework,77.1,27.9
1612,20250506,2025-05-06,2025,5,May,,,,,Welding - Station 03,Welding,dimensional,major,rework,27.96,73.9
1613,20250506,2025-05-06,2025,5,May,Headliner v2,Interior,Rhodes PLC,80.3,Interior Assembly - Station 10,Interior Assembly,assembly,minor,rework,145.41,21.3
1614,20250506,2025-05-06,2025,5,May,Electric Motor v6,Powertrain,Wyatt Inc,85.8,Powertrain Assembly - Station 06,Powertrain Assembly,functional,minor,rework,666.49,18.3
1615,20250506,2025-05-06,2025,5,May,Backup Camera v6,Safety,Cole LLC,99.0,Safety Systems - Station 17,Safety Systems,functional,critical,rework,148.34,127.9
1616,20250506,2025-05-06,2025,5,May,Grille v2,Exterior,Arnold Ltd,99.0,Exterior Trim - Station 15,Exterior Trim,cosmetic,major,rework,129.0,41.8
1617,20250506,2025-05-06,2025,5,May,Drive Shaft v4,Powertrain,"Rodriguez, Figueroa and Sanchez",88.0,Powertrain Assembly - Station 06,Powertrain Assembly,functional,major,rework,560.88,71.0
1618,20250506,2025-05-06,2025,5,May,Grille v2,Exterior,Arnold Ltd,99.0,Exterior Trim - Station 16,Exterior Trim,cosmetic,minor,rework,118.19,13.3
1619,20250507,2025-05-07,2025,5,May,Electric Motor v6,Powertrain,Wyatt Inc,85.8,Powertrain Assembly - Station 06,Powertrain Assembly,functional,critical,scrap,2664.15,68.3
1620,20250507,2025-05-07,2025,5,May,Headliner v2,Interior,Rhodes PLC,80.3,Interior Assembly - Station 11,Interior Assembly,assembly,major,rework,163.01,67.9
1621,20250507,2025-05-07,2025,5,May,Headliner v2,Interior,Rhodes PLC,80.3,Interior Assembly - Station 10,Interior Assembly,assembly,major,rework,165.05,73.3
1622,20250507,2025-05-07,2025,5,May,Rear Bumper v5,Exterior,Wolfe LLC,91.2,Exterior Trim - Station 15,Exterior Trim,cosmetic,minor,rework,122.66,27.4
1623,20250508,2025-05-08,2025,5,May,Headliner v2,Interior,Rhodes PLC,80.3,Interior Assembly - Station 12,Interior Assembly,assembly,minor,rework,142.44,13.5
1624,20250508,2025-05-08,2025,5,May,Drive Shaft v4,Powertrain,"Rodriguez, Figueroa and Sanchez",88.0,Powertrain Assembly - Station 07,Powertrain Assembly,functional,minor,rework,541.69,20.3
1625,20250508,2025-05-08,2025,5,May,,,,,Painting - Station 05,Painting,cosmetic,minor,rework,8.96,23.7
1626,20250508,2025-05-08,2025,5,May,Headliner v2,Interior,Rhodes PLC,80.3,Interior Assembly - Station 12,Interior Assembly,assembly,minor,accepted_with_deviation,1.04,13.8
1627,20250508,2025-05-08,2025,5,May,Grille v2,Exterior,Arnold Ltd,99.0,Exterior Trim - Station 15,Exterior Trim,cosmetic,major,rework,140.43,72.1
1628,20250508,2025-05-08,2025,5,May,ABS Unit v4,Safety,"Rodriguez, Figueroa and Sanchez",88.0,Safety Systems - Station 17,Safety Systems,functional,major,scrap,319.15,60.4
1629,20250509,2025-05-09,2025,5,May,Drive Shaft v4,Powertrain,"Rodriguez, Figueroa and Sanchez",88.0,Powertrain Assembly - Station 06,Powertrain Assembly,functional,minor,rework,544.7,28.2
1630,20250509,2025-05-09,2025,5,May,Headliner v2,Interior,Rhodes PLC,80.3,Interior Assembly - Station 10,Interior Assembly,assembly,minor,accepted_with_deviation,2.01,26.6
1631,20250509,2025-05-09,2025,5,May,Grille v2,Exterior,Arnold Ltd,99.0,Exterior Trim - Station 15,Exterior Trim,cosmetic,minor,accepted_with_deviation,1.25,16.5
1632,20250510,2025-05-10,2025,5,May,Backup Camera v6,Safety,Cole LLC,99.0,Safety Systems - Station 17,Safety Systems,functional,minor,rework,104.18,11.1
1633,20250510,2025-05-10,2025,5,May,Drive Shaft v4,Powertrain,"Rodriguez, Figueroa and Sanchez",88.0,Powertrain Assembly - Station 06,Powertrain Assembly,functional,minor,rework,541.51,19.8
1634,20250510,2025-05-10,2025,5,May,Headliner v2,Interior,Rhodes PLC,80.3,Interior Assembly - Station 12,Interior Assembly,assembly,minor,rework,144.67,19.4
1635,20250510,2025-05-10,2025,5,May,Door Trim v7,Interior,"Johnson, Gonzalez and Santos",85.8,Interior Assembly - Station 10,Interior Assembly,assembly,minor,rework,73.51,18.4
1636,20250510,2025-05-10,2025,5,May,Door Trim v7,Interior,"Johnson, Gonzalez and Santos",85.8,Interior Assembly - Station 11,Interior Assembly,assembly,minor,rework,72.93,16.8
1637,20250511,2025-05-11,2025,5,May,Brake Caliper v4,Chassis,Blair PLC,99.0,Chassis Assembly - Station 08,Chassis Assembly,assembly,minor,rework,159.21,12.8
1638,20250511,2025-05-11,2025,5,May,Backup Camera v6,Safety,Cole LLC,99.0,Safety Systems - Station 17,Safety Systems,functional,minor,rework,106.35,16.9
1639,20250511,2025-05-11,2025,5,May,Rear Bumper v5,Exterior,Wolfe LLC,91.2,Exterior Trim - Station 16,Exterior Trim,cosmetic,minor,rework,119.53,19.1
1640,20250511,2025-05-11,2025,5,May,Crash Sensor v5,Safety,"Rodriguez, Figueroa and Sanchez",88.0,Safety Systems - Station 17,Safety Systems,functional,minor,rework,92.6,19.1
1641,20250512,2025-05-12,2025,5,May,ABS Unit v4,Safety,"Rodriguez, Figueroa and Sanchez",88.0,Safety Systems - Station 17,Safety Systems,functional,major,rework,94.84,54.9
1642,20250512,2025-05-12,2025,5,May,Backup Camera v6,Safety,Cole LLC,99.0,Safety Systems - Station 17,Safety Systems,functional,minor,rework,108.22,21.8
1643,20250512,2025-05-12,2025,5,May,Electric Motor v6,Powertrain,Wyatt Inc,85.8,Powertrain Assembly - Station 07,Powertrain Assembly,functional,major,rework,677.11,46.3
1644,20250512,2025-05-12,2025,5,May,Grille v2,Exterior,Arnold Ltd,99.0,Exterior Trim - Station 15,Exterior Trim,cosmetic,critical,rework,141.61,75.2
1645,20250512,2025-05-12,2025,5,May,Grille v2,Exterior,Arnold Ltd,99.0,Exterior Trim - Station 16,Exterior Trim,cosmetic,minor,rework,124.02,28.7
1646,20250512,2025-05-12,2025,5,May,Headliner v2,Interior,Rhodes PLC,80.3,Interior Assembly - Station 11,Interior Assembly,assembly,major,rework,158.35,55.6
1647,20250512,2025-05-12,2025,5,May,Battery Pack v2,Electrical,Wolfe LLC,91.2,Electrical Assembly - Station 14,Electrical Assembly,electrical,minor,rework,94.81,21.9
1648,20250512,2025-05-12,2025,5,May,Headliner v2,Interior,Rhodes PLC,80.3,Interior Assembly - Station 11,Interior Assembly,assembly,minor,rework,146.0,22.9
1649,20250512,2025-05-12,2025,5,May,Center Console,Interior,Rhodes PLC,80.3,Interior Assembly - Station 12,Interior Assembly,assembly,minor,rework,171.69,13.9
1650,20250512,2025-05-12,2025,5,May,Center Console,Interior,Rhodes PLC,80.3,Interior Assembly - Station 12,Interior Assembly,assembly,major,rework,178.06,30.7
1651,20250513,2025-05-13,2025,5,May,Brake Caliper v4,Chassis,Blair PLC,99.0,Chassis Assembly - Station 09,Chassis Assembly,assembly,minor,rework,158.82,11.8
1652,20250513,2025-05-13,2025,5,May,,,,,Painting - Station 04,Painting,cosmetic,minor,rework,10.08,26.6
1653,20250513,2025-05-13,2025,5,May,Battery Pack v2,Electrical,Wolfe LLC,91.2,Electrical Assembly - Station 13,Electrical Assembly,electrical,minor,rework,93.83,19.3
1654,20250513,2025-05-13,2025,5,May,Electric Motor v6,Powertrain,Wyatt Inc,85.8,Powertrain Assembly - Station 06,Powertrain Assembly,functional,critical,accepted_with_deviation,9.98,131.9
1655,20250513,2025-05-13,2025,5,May,Door Trim v7,Interior,"Johnson, Gonzalez and Santos",85.8,Interior Assembly - Station 11,Interior Assembly,assembly,minor,rework,72.67,16.2
1656,20250513,2025-05-13,2025,5,May,Headliner v2,Interior,Rhodes PLC,80.3,Interior Assembly - Station 11,Interior Assembly,assembly,minor,rework,141.66,11.4
1657,20250513,2025-05-13,2025,5,May,,,,,Final Assembly - Station 18,Final Assembly,assembly,minor,rework,10.67,28.2
1658,20250513,2025-05-13,2025,5,May,Door Trim v7,Interior,"Johnson, Gonzalez and Santos",85.8,Interior Assembly - Station 10,Interior Assembly,assembly,major,rework,84.02,46.1
1659,20250513,2025-05-13,2025,5,May,,,,,Painting - Station 05,Painting,cosmetic,minor,rework,10.21,27.0
1660,20250514,2025-05-14,2025,5,May,,,,,Welding - Station 01,Welding,dimensional,minor,rework,10.94,28.9
1661,20250514,2025-05-14,2025,5,May,Grille v2,Exterior,Arnold Ltd,99.0,Exterior Trim - Station 16,Exterior Trim,cosmetic,minor,rework,122.28,24.1
1662,20250514,2025-05-14,2025,5,May,,,,,Welding - Station 01,Welding,dimensional,major,rework,25.19,66.6
1663,20250514,2025-05-14,2025,5,May,Shock Absorber v3,Chassis,Wyatt Inc,85.8,Chassis Assembly - Station 08,Chassis Assembly,assembly,minor,rework,161.57,27.1
1664,20250514,2025-05-14,2025,5,May,Grille v2,Exterior,Arnold Ltd,99.0,Exterior Trim - Station 16,Exterior Trim,cosmetic,minor,rework,124.3,29.4
1665,20250514,2025-05-14,2025,5,May,Electric Motor v6,Powertrain,Wyatt Inc,85.8,Powertrain Assembly - Station 06,Powertrain Assembly,functional,critical,rework,683.65,63.6
1666,20250514,2025-05-14,2025,5,May,Headliner v2,Interior,Rhodes PLC,80.3,Interior Assembly - Station 12,Interior Assembly,assembly,critical,rework,180.8,114.9
1667,20250514,2025-05-14,2025,5,May,ECU Module v7,Electrical,"Rodriguez, Figueroa and Sanchez",88.0,Electrical Assembly - Station 14,Electrical Assembly,electrical,minor,rework,49.31,19.6
1668,20250514,2025-05-14,2025,5,May,Grille v2,Exterior,Arnold Ltd,99.0,Exterior Trim - Station 15,Exterior Trim,cosmetic,critical,rework,145.58,85.7
1669,20250515,2025-05-15,2025,5,May,Headliner v2,Interior,Rhodes PLC,80.3,Interior Assembly - Station 12,Interior Assembly,assembly,minor,rework,141.23,10.3
1670,20250515,2025-05-15,2025,5,May,Electric Motor v6,Powertrain,Wyatt Inc,85.8,Powertrain Assembly - Station 07,Powertrain Assembly,functional,minor,rework,670.45,28.8
1671,20250515,2025-05-15,2025,5,May,,,,,Welding - Station 01,Welding,dimensional,minor,rework,8.1,21.4
1672,20250515,2025-05-15,2025,5,May,Battery Pack v2,Electrical,Wolfe LLC,91.2,Electrical Assembly - Station 13,Electrical Assembly,electrical,minor,rework,96.78,27.1
1673,20250515,2025-05-15,2025,5,May,Headliner v2,Interior,Rhodes PLC,80.3,Interior Assembly - Station 12,Interior Assembly,assembly,major,rework,156.14,49.7
1674,20250515,2025-05-15,2025,5,May,Wiring Harness v6,Electrical,Bernard LLC,84.8,Electrical Assembly - Station 14,Electrical Assembly,electrical,minor,rework,85.85,24.6
1675,20250515,2025-05-15,2025,5,May,Rear Bumper v5,Exterior,Wolfe LLC,91.2,Exterior Trim - Station 15,Exterior Trim,cosmetic,major,rework,129.63,45.8
1676,20250515,2025-05-15,2025,5,May,Grille v2,Exterior,Arnold Ltd,99.0,Exterior Trim - Station 15,Exterior Trim,cosmetic,critical,rework,160.21,124.3
1677,20250515,2025-05-15,2025,5,May,Electric Motor v6,Powertrain,Wyatt Inc,85.8,Powertrain Assembly - Station 07,Powertrain Assembly,functional,major,rework,671.52,31.6
1678,20250515,2025-05-15,2025,5,May,ECU Module v7,Electrical,"Rodriguez, Figueroa and Sanchez",88.0,Electrical Assembly - Station 13,Electrical Assembly,electrical,critical,scrap,197.5,78.9
1679,20250515,2025-05-15,2025,5,May,Grille v2,Exterior,Arnold Ltd,99.0,Exterior Trim - Station 16,Exterior Trim,cosmetic,minor,rework,119.15,15.8
1680,20250516,2025-05-16,2025,5,May,Headliner v2,Interior,Rhodes PLC,80.3,Interior Assembly - Station 10,Interior Assembly,assembly,major,scrap,564.85,41.0
1681,20250516,2025-05-16,2025,5,May,,,,,Welding - Station 01,Welding,dimensional,minor,rework,4.09,10.8
1682,20250516,2025-05-16,2025,5,May,Wiring Harness v6,Electrical,Bernard LLC,84.8,Electrical Assembly - Station 13,Electrical Assembly,electrical,minor,rework,84.81,21.8
1683,20250516,2025-05-16,2025,5,May,,,,,Painting - Station 04,Painting,cosmetic,major,rework,28.12,74.3
1684,20250516,2025-05-16,2025,5,May,,,,,Welding - Station 01,Welding,dimensional,minor,rework,10.74,28.4
1685,20250516,2025-05-16,2025,5,May,Grille v2,Exterior,Arnold Ltd,99.0,Exterior Trim - Station 15,Exterior Trim,cosmetic,minor,rework,121.81,22.9
1686,20250516,2025-05-16,2025,5,May,,,,,Welding - Station 02,Welding,dimensional,minor,rework,8.99,23.8
1687,20250516,2025-05-16,2025,5,May,Electric Motor v6,Powertrain,Wyatt Inc,85.8,Powertrain Assembly - Station 07,Powertrain Assembly,functional,critical,rework,711.09,136.2
1688,20250516,2025-05-16,2025,5,May,Grille v2,Exterior,Arnold Ltd,99.0,Exterior Trim - Station 16,Exterior Trim,cosmetic,minor,rework,121.24,21.3
1689,20250516,2025-05-16,2025,5,May,,,,,Welding - Station 01,Welding,dimensional,minor,rework,6.62,17.5
1690,20250516,2025-05-16,2025,5,May,Electric Motor v6,Powertrain,Wyatt Inc,85.8,Powertrain Assembly - Station 07,Powertrain Assembly,functional,major,rework,679.43,52.5
1691,20250517,2025-05-17,2025,5,May,,,,,Quality Check - Station 19,Quality Check,dimensional,minor,rework,7.34,19.4
1692,20250517,2025-05-17,2025,5,May,Battery Pack v2,Electrical,Wolfe LLC,91.2,Electrical Assembly - Station 13,Electrical Assembly,electrical,major,rework,103.59,45.1
1693,20250517,2025-05-17,2025,5,May,,,,,Welding - Station 03,Welding,dimensional,minor,rework,6.88,18.2
1694,20250518,2025-05-18,2025,5,May,Electric Motor v6,Powertrain,Wyatt Inc,85.8,Powertrain Assembly - Station 07,Powertrain Assembly,functional,major,rework,684.91,67.0
1695,20250518,2025-05-18,2025,5,May,Electric Motor v6,Powertrain,Wyatt Inc,85.8,Powertrain Assembly - Station 06,Powertrain Assembly,functional,minor,accepted_with_deviation,1.05,13.9
1696,20250519,2025-05-19,2025,5,May,Door Trim v7,Interior,"Johnson, Gonzalez and Santos",85.8,Interior Assembly - Station 10,Interior Assembly,assembly,major,rework,84.27,46.8
1697,20250519,2025-05-19,2025,5,May,Door Trim v7,Interior,"Johnson, Gonzalez and Santos",85.8,Interior Assembly - Station 11,Interior Assembly,assembly,minor,rework,72.77,16.4
1698,20250520,2025-05-20,2025,5,May,Rear Bumper v5,Exterior,Wolfe LLC,91.2,Exterior Trim - Station 16,Exterior Trim,cosmetic,minor,accepted_with_deviation,0.98,13.0
1699,20250520,2025-05-20,2025,5,May,Center Console,Interior,Rhodes PLC,80.3,Interior Assembly - Station 10,Interior Assembly,assembly,minor,rework,175.87,24.9
1700,20250520,2025-05-20,2025,5,May,Dashboard Panel v5,Interior,Davis-Abbott,83.4,Interior Assembly - Station 11,Interior Assembly,assembly,minor,rework,126.3,19.2
1701,20250520,2025-05-20,2025,5,May,Rear Bumper v5,Exterior,Wolfe LLC,91.2,Exterior Trim - Station 16,Exterior Trim,cosmetic,minor,rework,122.29,26.4
1702,20250520,2025-05-20,2025,5,May,,,,,Painting - Station 04,Painting,cosmetic,minor,rework,5.77,15.3
1703,20250520,2025-05-20,2025,5,May,,,,,Welding - Station 03,Welding,dimensional,minor,rework,8.6,22.7
1704,20250521,2025-05-21,2025,5,May,,,,,Final Assembly - Station 18,Final Assembly,assembly,minor,rework,8.26,21.8
1705,20250522,2025-05-22,2025,5,May,Battery Pack v2,Electrical,Wolfe LLC,91.2,Electrical Assembly - Station 13,Electrical Assembly,electrical,minor,rework,93.54,18.5
1706,20250522,2025-05-22,2025,5,May,Electric Motor v6,Powertrain,Wyatt Inc,85.8,Powertrain Assembly - Station 07,Powertrain Assembly,functional,minor,rework,664.75,13.7
1707,20250522,2025-05-22,2025,5,May,Electric Motor v6,Powertrain,Wyatt Inc,85.8,Powertrain Assembly - Station 06,Powertrain Assembly,functional,minor,rework,670.26,28.2
1708,20250522,2025-05-22,2025,5,May,Headliner v2,Interior,Rhodes PLC,80.3,Interior Assembly - Station 12,Interior Assembly,assembly,major,rework,156.79,51.4
1709,20250522,2025-05-22,2025,5,May,,,,,Painting - Station 05,Painting,cosmetic,major,rework,18.73,49.5
1710,20250522,2025-05-22,2025,5,May,Shock Absorber v3,Chassis,Wyatt Inc,85.8,Chassis Assembly - Station 08,Chassis Assembly,assembly,major,rework,162.81,30.4
1711,20250522,2025-05-22,2025,5,May,Dashboard Panel v5,Interior,Davis-Abbott,83.4,Interior Assembly - Station 10,Interior Assembly,assembly,minor,rework,123.85,12.7
1712,20250522,2025-05-22,2025,5,May,,,,,Welding - Station 01,Welding,dimensional,minor,rework,7.2,19.0
1713,20250522,2025-05-22,2025,5,May,ECU Module v7,Electrical,"Rodriguez, Figueroa and Sanchez",88.0,Electrical Assembly - Station 13,Electrical Assembly,electrical,major,rework,54.93,34.4
1714,20250523,2025-05-23,2025,5,May,Shock Absorber v3,Chassis,Wyatt Inc,85.8,Chassis Assembly - Station 08,Chassis Assembly,assembly,critical,rework,186.94,94.1
1715,20250523,2025-05-23,2025,5,May,Battery Pack v2,Electrical,Wolfe LLC,91.2,Electrical Assembly - Station 14,Electrical Assembly,electrical,critical,rework,127.44,108.1
1716,20250523,2025-05-23,2025,5,May,Battery Pack v2,Electrical,Wolfe LLC,91.2,Electrical Assembly - Station 13,Electrical Assembly,electrical,minor,rework,96.9,27.4
1717,20250523,2025-05-23,2025,5,May,Electric Motor v6,Powertrain,Wyatt Inc,85.8,Powertrain Assembly - Station 07,Powertrain Assembly,functional,minor,rework,667.9,22.0
1718,20250524,2025-05-24,2025,5,May,ECU Module v7,Electrical,"Rodriguez, Figueroa and Sanchez",88.0,Electrical Assembly - Station 13,Electrical Assembly,electrical,minor,rework,46.64,12.5
1719,20250524,2025-05-24,2025,5,May,,,,,Welding - Station 02,Welding,dimensional,minor,rework,5.58,14.8
1720,20250525,2025-05-25,2025,5,May,,,,,Welding - Station 01,Welding,dimensional,major,rework,21.82,57.7
1721,20250525,2025-05-25,2025,5,May,Rear Bumper v5,Exterior,Wolfe LLC,91.2,Exterior Trim - Station 15,Exterior Trim,cosmetic,minor,rework,117.5,13.7
1722,20250525,2025-05-25,2025,5,May,,,,,Welding - Station 03,Welding,dimensional,minor,rework,10.05,26.6
1723,20250526,2025-05-26,2025,5,May,,,,,Painting - Station 05,Painting,cosmetic,minor,rework,4.96,13.1
1724,20250526,2025-05-26,2025,5,May,Rear Bumper v5,Exterior,Wolfe LLC,91.2,Exterior Trim - Station 16,Exterior Trim,cosmetic,minor,rework,122.79,27.7
1725,20250526,2025-05-26,2025,5,May,Electric Motor v6,Powertrain,Wyatt Inc,85.8,Powertrain Assembly - Station 06,Powertrain Assembly,functional,minor,rework,663.85,11.3
1726,20250526,2025-05-26,2025,5,May,Electric Motor v6,Powertrain,Wyatt Inc,85.8,Powertrain Assembly - Station 07,Powertrain Assembly,functional,major,rework,676.01,43.4
1727,20250526,2025-05-26,2025,5,May,Battery Pack v2,Electrical,Wolfe LLC,91.2,Electrical Assembly - Station 14,Electrical Assembly,electrical,minor,rework,97.11,27.9
1728,20250527,2025-05-27,2025,5,May,Electric Motor v6,Powertrain,Wyatt Inc,85.8,Powertrain Assembly - Station 07,Powertrain Assembly,functional,minor,rework,664.44,12.9
1729,20250527,2025-05-27,2025,5,May,,,,,Painting - Station 04,Painting,cosmetic,major,scrap,23.91,63.2
1730,20250527,2025-05-27,2025,5,May,Shock Absorber v3,Chassis,Wyatt Inc,85.8,Chassis Assembly - Station 08,Chassis Assembly,assembly,major,rework,171.34,52.9
1731,20250527,2025-05-27,2025,5,May,Headliner v2,Interior,Rhodes PLC,80.3,Interior Assembly - Station 12,Interior Assembly,assembly,minor,rework,147.76,27.5
1732,20250527,2025-05-27,2025,5,May,Battery Pack v2,Electrical,Wolfe LLC,91.2,Electrical Assembly - Station 14,Electrical Assembly,electrical,minor,rework,94.09,20.0
1733,20250527,2025-05-27,2025,5,May,Headliner v2,Interior,Rhodes PLC,80.3,Interior Assembly - Station 12,Interior Assembly,assembly,critical,rework,184.66,125.1
1734,20250527,2025-05-27,2025,5,May,,,,,Painting - Station 04,Painting,cosmetic,critical,scrap,46.16,122.0
1735,20250527,2025-05-27,2025,5,May,,,,,Welding - Station 02,Welding,dimensional,critical,scrap,45.05,119.1
1736,20250527,2025-05-27,2025,5,May,Headliner v2,Interior,Rhodes PLC,80.3,Interior Assembly - Station 10,Interior Assembly,assembly,minor,rework,141.19,10.2
1737,20250527,2025-05-27,2025,5,May,ABS Unit v4,Safety,"Rodriguez, Figueroa and Sanchez",88.0,Safety Systems - Station 17,Safety Systems,functional,major,rework,98.41,64.3
1738,20250527,2025-05-27,2025,5,May,ABS Unit v4,Safety,"Rodriguez, Figueroa and Sanchez",88.0,Safety Systems - Station 17,Safety Systems,functional,major,rework,92.24,48.0
1739,20250527,2025-05-27,2025,5,May,Crash Sensor v5,Safety,"Rodriguez, Figueroa and Sanchez",88.0,Safety Systems - Station 17,Safety Systems,functional,major,accepted_with_deviation,5.04,66.6
1740,20250528,2025-05-28,2025,5,May,,,,,Welding - Station 01,Welding,dimensional,minor,rework,11.21,29.6
1741,20250528,2025-05-28,2025,5,May,Battery Pack v2,Electrical,Wolfe LLC,91.2,Electrical Assembly - Station 14,Electrical Assembly,electrical,minor,rework,91.06,11.9
1742,20250528,2025-05-28,2025,5,May,ABS Unit v4,Safety,"Rodriguez, Figueroa and Sanchez",88.0,Safety Systems - Station 17,Safety Systems,functional,minor,rework,81.05,18.4
1743,20250528,2025-05-28,2025,5,May,,,,,Welding - Station 03,Welding,dimensional,minor,rework,8.05,21.3
1744,20250528,2025-05-28,2025,5,May,Grille v2,Exterior,Arnold Ltd,99.0,Exterior Trim - Station 16,Exterior Trim,cosmetic,minor,accepted_with_deviation,0.84,11.0
1745,20250528,2025-05-28,2025,5,May,Drive Shaft v4,Powertrain,"Rodriguez, Figueroa and Sanchez",88.0,Powertrain Assembly - Station 07,Powertrain Assembly,functional,minor,rework,542.48,22.3
1746,20250528,2025-05-28,2025,5,May,Battery Pack v2,Electrical,Wolfe LLC,91.2,Electrical Assembly - Station 14,Electrical Assembly,electrical,major,rework,114.79,74.7
1747,20250528,2025-05-28,2025,5,May,Door Trim v7,Interior,"Johnson, Gonzalez and Santos",85.8,Interior Assembly - Station 12,Interior Assembly,assembly,minor,rework,75.11,22.6
1748,20250528,2025-05-28,2025,5,May,Battery Pack v2,Electrical,Wolfe LLC,91.2,Electrical Assembly - Station 14,Electrical Assembly,electrical,minor,rework,91.99,14.4
1749,20250528,2025-05-28,2025,5,May,Headliner v2,Interior,Rhodes PLC,80.3,Interior Assembly - Station 12,Interior Assembly,assembly,minor,rework,147.89,27.9
1750,20250528,2025-05-28,2025,5,May,Drive Shaft v4,Powertrain,"Rodriguez, Figueroa and Sanchez",88.0,Powertrain Assembly - Station 06,Powertrain Assembly,functional,minor,rework,543.3,24.5
1751,20250528,2025-05-28,2025,5,May,Shock Absorber v3,Chassis,Wyatt Inc,85.8,Chassis Assembly - Station 09,Chassis Assembly,assembly,major,rework,170.46,50.6
1752,20250529,2025-05-29,2025,5,May,,,,,Painting - Station 04,Painting,cosmetic,minor,accepted_with_deviation,1.8,23.8
1753,20250529,2025-05-29,2025,5,May,Grille v2,Exterior,Arnold Ltd,99.0,Exterior Trim - Station 16,Exterior Trim,cosmetic,minor,rework,124.51,30.0
1754,20250529,2025-05-29,2025,5,May,Headliner v2,Interior,Rhodes PLC,80.3,Interior Assembly - Station 10,Interior Assembly,assembly,major,rework,164.96,73.0
1755,20250529,2025-05-29,2025,5,May,Wiring Harness v6,Electrical,Bernard LLC,84.8,Electrical Assembly - Station 14,Electrical Assembly,electrical,minor,rework,85.41,23.4
1756,20250529,2025-05-29,2025,5,May,Electric Motor v6,Powertrain,Wyatt Inc,85.8,Powertrain Assembly - Station 07,Powertrain Assembly,functional,major,rework,675.43,41.9
1757,20250529,2025-05-29,2025,5,May,Rear Bumper v5,Exterior,Wolfe LLC,91.2,Exterior Trim - Station 15,Exterior Trim,cosmetic,minor,rework,119.73,19.6
1758,20250529,2025-05-29,2025,5,May,Electric Motor v6,Powertrain,Wyatt Inc,85.8,Powertrain Assembly - Station 06,Powertrain Assembly,functional,critical,rework,705.47,121.3
1759,20250529,2025-05-29,2025,5,May,Drive Shaft v4,Powertrain,"Rodriguez, Figueroa and Sanchez",88.0,Powertrain Assembly - Station 06,Powertrain Assembly,functional,minor,rework,538.08,10.7
1760,20250529,2025-05-29,2025,5,May,,,,,Welding - Station 02,Welding,dimensional,minor,rework,11.25,29.7
1761,20250529,2025-05-29,2025,5,May,Electric Motor v6,Powertrain,Wyatt Inc,85.8,Powertrain Assembly - Station 07,Powertrain Assembly,functional,minor,rework,670.55,29.0
1762,20250529,2025-05-29,2025,5,May,Backup Camera v6,Safety,Cole LLC,99.0,Safety Systems - Station 17,Safety Systems,functional,major,rework,111.6,30.7
1763,20250530,2025-05-30,2025,5,May,Electric Motor v6,Powertrain,Wyatt Inc,85.8,Powertrain Assembly - Station 07,Powertrain Assembly,functional,minor,rework,668.44,23.4
1764,20250530,2025-05-30,2025,5,May,Center Console,Interior,Rhodes PLC,80.3,Interior Assembly - Station 12,Interior Assembly,assembly,minor,rework,170.91,11.8
1765,20250530,2025-05-30,2025,5,May,Headliner v2,Interior,Rhodes PLC,80.3,Interior Assembly - Station 10,Interior Assembly,assembly,major,rework,165.15,73.5
1766,20250530,2025-05-30,2025,5,May,Electric Motor v6,Powertrain,Wyatt Inc,85.8,Powertrain Assembly - Station 06,Powertrain Assembly,functional,major,rework,678.32,49.5
1767,20250530,2025-05-30,2025,5,May,Headliner v2,Interior,Rhodes PLC,80.3,Interior Assembly - Station 10,Interior Assembly,assembly,minor,rework,141.13,10.0
1768,20250530,2025-05-30,2025,5,May,,,,,Welding - Station 03,Welding,dimensional,major,rework,16.35,43.2
1769,20250530,2025-05-30,2025,5,May,,,,,Welding - Station 02,Welding,dimensional,minor,rework,10.78,28.5
1770,20250530,2025-05-30,2025,5,May,Grille v2,Exterior,Arnold Ltd,99.0,Exterior Trim - Station 16,Exterior Trim,cosmetic,major,rework,141.05,73.7
1771,20250530,2025-05-30,2025,5,May,Grille v2,Exterior,Arnold Ltd,99.0,Exterior Trim - Station 15,Exterior Trim,cosmetic,major,rework,127.3,37.4
1772,20250530,2025-05-30,2025,5,May,Shock Absorber v3,Chassis,Wyatt Inc,85.8,Chassis Assembly - Station 09,Chassis Assembly,assembly,major,rework,178.96,73.0
1773,20250530,2025-05-30,2025,5,May,,,,,Welding - Station 03,Welding,dimensional,minor,rework,7.05,18.6
1774,20250530,2025-05-30,2025,5,May,Battery Pack v2,Electrical,Wolfe LLC,91.2,Electrical Assembly - Station 14,Electrical Assembly,electrical,minor,rework,92.17,14.9
1775,20250530,2025-05-30,2025,5,May,ABS Unit v4,Safety,"Rodriguez, Figueroa and Sanchez",88.0,Safety Systems - Station 17,Safety Systems,functional,major,rework,96.77,60.0
1776,20250531,2025-05-31,2025,5,May,,,,,Final Assembly - Station 18,Final Assembly,assembly,major,rework,26.84,70.9
1777,20250531,2025-05-31,2025,5,May,Electric Motor v6,Powertrain,Wyatt Inc,85.8,Powertrain Assembly - Station 07,Powertrain Assembly,functional,minor,accepted_with_deviation,1.32,17.4
1778,20250531,2025-05-31,2025,5,May,Brake Caliper v4,Chassis,Blair PLC,99.0,Chassis Assembly - Station 09,Chassis Assembly,assembly,minor,rework,162.3,21.0
1779,20250602,2025-06-02,2025,6,June,Rear Bumper v5,Exterior,Wolfe LLC,91.2,Exterior Trim - Station 15,Exterior Trim,cosmetic,minor,rework,120.41,21.4
1780,20250602,2025-06-02,2025,6,June,Electric Motor v6,Powertrain,Wyatt Inc,85.8,Powertrain Assembly - Station 06,Powertrain Assembly,functional,critical,accepted_with_deviation,8.32,109.9
1781,20250602,2025-06-02,2025,6,June,Grille v2,Exterior,Arnold Ltd,99.0,Exterior Trim - Station 16,Exterior Trim,cosmetic,minor,rework,123.41,27.1
1782,20250602,2025-06-02,2025,6,June,Battery Pack v2,Electrical,Wolfe LLC,91.2,Electrical Assembly - Station 13,Electrical Assembly,electrical,critical,rework,125.54,103.1
1783,20250602,2025-06-02,2025,6,June,Electric Motor v6,Powertrain,Wyatt Inc,85.8,Powertrain Assembly - Station 06,Powertrain Assembly,functional,minor,rework,663.9,11.4
1784,20250602,2025-06-02,2025,6,June,Battery Pack v2,Electrical,Wolfe LLC,91.2,Electrical Assembly - Station 14,Electrical Assembly,electrical,minor,rework,95.46,23.6
1785,20250602,2025-06-02,2025,6,June,,,,,Final Assembly - Station 18,Final Assembly,assembly,minor,rework,10.37,27.4
1786,20250602,2025-06-02,2025,6,June,,,,,Final Assembly - Station 18,Final Assembly,assembly,minor,rework,5.93,15.7
1787,20250602,2025-06-02,2025,6,June,Battery Pack v2,Electrical,Wolfe LLC,91.2,Electrical Assembly - Station 14,Electrical Assembly,electrical,critical,rework,133.6,124.4
1788,20250603,2025-06-03,2025,6,June,,,,,Final Assembly - Station 18,Final Assembly,assembly,minor,rework,5.31,14.0
1789,20250603,2025-06-03,2025,6,June,Center Console,Interior,Rhodes PLC,80.3,Interior Assembly - Station 10,Interior Assembly,assembly,minor,rework,172.63,16.4
1790,20250603,2025-06-03,2025,6,June,Electric Motor v6,Powertrain,Wyatt Inc,85.8,Powertrain Assembly - Station 07,Powertrain Assembly,functional,minor,rework,666.59,18.5
1791,20250603,2025-06-03,2025,6,June,,,,,Quality Check - Station 19,Quality Check,dimensional,minor,rework,4.67,12.3
1792,20250603,2025-06-03,2025,6,June,Electric Motor v6,Powertrain,Wyatt Inc,85.8,Powertrain Assembly - Station 06,Powertrain Assembly,functional,minor,rework,664.1,12.0
1793,20250604,2025-06-04,2025,6,June,,,,,Painting - Station 05,Painting,cosmetic,minor,rework,7.3,19.3
1794,20250604,2025-06-04,2025,6,June,Shock Absorber v3,Chassis,Wyatt Inc,85.8,Chassis Assembly - Station 08,Chassis Assembly,assembly,major,rework,170.25,50.0
1795,20250604,2025-06-04,2025,6,June,Rear Bumper v5,Exterior,Wolfe LLC,91.2,Exterior Trim - Station 15,Exterior Trim,cosmetic,minor,rework,121.02,23.0
1796,20250604,2025-06-04,2025,6,June,Door Trim v7,Interior,"Johnson, Gonzalez and Santos",85.8,Interior Assembly - Station 11,Interior Assembly,assembly,major,rework,91.63,66.3
1797,20250604,2025-06-04,2025,6,June,,,,,Final Assembly - Station 18,Final Assembly,assembly,minor,rework,9.69,25.6
1798,20250604,2025-06-04,2025,6,June,Shock Absorber v3,Chassis,Wyatt Inc,85.8,Chassis Assembly - Station 09,Chassis Assembly,assembly,minor,rework,156.07,12.6
1799,20250604,2025-06-04,2025,6,June,Shock Absorber v3,Chassis,Wyatt Inc,85.8,Chassis Assembly - Station 09,Chassis Assembly,assembly,minor,rework,157.61,16.6
1800,20250604,2025-06-04,2025,6,June,Electric Motor v6,Powertrain,Wyatt Inc,85.8,Powertrain Assembly - Station 07,Powertrain Assembly,functional,major,rework,686.52,71.2
1801,20250604,2025-06-04,2025,6,June,,,,,Welding - Station 02,Welding,dimensional,minor,rework,5.36,14.2
1802,20250604,2025-06-04,2025,6,June,,,,,Welding - Station 01,Welding,dimensional,major,rework,12.24,32.3
1803,20250605,2025-06-05,2025,6,June,Brake Caliper v4,Chassis,Blair PLC,99.0,Chassis Assembly - Station 08,Chassis Assembly,assembly,minor,rework,159.4,13.3
1804,20250605,2025-06-05,2025,6,June,,,,,Welding - Station 02,Welding,dimensional,minor,rework,3.92,10.4
1805,20250605,2025-06-05,2025,6,June,Drive Shaft v4,Powertrain,"Rodriguez, Figueroa and Sanchez",88.0,Powertrain Assembly - Station 06,Powertrain Assembly,functional,major,rework,550.58,43.8
1806,20250605,2025-06-05,2025,6,June,Brake Caliper v4,Chassis,Blair PLC,99.0,Chassis Assembly - Station 08,Chassis Assembly,assembly,minor,rework,158.75,11.6
1807,20250605,2025-06-05,2025,6,June,Battery Pack v2,Electrical,Wolfe LLC,91.2,Electrical Assembly - Station 14,Electrical Assembly,electrical,major,rework,100.11,35.9
1808,20250605,2025-06-05,2025,6,June,Battery Pack v2,Electrical,Wolfe LLC,91.2,Electrical Assembly - Station 13,Electrical Assembly,electrical,major,accepted_with_deviation,4.16,54.9
1809,20250605,2025-06-05,2025,6,June,Brake Caliper v4,Chassis,Blair PLC,99.0,Chassis Assembly - Station 09,Chassis Assembly,assembly,major,rework,174.47,53.1
1810,20250606,2025-06-06,2025,6,June,Rear Bumper v5,Exterior,Wolfe LLC,91.2,Exterior Trim - Station 16,Exterior Trim,cosmetic,minor,rework,116.74,11.7
1811,20250606,2025-06-06,2025,6,June,Grille v2,Exterior,Arnold Ltd,99.0,Exterior Trim - Station 16,Exterior Trim,cosmetic,minor,rework,121.71,22.6
1812,20250606,2025-06-06,2025,6,June,Shock Absorber v3,Chassis,Wyatt Inc,85.8,Chassis Assembly - Station 09,Chassis Assembly,assembly,minor,rework,158.41,18.7
1813,20250606,2025-06-06,2025,6,June,Electric Motor v6,Powertrain,Wyatt Inc,85.8,Powertrain Assembly - Station 07,Powertrain Assembly,functional,critical,rework,714.27,144.5
1814,20250606,2025-06-06,2025,6,June,Door Trim v7,Interior,"Johnson, Gonzalez and Santos",85.8,Interior Assembly - Station 12,Interior Assembly,assembly,major,rework,82.43,41.9
1815,20250606,2025-06-06,2025,6,June,Electric Motor v6,Powertrain,Wyatt Inc,85.8,Powertrain Assembly - Station 07,Powertrain Assembly,functional,minor,rework,666.0,17.0
1816,20250606,2025-06-06,2025,6,June,,,,,Painting - Station 04,Painting,cosmetic,minor,accepted_with_deviation,0.8,10.6
1817,20250606,2025-06-06,2025,6,June,,,,,Welding - Station 02,Welding,dimensional,minor,rework,5.79,15.3
1818,20250607,2025-06-07,2025,6,June,,,,,Painting - Station 05,Painting,cosmetic,minor,rework,9.48,25.1
1819,20250608,2025-06-08,2025,6,June,Center Console,Interior,Rhodes PLC,80.3,Interior Assembly - Station 11,Interior Assembly,assembly,minor,accepted_with_deviation,1.85,24.5
1820,20250608,2025-06-08,2025,6,June,Center Console,Interior,Rhodes PLC,80.3,Interior Assembly - Station 12,Interior Assembly,assembly,minor,rework,176.93,27.7
1821,20250608,2025-06-08,2025,6,June,Battery Pack v2,Electrical,Wolfe LLC,91.2,Electrical Assembly - Station 13,Electrical Assembly,electrical,minor,accepted_with_deviation,1.41,18.7
1822,20250608,2025-06-08,2025,6,June,,,,,Final Assembly - Station 18,Final Assembly,assembly,minor,accepted_with_deviation,1.37,18.1
1823,20250609,2025-06-09,2025,6,June,Rear Bumper v5,Exterior,Wolfe LLC,91.2,Exterior Trim - Station 15,Exterior Trim,cosmetic,minor,rework,119.41,18.8
1824,20250609,2025-06-09,2025,6,June,Battery Pack v2,Electrical,Wolfe LLC,91.2,Electrical Assembly - Station 13,Electrical Assembly,electrical,minor,rework,97.7,29.5
1825,20250609,2025-06-09,2025,6,June,Electric Motor v6,Powertrain,Wyatt Inc,85.8,Powertrain Assembly - Station 06,Powertrain Assembly,functional,major,rework,676.74,45.4
1826,20250609,2025-06-09,2025,6,June,Drive Shaft v4,Powertrain,"Rodriguez, Figueroa and Sanchez",88.0,Powertrain Assembly - Station 07,Powertrain Assembly,functional,critical,rework,576.86,113.2
1827,20250609,2025-06-09,2025,6,June,,,,,Welding - Station 03,Welding,dimensional,major,rework,26.21,69.3
1828,20250610,2025-06-10,2025,6,June,,,,,Painting - Station 05,Painting,cosmetic,major,rework,20.2,53.4
1829,20250610,2025-06-10,2025,6,June,,,,,Final Assembly - Station 18,Final Assembly,assembly,major,rework,20.09,53.1
1830,20250610,2025-06-10,2025,6,June,Electric Motor v6,Powertrain,Wyatt Inc,85.8,Powertrain Assembly - Station 06,Powertrain Assembly,functional,minor,rework,668.14,22.6
1831,20250610,2025-06-10,2025,6,June,,,,,Welding - Station 01,Welding,dimensional,minor,rework,3.92,10.4
1832,20250610,2025-06-10,2025,6,June,Electric Motor v6,Powertrain,Wyatt Inc,85.8,Powertrain Assembly - Station 07,Powertrain Assembly,functional,major,rework,676.1,43.7
1833,20250610,2025-06-10,2025,6,June,Backup Camera v6,Safety,Cole LLC,99.0,Safety Systems - Station 17,Safety Systems,functional,minor,rework,104.17,11.1
1834,20250610,2025-06-10,2025,6,June,Headliner v2,Interior,Rhodes PLC,80.3,Interior Assembly - Station 11,Interior Assembly,assembly,major,rework,159.77,59.3
1835,20250611,2025-06-11,2025,6,June,,,,,Welding - Station 02,Welding,dimensional,minor,rework,8.08,21.4
1836,20250611,2025-06-11,2025,6,June,,,,,Welding - Station 01,Welding,dimensional,minor,rework,7.31,19.3
1837,20250611,2025-06-11,2025,6,June,Shock Absorber v3,Chassis,Wyatt Inc,85.8,Chassis Assembly - Station 09,Chassis Assembly,assembly,minor,rework,159.03,20.4
1838,20250611,2025-06-11,2025,6,June,ABS Unit v4,Safety,"Rodriguez, Figueroa and Sanchez",88.0,Safety Systems - Station 17,Safety Systems,functional,major,rework,90.71,43.9
1839,20250611,2025-06-11,2025,6,June,Headliner v2,Interior,Rhodes PLC,80.3,Interior Assembly - Station 11,Interior Assembly,assembly,critical,rework,182.86,120.3
1840,20250611,2025-06-11,2025,6,June,ECU Module v7,Electrical,"Rodriguez, Figueroa and Sanchez",88.0,Electrical Assembly - Station 14,Electrical Assembly,electrical,minor,accepted_with_deviation,0.84,11.1
1841,20250611,2025-06-11,2025,6,June,Brake Caliper v4,Chassis,Blair PLC,99.0,Chassis Assembly - Station 09,Chassis Assembly,assembly,minor,rework,161.49,18.8
1842,20250611,2025-06-11,2025,6,June,,,,,Painting - Station 05,Painting,cosmetic,minor,rework,8.11,21.4
1843,20250611,2025-06-11,2025,6,June,Electric Motor v6,Powertrain,Wyatt Inc,85.8,Powertrain Assembly - Station 06,Powertrain Assembly,functional,critical,rework,705.94,122.6
1844,20250612,2025-06-12,2025,6,June,Backup Camera v6,Safety,Cole LLC,99.0,Safety Systems - Station 17,Safety Systems,functional,minor,rework,104.51,12.0
1845,20250612,2025-06-12,2025,6,June,Shock Absorber v3,Chassis,Wyatt Inc,85.8,Chassis Assembly - Station 09,Chassis Assembly,assembly,major,rework,165.31,37.0
1846,20250612,2025-06-12,2025,6,June,Electric Motor v6,Powertrain,Wyatt Inc,85.8,Powertrain Assembly - Station 06,Powertrain Assembly,functional,minor,rework,664.53,13.1
1847,20250612,2025-06-12,2025,6,June,Shock Absorber v3,Chassis,Wyatt Inc,85.8,Chassis Assembly - Station 08,Chassis Assembly,assembly,major,rework,179.0,73.2
1848,20250612,2025-06-12,2025,6,June,Headliner v2,Interior,Rhodes PLC,80.3,Interior Assembly - Station 10,Interior Assembly,assembly,minor,rework,148.16,28.6
1849,20250612,2025-06-12,2025,6,June,ABS Unit v4,Safety,"Rodriguez, Figueroa and Sanchez",88.0,Safety Systems - Station 17,Safety Systems,functional,major,rework,97.59,62.1
1850,20250612,2025-06-12,2025,6,June,Grille v2,Exterior,Arnold Ltd,99.0,Exterior Trim - Station 16,Exterior Trim,cosmetic,major,rework,138.18,66.1
1851,20250612,2025-06-12,2025,6,June,Battery Pack v2,Electrical,Wolfe LLC,91.2,Electrical Assembly - Station 14,Electrical Assembly,electrical,critical,scrap,398.26,137.7
1852,20250613,2025-06-13,2025,6,June,ECU Module v7,Electrical,"Rodriguez, Figueroa and Sanchez",88.0,Electrical Assembly - Station 14,Electrical Assembly,electrical,minor,rework,48.92,18.5
1853,20250613,2025-06-13,2025,6,June,,,,,Welding - Station 01,Welding,dimensional,major,rework,24.19,63.9
1854,20250613,2025-06-13,2025,6,June,Brake Caliper v4,Chassis,Blair PLC,99.0,Chassis Assembly - Station 08,Chassis Assembly,assembly,minor,rework,163.76,24.8
1855,20250613,2025-06-13,2025,6,June,ABS Unit v4,Safety,"Rodriguez, Figueroa and Sanchez",88.0,Safety Systems - Station 17,Safety Systems,functional,minor,rework,79.63,14.7
1856,20250613,2025-06-13,2025,6,June,ABS Unit v4,Safety,"Rodriguez, Figueroa and Sanchez",88.0,Safety Systems - Station 17,Safety Systems,functional,minor,rework,80.28,16.4
1857,20250613,2025-06-13,2025,6,June,,,,,Welding - Station 01,Welding,dimensional,minor,rework,6.96,18.4
1858,20250614,2025-06-14,2025,6,June,Grille v2,Exterior,Arnold Ltd,99.0,Exterior Trim - Station 16,Exterior Trim,cosmetic,minor,rework,124.42,29.7
1859,20250615,2025-06-15,2025,6,June,,,,,Painting - Station 04,Painting,cosmetic,minor,rework,8.63,22.8
1860,20250615,2025-06-15,2025,6,June,Brake Caliper v4,Chassis,Blair PLC,99.0,Chassis Assembly - Station 08,Chassis Assembly,assembly,minor,rework,162.08,20.4
1861,20250615,2025-06-15,2025,6,June,Rear Bumper v5,Exterior,Wolfe LLC,91.2,Exterior Trim - Station 16,Exterior Trim,cosmetic,major,rework,140.39,74.2
1862,20250616,2025-06-16,2025,6,June,Battery Pack v2,Electrical,Wolfe LLC,91.2,Electrical Assembly - Station 14,Electrical Assembly,electrical,minor,rework,93.19,17.6
1863,20250616,2025-06-16,2025,6,June,,,,,Painting - Station 04,Painting,cosmetic,major,rework,23.63,62.4
1864,20250616,2025-06-16,2025,6,June,Rear Bumper v5,Exterior,Wolfe LLC,91.2,Exterior Trim - Station 15,Exterior Trim,cosmetic,minor,accepted_with_deviation,2.16,28.6
1865,20250616,2025-06-16,2025,6,June,Battery Pack v2,Electrical,Wolfe LLC,91.2,Electrical Assembly - Station 14,Electrical Assembly,electrical,major,rework,99.34,33.8
1866,20250617,2025-06-17,2025,6,June,,,,,Welding - Station 03,Welding,dimensional,minor,rework,9.68,25.6
1867,20250617,2025-06-17,2025,6,June,Grille v2,Exterior,Arnold Ltd,99.0,Exterior Trim - Station 16,Exterior Trim,cosmetic,minor,rework,118.92,15.2
1868,20250617,2025-06-17,2025,6,June,Brake Caliper v4,Chassis,Blair PLC,99.0,Chassis Assembly - Station 08,Chassis Assembly,assembly,minor,accepted_with_deviation,1.89,24.9
1869,20250617,2025-06-17,2025,6,June,Battery Pack v2,Electrical,Wolfe LLC,91.2,Electrical Assembly - Station 14,Electrical Assembly,electrical,major,rework,101.98,40.8
1870,20250617,2025-06-17,2025,6,June,,,,,Quality Check - Station 19,Quality Check,dimensional,minor,rework,4.72,12.5
1871,20250617,2025-06-17,2025,6,June,Headliner v2,Interior,Rhodes PLC,80.3,Interior Assembly - Station 10,Interior Assembly,assembly,major,rework,149.98,33.4
1872,20250617,2025-06-17,2025,6,June,Brake Caliper v4,Chassis,Blair PLC,99.0,Chassis Assembly - Station 09,Chassis Assembly,assembly,minor,accepted_with_deviation,1.68,22.2
1873,20250617,2025-06-17,2025,6,June,Battery Pack v2,Electrical,Wolfe LLC,91.2,Electrical Assembly - Station 14,Electrical Assembly,electrical,major,rework,112.23,67.9
1874,20250617,2025-06-17,2025,6,June,Electric Motor v6,Powertrain,Wyatt Inc,85.8,Powertrain Assembly - Station 06,Powertrain Assembly,functional,critical,scrap,2670.31,84.6
1875,20250617,2025-06-17,2025,6,June,Grille v2,Exterior,Arnold Ltd,99.0,Exterior Trim - Station 16,Exterior Trim,cosmetic,critical,scrap,494.02,109.3
1876,20250617,2025-06-17,2025,6,June,Headliner v2,Interior,Rhodes PLC,80.3,Interior Assembly - Station 12,Interior Assembly,assembly,minor,rework,145.18,20.7
1877,20250618,2025-06-18,2025,6,June,Center Console,Interior,Rhodes PLC,80.3,Interior Assembly - Station 10,Interior Assembly,assembly,major,rework,191.99,67.5
1878,20250618,2025-06-18,2025,6,June,,,,,Final Assembly - Station 18,Final Assembly,assembly,minor,rework,7.34,19.4
1879,20250618,2025-06-18,2025,6,June,Electric Motor v6,Powertrain,Wyatt Inc,85.8,Powertrain Assembly - Station 07,Powertrain Assembly,functional,critical,rework,715.52,147.9
1880,20250618,2025-06-18,2025,6,June,Headliner v2,Interior,Rhodes PLC,80.3,Interior Assembly - Station 10,Interior Assembly,assembly,minor,accepted_with_deviation,1.46,19.3
1881,20250618,2025-06-18,2025,6,June,Electric Motor v6,Powertrain,Wyatt Inc,85.8,Powertrain Assembly - Station 07,Powertrain Assembly,functional,minor,rework,670.15,28.0
1882,20250618,2025-06-18,2025,6,June,Headliner v2,Interior,Rhodes PLC,80.3,Interior Assembly - Station 10,Interior Assembly,assembly,minor,accepted_with_deviation,1.78,23.5
1883,20250618,2025-06-18,2025,6,June,Grille v2,Exterior,Arnold Ltd,99.0,Exterior Trim - Station 15,Exterior Trim,cosmetic,minor,rework,123.24,26.6
1884,20250618,2025-06-18,2025,6,June,ECU Module v7,Electrical,"Rodriguez, Figueroa and Sanchez",88.0,Electrical Assembly - Station 14,Electrical Assembly,electrical,major,rework,53.55,30.8
1885,20250618,2025-06-18,2025,6,June,Battery Pack v2,Electrical,Wolfe LLC,91.2,Electrical Assembly - Station 14,Electrical Assembly,electrical,minor,accepted_with_deviation,0.83,11.0
1886,20250619,2025-06-19,2025,6,June,ABS Unit v4,Safety,"Rodriguez, Figueroa and Sanchez",88.0,Safety Systems - Station 17,Safety Systems,functional,minor,rework,82.96,23.5
1887,20250619,2025-06-19,2025,6,June,Drive Shaft v4,Powertrain,"Rodriguez, Figueroa and Sanchez",88.0,Powertrain Assembly - Station 07,Powertrain Assembly,functional,minor,rework,545.3,29.8
1888,20250619,2025-06-19,2025,6,June,,,,,Welding - Station 03,Welding,dimensional,minor,rework,9.14,24.2
1889,20250619,2025-06-19,2025,6,June,,,,,Welding - Station 01,Welding,dimensional,minor,accepted_with_deviation,1.71,22.6
1890,20250619,2025-06-19,2025,6,June,Drive Shaft v4,Powertrain,"Rodriguez, Figueroa and Sanchez",88.0,Powertrain Assembly - Station 07,Powertrain Assembly,functional,major,rework,554.84,55.0
1891,20250619,2025-06-19,2025,6,June,Electric Motor v6,Powertrain,Wyatt Inc,85.8,Powertrain Assembly - Station 07,Powertrain Assembly,functional,major,rework,682.55,60.7
1892,20250619,2025-06-19,2025,6,June,Battery Pack v2,Electrical,Wolfe LLC,91.2,Electrical Assembly - Station 14,Electrical Assembly,electrical,critical,rework,131.58,119.0
1893,20250619,2025-06-19,2025,6,June,Drive Shaft v4,Powertrain,"Rodriguez, Figueroa and Sanchez",88.0,Powertrain Assembly - Station 07,Powertrain Assembly,functional,minor,rework,539.52,14.5
1894,20250619,2025-06-19,2025,6,June,Headliner v2,Interior,Rhodes PLC,80.3,Interior Assembly - Station 11,Interior Assembly,assembly,minor,accepted_with_deviation,1.13,14.9
1895,20250619,2025-06-19,2025,6,June,Headliner v2,Interior,Rhodes PLC,80.3,Interior Assembly - Station 10,Interior Assembly,assembly,minor,rework,141.57,11.2
1896,20250620,2025-06-20,2025,6,June,,,,,Painting - Station 05,Painting,cosmetic,minor,rework,7.66,20.2
1897,20250620,2025-06-20,2025,6,June,Rear Bumper v5,Exterior,Wolfe LLC,91.2,Exterior Trim - Station 15,Exterior Trim,cosmetic,minor,rework,118.71,16.9
1898,20250620,2025-06-20,2025,6,June,Grille v2,Exterior,Arnold Ltd,99.0,Exterior Trim - Station 15,Exterior Trim,cosmetic,major,rework,128.94,41.7
1899,20250620,2025-06-20,2025,6,June,Grille v2,Exterior,Arnold Ltd,99.0,Exterior Trim - Station 15,Exterior Trim,cosmetic,major,accepted_with_deviation,2.46,32.5
1900,20250620,2025-06-20,2025,6,June,,,,,Final Assembly - Station 18,Final Assembly,assembly,minor,rework,9.59,25.3
1901,20250622,2025-06-22,2025,6,June,Electric Motor v6,Powertrain,Wyatt Inc,85.8,Powertrain Assembly - Station 06,Powertrain Assembly,functional,minor,rework,667.04,19.7
1902,20250622,2025-06-22,2025,6,June,Headliner v2,Interior,Rhodes PLC,80.3,Interior Assembly - Station 12,Interior Assembly,assembly,minor,rework,144.79,19.7
1903,20250622,2025-06-22,2025,6,June,Headliner v2,Interior,Rhodes PLC,80.3,Interior Assembly - Station 12,Interior Assembly,assembly,minor,rework,141.42,10.8
1904,20250623,2025-06-23,2025,6,June,Electric Motor v6,Powertrain,Wyatt Inc,85.8,Powertrain Assembly - Station 06,Powertrain Assembly,functional,major,rework,672.22,33.4
1905,20250623,2025-06-23,2025,6,June,Brake Caliper v4,Chassis,Blair PLC,99.0,Chassis Assembly - Station 09,Chassis Assembly,assembly,minor,rework,158.79,11.7
1906,20250623,2025-06-23,2025,6,June,Headliner v2,Interior,Rhodes PLC,80.3,Interior Assembly - Station 10,Interior Assembly,assembly,minor,rework,147.17,26.0
1907,20250623,2025-06-23,2025,6,June,Grille v2,Exterior,Arnold Ltd,99.0,Exterior Trim - Station 16,Exterior Trim,cosmetic,minor,rework,117.61,11.7
1908,20250623,2025-06-23,2025,6,June,Center Console,Interior,Rhodes PLC,80.3,Interior Assembly - Station 10,Interior Assembly,assembly,major,rework,194.37,73.8
1909,20250623,2025-06-23,2025,6,June,Dashboard Panel v5,Interior,Davis-Abbott,83.4,Interior Assembly - Station 10,Interior Assembly,assembly,critical,accepted_with_deviation,5.63,74.4
1910,20250624,2025-06-24,2025,6,June,,,,,Welding - Station 03,Welding,dimensional,critical,rework,38.84,102.6
1911,20250624,2025-06-24,2025,6,June,,,,,Final Assembly - Station 18,Final Assembly,assembly,major,rework,28.3,74.8
1912,20250624,2025-06-24,2025,6,June,Headliner v2,Interior,Rhodes PLC,80.3,Interior Assembly - Station 12,Interior Assembly,assembly,minor,accepted_with_deviation,1.43,18.9
1913,20250624,2025-06-24,2025,6,June,,,,,Painting - Station 05,Painting,cosmetic,critical,scrap,41.83,110.6
1914,20250624,2025-06-24,2025,6,June,,,,,Painting - Station 04,Painting,cosmetic,minor,rework,8.53,22.5
1915,20250625,2025-06-25,2025,6,June,,,,,Final Assembly - Station 18,Final Assembly,assembly,minor,rework,9.88,26.1
1916,20250625,2025-06-25,2025,6,June,Drive Shaft v4,Powertrain,"Rodriguez, Figueroa and Sanchez",88.0,Powertrain Assembly - Station 07,Powertrain Assembly,functional,critical,rework,584.23,132.7
1917,20250625,2025-06-25,2025,6,June,,,,,Painting - Station 05,Painting,cosmetic,minor,accepted_with_deviation,2.12,28.1
1918,20250625,2025-06-25,2025,6,June,Backup Camera v6,Safety,Cole LLC,99.0,Safety Systems - Station 17,Safety Systems,functional,minor,rework,105.48,14.6
1919,20250625,2025-06-25,2025,6,June,Grille v2,Exterior,Arnold Ltd,99.0,Exterior Trim - Station 16,Exterior Trim,cosmetic,minor,rework,121.91,23.1
1920,20250625,2025-06-25,2025,6,June,Rear Bumper v5,Exterior,Wolfe LLC,91.2,Exterior Trim - Station 15,Exterior Trim,cosmetic,minor,rework,123.12,28.6
1921,20250625,2025-06-25,2025,6,June,Battery Pack v2,Electrical,Wolfe LLC,91.2,Electrical Assembly - Station 13,Electrical Assembly,electrical,minor,rework,90.74,11.1
1922,20250625,2025-06-25,2025,6,June,,,,,Painting - Station 04,Painting,cosmetic,minor,rework,5.91,15.6
1923,20250625,2025-06-25,2025,6,June,Battery Pack v2,Electrical,Wolfe LLC,91.2,Electrical Assembly - Station 13,Electrical Assembly,electrical,minor,rework,90.71,11.0
1924,20250626,2025-06-26,2025,6,June,Headliner v2,Interior,Rhodes PLC,80.3,Interior Assembly - Station 11,Interior Assembly,assembly,minor,rework,143.29,15.7
1925,20250626,2025-06-26,2025,6,June,Brake Caliper v4,Chassis,Blair PLC,99.0,Chassis Assembly - Station 08,Chassis Assembly,assembly,major,scrap,640.16,60.0
1926,20250626,2025-06-26,2025,6,June,ABS Unit v4,Safety,"Rodriguez, Figueroa and Sanchez",88.0,Safety Systems - Station 17,Safety Systems,functional,minor,accepted_with_deviation,1.76,23.2
1927,20250626,2025-06-26,2025,6,June,Grille v2,Exterior,Arnold Ltd,99.0,Exterior Trim - Station 15,Exterior Trim,cosmetic,minor,rework,122.63,25.0
1928,20250626,2025-06-26,2025,6,June,Battery Pack v2,Electrical,Wolfe LLC,91.2,Electrical Assembly - Station 14,Electrical Assembly,electrical,minor,accepted_with_deviation,0.93,12.3
1929,20250626,2025-06-26,2025,6,June,,,,,Painting - Station 05,Painting,cosmetic,minor,rework,9.13,24.1
1930,20250626,2025-06-26,2025,6,June,Drive Shaft v4,Powertrain,"Rodriguez, Figueroa and Sanchez",88.0,Powertrain Assembly - Station 06,Powertrain Assembly,functional,minor,rework,544.82,28.5
1931,20250626,2025-06-26,2025,6,June,Rear Bumper v5,Exterior,Wolfe LLC,91.2,Exterior Trim - Station 16,Exterior Trim,cosmetic,minor,rework,122.84,27.8
1932,20250626,2025-06-26,2025,6,June,Rear Bumper v5,Exterior,Wolfe LLC,91.2,Exterior Trim - Station 16,Exterior Trim,cosmetic,minor,rework,119.79,19.8
1933,20250626,2025-06-26,2025,6,June,Electric Motor v6,Powertrain,Wyatt Inc,85.8,Powertrain Assembly - Station 07,Powertrain Assembly,functional,major,accepted_with_deviation,4.83,63.8
1934,20250626,2025-06-26,2025,6,June,Shock Absorber v3,Chassis,Wyatt Inc,85.8,Chassis Assembly - Station 09,Chassis Assembly,assembly,critical,rework,205.71,143.8
1935,20250626,2025-06-26,2025,6,June,,,,,Final Assembly - Station 18,Final Assembly,assembly,minor,accepted_with_deviation,1.63,21.5
1936,20250627,2025-06-27,2025,6,June,Crash Sensor v5,Safety,"Rodriguez, Figueroa and Sanchez",88.0,Safety Systems - Station 17,Safety Systems,functional,minor,rework,94.13,23.1
1937,20250627,2025-06-27,2025,6,June,Crash Sensor v5,Safety,"Rodriguez, Figueroa and Sanchez",88.0,Safety Systems - Station 17,Safety Systems,functional,major,accepted_with_deviation,3.62,47.8
1938,20250628,2025-06-28,2025,6,June,,,,,Painting - Station 05,Painting,cosmetic,minor,rework,6.11,16.1
1939,20250628,2025-06-28,2025,6,June,Drive Shaft v4,Powertrain,"Rodriguez, Figueroa and Sanchez",88.0,Powertrain Assembly - Station 06,Powertrain Assembly,functional,minor,rework,541.53,19.8
1940,20250629,2025-06-29,2025,6,June,Headliner v2,Interior,Rhodes PLC,80.3,Interior Assembly - Station 10,Interior Assembly,assembly,minor,rework,141.4,10.8
1941,20250629,2025-06-29,2025,6,June,,,,,Painting - Station 05,Painting,cosmetic,major,scrap,27.76,73.4
1942,20250629,2025-06-29,2025,6,June,Headliner v2,Interior,Rhodes PLC,80.3,Interior Assembly - Station 11,Interior Assembly,assembly,minor,rework,146.97,25.5
1943,20250629,2025-06-29,2025,6,June,Rear Bumper v5,Exterior,Wolfe LLC,91.2,Exterior Trim - Station 16,Exterior Trim,cosmetic,minor,rework,118.38,16.0
1944,20250630,2025-06-30,2025,6,June,,,,,Painting - Station 05,Painting,cosmetic,minor,accepted_with_deviation,1.0,13.2
1945,20250630,2025-06-30,2025,6,June,Headliner v2,Interior,Rhodes PLC,80.3,Interior Assembly - Station 10,Interior Assembly,assembly,minor,rework,142.06,12.5
1946,20250630,2025-06-30,2025,6,June,Shock Absorber v3,Chassis,Wyatt Inc,85.8,Chassis Assembly - Station 09,Chassis Assembly,assembly,minor,rework,155.19,10.2
1947,20250630,2025-06-30,2025,6,June,Headliner v2,Interior,Rhodes PLC,80.3,Interior Assembly - Station 12,Interior Assembly,assembly,major,rework,151.59,37.7
1948,20250630,2025-06-30,2025,6,June,,,,,Painting - Station 04,Painting,cosmetic,major,scrap,26.89,71.1
1949,20250630,2025-06-30,2025,6,June,Door Trim v7,Interior,"Johnson, Gonzalez and Santos",85.8,Interior Assembly - Station 10,Interior Assembly,assembly,minor,rework,74.58,21.2
1950,20250630,2025-06-30,2025,6,June,,,,,Painting - Station 05,Painting,cosmetic,minor,rework,10.09,26.7
1951,20250701,2025-07-01,2025,7,July,Wiring Harness v6,Electrical,Bernard LLC,84.8,Electrical Assembly - Station 13,Electrical Assembly,electrical,minor,rework,84.07,19.9
1952,20250701,2025-07-01,2025,7,July,Brake Caliper v4,Chassis,Blair PLC,99.0,Chassis Assembly - Station 09,Chassis Assembly,assembly,minor,rework,164.45,26.6
1953,20250702,2025-07-02,2025,7,July,Headliner v2,Interior,Rhodes PLC,80.3,Interior Assembly - Station 10,Interior Assembly,assembly,minor,rework,144.35,18.6
1954,20250702,2025-07-02,2025,7,July,,,,,Painting - Station 04,Painting,cosmetic,major,rework,22.27,58.9
1955,20250703,2025-07-03,2025,7,July,Brake Caliper v4,Chassis,Blair PLC,99.0,Chassis Assembly - Station 09,Chassis Assembly,assembly,minor,rework,159.75,14.2
1956,20250704,2025-07-04,2025,7,July,Electric Motor v6,Powertrain,Wyatt Inc,85.8,Powertrain Assembly - Station 07,Powertrain Assembly,functional,major,accepted_with_deviation,2.49,32.9
1957,20250704,2025-07-04,2025,7,July,,,,,Final Assembly - Station 18,Final Assembly,assembly,minor,rework,9.99,26.4
1958,20250704,2025-07-04,2025,7,July,Electric Motor v6,Powertrain,Wyatt Inc,85.8,Powertrain Assembly - Station 06,Powertrain Assembly,functional,minor,rework,667.44,20.8
1959,20250705,2025-07-05,2025,7,July,,,,,Painting - Station 05,Painting,cosmetic,minor,rework,6.93,18.3
1960,20250705,2025-07-05,2025,7,July,ECU Module v7,Electrical,"Rodriguez, Figueroa and Sanchez",88.0,Electrical Assembly - Station 14,Electrical Assembly,electrical,major,rework,62.58,54.6
1961,20250705,2025-07-05,2025,7,July,Electric Motor v6,Powertrain,Wyatt Inc,85.8,Powertrain Assembly - Station 07,Powertrain Assembly,functional,minor,accepted_with_deviation,1.34,17.7
1962,20250706,2025-07-06,2025,7,July,,,,,Welding - Station 01,Welding,dimensional,minor,rework,4.37,11.6
1963,20250706,2025-07-06,2025,7,July,,,,,Welding - Station 03,Welding,dimensional,minor,rework,5.91,15.6
1964,20250706,2025-07-06,2025,7,July,Shock Absorber v3,Chassis,Wyatt Inc,85.8,Chassis Assembly - Station 09,Chassis Assembly,assembly,minor,rework,156.01,12.4
1965,20250707,2025-07-07,2025,7,July,ECU Module v7,Electrical,"Rodriguez, Figueroa and Sanchez",88.0,Electrical Assembly - Station 13,Electrical Assembly,electrical,minor,rework,51.39,25.1
1966,20250707,2025-07-07,2025,7,July,Drive Shaft v4,Powertrain,"Rodriguez, Figueroa and Sanchez",88.0,Powertrain Assembly - Station 07,Powertrain Assembly,functional,major,rework,556.19,58.6
1967,20250707,2025-07-07,2025,7,July,Brake Caliper v4,Chassis,Blair PLC,99.0,Chassis Assembly - Station 09,Chassis Assembly,assembly,minor,rework,161.07,17.7
1968,20250707,2025-07-07,2025,7,July,Dashboard Panel v5,Interior,Davis-Abbott,83.4,Interior Assembly - Station 10,Interior Assembly,assembly,major,rework,139.49,54.0
1969,20250707,2025-07-07,2025,7,July,,,,,Welding - Station 02,Welding,dimensional,minor,rework,7.92,20.9
1970,20250707,2025-07-07,2025,7,July,Dashboard Panel v5,Interior,Davis-Abbott,83.4,Interior Assembly - Station 11,Interior Assembly,assembly,minor,rework,129.47,27.6
1971,20250707,2025-07-07,2025,7,July,,,,,Painting - Station 05,Painting,cosmetic,minor,accepted_with_deviation,1.06,14.1
1972,20250708,2025-07-08,2025,7,July,Headliner v2,Interior,Rhodes PLC,80.3,Interior Assembly - Station 10,Interior Assembly,assembly,minor,rework,146.63,24.6
1973,20250708,2025-07-08,2025,7,July,Grille v2,Exterior,Arnold Ltd,99.0,Exterior Trim - Station 15,Exterior Trim,cosmetic,minor,rework,119.77,17.5
1974,20250708,2025-07-08,2025,7,July,,,,,Painting - Station 04,Painting,cosmetic,minor,accepted_with_deviation,2.24,29.6
1975,20250709,2025-07-09,2025,7,July,,,,,Painting - Station 05,Painting,cosmetic,minor,accepted_with_deviation,1.98,26.2
1976,20250709,2025-07-09,2025,7,July,Battery Pack v2,Electrical,Wolfe LLC,91.2,Electrical Assembly - Station 14,Electrical Assembly,electrical,minor,rework,94.03,19.8
1977,20250709,2025-07-09,2025,7,July,Drive Shaft v4,Powertrain,"Rodriguez, Figueroa and Sanchez",88.0,Powertrain Assembly - Station 06,Powertrain Assembly,functional,major,rework,561.82,73.5
1978,20250709,2025-07-09,2025,7,July,Rear Bumper v5,Exterior,Wolfe LLC,91.2,Exterior Trim - Station 15,Exterior Trim,cosmetic,minor,rework,121.97,25.5
1979,20250709,2025-07-09,2025,7,July,,,,,Painting - Station 04,Painting,cosmetic,minor,rework,5.31,14.0
1980,20250709,2025-07-09,2025,7,July,Battery Pack v2,Electrical,Wolfe LLC,91.2,Electrical Assembly - Station 14,Electrical Assembly,electrical,major,scrap,362.54,43.3
1981,20250709,2025-07-09,2025,7,July,,,,,Painting - Station 05,Painting,cosmetic,minor,rework,6.45,17.1
1982,20250710,2025-07-10,2025,7,July,,,,,Painting - Station 05,Painting,cosmetic,minor,accepted_with_deviation,1.63,21.6
1983,20250710,2025-07-10,2025,7,July,Battery Pack v2,Electrical,Wolfe LLC,91.2,Electrical Assembly - Station 14,Electrical Assembly,electrical,major,rework,110.48,63.3
1984,20250710,2025-07-10,2025,7,July,Battery Pack v2,Electrical,Wolfe LLC,91.2,Electrical Assembly - Station 13,Electrical Assembly,electrical,major,rework,109.21,59.9
1985,20250710,2025-07-10,2025,7,July,,,,,Welding - Station 02,Welding,dimensional,minor,accepted_with_deviation,1.81,23.9
1986,20250710,2025-07-10,2025,7,July,,,,,Welding - Station 02,Welding,dimensional,minor,rework,6.68,17.6
1987,20250710,2025-07-10,2025,7,July,,,,,Welding - Station 01,Welding,dimensional,minor,rework,8.19,21.6
1988,20250710,2025-07-10,2025,7,July,,,,,Welding - Station 01,Welding,dimensional,minor,rework,6.49,17.1
1989,20250710,2025-07-10,2025,7,July,,,,,Welding - Station 03,Welding,dimensional,minor,rework,6.2,16.4
1990,20250711,2025-07-11,2025,7,July,Battery Pack v2,Electrical,Wolfe LLC,91.2,Electrical Assembly - Station 14,Electrical Assembly,electrical,minor,rework,90.38,10.1
1991,20250711,2025-07-11,2025,7,July,Dashboard Panel v5,Interior,Davis-Abbott,83.4,Interior Assembly - Station 10,Interior Assembly,assembly,critical,rework,169.26,132.7
1992,20250711,2025-07-11,2025,7,July,Backup Camera v6,Safety,Cole LLC,99.0,Safety Systems - Station 17,Safety Systems,functional,major,rework,114.21,37.6
1993,20250711,2025-07-11,2025,7,July,Battery Pack v2,Electrical,Wolfe LLC,91.2,Electrical Assembly - Station 13,Electrical Assembly,electrical,critical,rework,122.91,96.1
1994,20250711,2025-07-11,2025,7,July,Drive Shaft v4,Powertrain,"Rodriguez, Figueroa and Sanchez",88.0,Powertrain Assembly - Station 06,Powertrain Assembly,functional,minor,rework,543.18,24.2
1995,20250712,2025-07-12,2025,7,July,Rear Bumper v5,Exterior,Wolfe LLC,91.2,Exterior Trim - Station 15,Exterior Trim,cosmetic,minor,accepted_with_deviation,1.59,21.1
1996,20250712,2025-07-12,2025,7,July,,,,,Welding - Station 03,Welding,dimensional,minor,rework,6.76,17.9
1997,20250712,2025-07-12,2025,7,July,Wiring Harness v6,Electrical,Bernard LLC,84.8,Electrical Assembly - Station 14,Electrical Assembly,electrical,minor,rework,82.27,15.1
1998,20250713,2025-07-13,2025,7,July,,,,,Welding - Station 01,Welding,dimensional,minor,rework,7.76,20.5
1999,20250714,2025-07-14,2025,7,July,Battery Pack v2,Electrical,Wolfe LLC,91.2,Electrical Assembly - Station 13,Electrical Assembly,electrical,major,rework,114.25,73.2
2000,20250714,2025-07-14,2025,7,July,Grille v2,Exterior,Arnold Ltd,99.0,Exterior Trim - Station 15,Exterior Trim,cosmetic,minor,rework,120.03,18.1
2001,20250714,2025-07-14,2025,7,July,Rear Bumper v5,Exterior,Wolfe LLC,91.2,Exterior Trim - Station 15,Exterior Trim,cosmetic,minor,rework,118.93,17.5
2002,20250714,2025-07-14,2025,7,July,Brake Caliper v4,Chassis,Blair PLC,99.0,Chassis Assembly - Station 09,Chassis Assembly,assembly,minor,rework,160.69,16.7
2003,20250714,2025-07-14,2025,7,July,Backup Camera v6,Safety,Cole LLC,99.0,Safety Systems - Station 17,Safety Systems,functional,major,rework,117.86,47.3
2004,20250714,2025-07-14,2025,7,July,,,,,Welding - Station 01,Welding,dimensional,minor,rework,10.71,28.3
2005,20250715,2025-07-15,2025,7,July,ECU Module v7,Electrical,"Rodriguez, Figueroa and Sanchez",88.0,Electrical Assembly - Station 14,Electrical Assembly,electrical,major,rework,55.2,35.1
2006,20250715,2025-07-15,2025,7,July,,,,,Welding - Station 02,Welding,dimensional,minor,rework,5.21,13.8
2007,20250715,2025-07-15,2025,7,July,Brake Caliper v4,Chassis,Blair PLC,99.0,Chassis Assembly - Station 08,Chassis Assembly,assembly,minor,rework,159.26,12.9
2008,20250715,2025-07-15,2025,7,July,,,,,Painting - Station 04,Painting,cosmetic,minor,rework,6.04,16.0
2009,20250715,2025-07-15,2025,7,July,,,,,Final Assembly - Station 18,Final Assembly,assembly,minor,rework,4.69,12.4
2010,20250716,2025-07-16,2025,7,July,Shock Absorber v3,Chassis,Wyatt Inc,85.8,Chassis Assembly - Station 09,Chassis Assembly,assembly,minor,accepted_with_deviation,2.12,28.0
2011,20250716,2025-07-16,2025,7,July,Drive Shaft v4,Powertrain,"Rodriguez, Figueroa and Sanchez",88.0,Powertrain Assembly - Station 07,Powertrain Assembly,functional,minor,rework,542.43,22.2
2012,20250716,2025-07-16,2025,7,July,,,,,Final Assembly - Station 18,Final Assembly,assembly,minor,rework,6.69,17.7
2013,20250716,2025-07-16,2025,7,July,,,,,Painting - Station 04,Painting,cosmetic,minor,rework,4.98,13.2
2014,20250716,2025-07-16,2025,7,July,Rear Bumper v5,Exterior,Wolfe LLC,91.2,Exterior Trim - Station 16,Exterior Trim,cosmetic,critical,rework,146.08,89.2
2015,20250716,2025-07-16,2025,7,July,,,,,Painting - Station 04,Painting,cosmetic,minor,rework,11.14,29.4
2016,20250717,2025-07-17,2025,7,July,Brake Caliper v4,Chassis,Blair PLC,99.0,Chassis Assembly - Station 09,Chassis Assembly,assembly,minor,rework,162.61,21.8
2017,20250717,2025-07-17,2025,7,July,Dashboard Panel v5,Interior,Davis-Abbott,83.4,Interior Assembly - Station 10,Interior Assembly,assembly,major,rework,144.62,67.6
2018,20250717,2025-07-17,2025,7,July,,,,,Final Assembly - Station 18,Final Assembly,assembly,minor,rework,4.54,12.0
2019,20250717,2025-07-17,2025,7,July,Grille v2,Exterior,Arnold Ltd,99.0,Exterior Trim - Station 15,Exterior Trim,cosmetic,minor,accepted_with_deviation,1.82,24.0
2020,20250717,2025-07-17,2025,7,July,Shock Absorber v3,Chassis,Wyatt Inc,85.8,Chassis Assembly - Station 09,Chassis Assembly,assembly,major,rework,172.06,54.8
2021,20250717,2025-07-17,2025,7,July,Electric Motor v6,Powertrain,Wyatt Inc,85.8,Powertrain Assembly - Station 06,Powertrain Assembly,functional,major,rework,683.14,62.3
2022,20250717,2025-07-17,2025,7,July,Electric Motor v6,Powertrain,Wyatt Inc,85.8,Powertrain Assembly - Station 06,Powertrain Assembly,functional,critical,rework,691.79,85.1
2023,20250718,2025-07-18,2025,7,July,,,,,Painting - Station 05,Painting,cosmetic,minor,rework,9.8,25.9
2024,20250718,2025-07-18,2025,7,July,Shock Absorber v3,Chassis,Wyatt Inc,85.8,Chassis Assembly - Station 09,Chassis Assembly,assembly,minor,rework,162.56,29.7
2025,20250718,2025-07-18,2025,7,July,Brake Caliper v4,Chassis,Blair PLC,99.0,Chassis Assembly - Station 09,Chassis Assembly,assembly,minor,rework,163.8,24.9
2026,20250718,2025-07-18,2025,7,July,,,,,Painting - Station 05,Painting,cosmetic,minor,rework,4.42,11.7
2027,20250718,2025-07-18,2025,7,July,,,,,Welding - Station 01,Welding,dimensional,minor,rework,10.06,26.6
2028,20250718,2025-07-18,2025,7,July,,,,,Welding - Station 02,Welding,dimensional,minor,rework,8.79,23.2
2029,20250718,2025-07-18,2025,7,July,Battery Pack v2,Electrical,Wolfe LLC,91.2,Electrical Assembly - Station 14,Electrical Assembly,electrical,minor,rework,95.13,22.7
2030,20250718,2025-07-18,2025,7,July,Grille v2,Exterior,Arnold Ltd,99.0,Exterior Trim - Station 16,Exterior Trim,cosmetic,major,rework,124.54,30.1
2031,20250718,2025-07-18,2025,7,July,Battery Pack v2,Electrical,Wolfe LLC,91.2,Electrical Assembly - Station 13,Electrical Assembly,electrical,major,rework,101.65,39.9
2032,20250719,2025-07-19,2025,7,July,Shock Absorber v3,Chassis,Wyatt Inc,85.8,Chassis Assembly - Station 09,Chassis Assembly,assembly,minor,accepted_with_deviation,1.8,23.9
2033,20250720,2025-07-20,2025,7,July,Rear Bumper v5,Exterior,Wolfe LLC,91.2,Exterior Trim - Station 16,Exterior Trim,cosmetic,minor,rework,118.92,17.5
2034,20250721,2025-07-21,2025,7,July,,,,,Quality Check - Station 19,Quality Check,dimensional,minor,rework,4.7,12.4
2035,20250721,2025-07-21,2025,7,July,Grille v2,Exterior,Arnold Ltd,99.0,Exterior Trim - Station 15,Exterior Trim,cosmetic,minor,rework,119.5,16.7
2036,20250721,2025-07-21,2025,7,July,Rear Bumper v5,Exterior,Wolfe LLC,91.2,Exterior Trim - Station 15,Exterior Trim,cosmetic,major,rework,132.32,52.9
2037,20250721,2025-07-21,2025,7,July,,,,,Painting - Station 05,Painting,cosmetic,minor,rework,5.66,15.0
2038,20250721,2025-07-21,2025,7,July,Rear Bumper v5,Exterior,Wolfe LLC,91.2,Exterior Trim - Station 16,Exterior Trim,cosmetic,minor,accepted_with_deviation,1.7,22.4
2039,20250721,2025-07-21,2025,7,July,Wiring Harness v6,Electrical,Bernard LLC,84.8,Electrical Assembly - Station 13,Electrical Assembly,electrical,minor,rework,86.35,25.9
2040,20250722,2025-07-22,2025,7,July,,,,,Welding - Station 02,Welding,dimensional,minor,rework,4.45,11.8
2041,20250722,2025-07-22,2025,7,July,Grille v2,Exterior,Arnold Ltd,99.0,Exterior Trim - Station 15,Exterior Trim,cosmetic,major,rework,134.34,56.0
2042,20250722,2025-07-22,2025,7,July,Shock Absorber v3,Chassis,Wyatt Inc,85.8,Chassis Assembly - Station 09,Chassis Assembly,assembly,minor,rework,162.03,28.3
2043,20250722,2025-07-22,2025,7,July,,,,,Quality Check - Station 19,Quality Check,dimensional,minor,rework,9.67,25.6
2044,20250722,2025-07-22,2025,7,July,,,,,Painting - Station 05,Painting,cosmetic,minor,accepted_with_deviation,2.1,27.7
2045,20250722,2025-07-22,2025,7,July,Headliner v2,Interior,Rhodes PLC,80.3,Interior Assembly - Station 10,Interior Assembly,assembly,minor,accepted_with_deviation,1.73,22.9
2046,20250722,2025-07-22,2025,7,July,,,,,Final Assembly - Station 18,Final Assembly,assembly,minor,accepted_with_deviation,0.84,11.1
2047,20250723,2025-07-23,2025,7,July,Brake Caliper v4,Chassis,Blair PLC,99.0,Chassis Assembly - Station 08,Chassis Assembly,assembly,major,rework,171.93,46.4
2048,20250723,2025-07-23,2025,7,July,Shock Absorber v3,Chassis,Wyatt Inc,85.8,Chassis Assembly - Station 09,Chassis Assembly,assembly,minor,rework,161.48,26.8
2049,20250723,2025-07-23,2025,7,July,Shock Absorber v3,Chassis,Wyatt Inc,85.8,Chassis Assembly - Station 09,Chassis Assembly,assembly,minor,rework,155.53,11.1
2050,20250724,2025-07-24,2025,7,July,Grille v2,Exterior,Arnold Ltd,99.0,Exterior Trim - Station 16,Exterior Trim,cosmetic,minor,rework,124.51,30.0
2051,20250724,2025-07-24,2025,7,July,,,,,Painting - Station 05,Painting,cosmetic,minor,rework,6.76,17.9
2052,20250724,2025-07-24,2025,7,July,,,,,Welding - Station 02,Welding,dimensional,major,rework,23.52,62.2
2053,20250724,2025-07-24,2025,7,July,Electric Motor v6,Powertrain,Wyatt Inc,85.8,Powertrain Assembly - Station 06,Powertrain Assembly,functional,critical,rework,709.64,132.3
2054,20250724,2025-07-24,2025,7,July,,,,,Welding - Station 01,Welding,dimensional,minor,rework,9.75,25.8
2055,20250724,2025-07-24,2025,7,July,Backup Camera v6,Safety,Cole LLC,99.0,Safety Systems - Station 17,Safety Systems,functional,minor,rework,104.21,11.2
2056,20250724,2025-07-24,2025,7,July,,,,,Welding - Station 03,Welding,dimensional,minor,rework,8.05,21.3
2057,20250725,2025-07-25,2025,7,July,ABS Unit v4,Safety,"Rodriguez, Figueroa and Sanchez",88.0,Safety Systems - Station 17,Safety Systems,functional,major,rework,98.62,64.9
2058,20250725,2025-07-25,2025,7,July,ECU Module v7,Electrical,"Rodriguez, Figueroa and Sanchez",88.0,Electrical Assembly - Station 14,Electrical Assembly,electrical,minor,rework,47.77,15.5
2059,20250725,2025-07-25,2025,7,July,Shock Absorber v3,Chassis,Wyatt Inc,85.8,Chassis Assembly - Station 09,Chassis Assembly,assembly,major,rework,169.82,48.9
2060,20250725,2025-07-25,2025,7,July,,,,,Painting - Station 04,Painting,cosmetic,minor,rework,8.86,23.4
2061,20250726,2025-07-26,2025,7,July,,,,,Quality Check - Station 19,Quality Check,dimensional,minor,accepted_with_deviation,0.92,12.1
2062,20250726,2025-07-26,2025,7,July,Headliner v2,Interior,Rhodes PLC,80.3,Interior Assembly - Station 10,Interior Assembly,assembly,minor,accepted_with_deviation,1.42,18.7
2063,20250726,2025-07-26,2025,7,July,ECU Module v7,Electrical,"Rodriguez, Figueroa and Sanchez",88.0,Electrical Assembly - Station 13,Electrical Assembly,electrical,minor,rework,46.92,13.3
2064,20250726,2025-07-26,2025,7,July,,,,,Welding - Station 01,Welding,dimensional,minor,rework,6.5,17.2
2065,20250728,2025-07-28,2025,7,July,Electric Motor v6,Powertrain,Wyatt Inc,85.8,Powertrain Assembly - Station 07,Powertrain Assembly,functional,minor,rework,668.49,23.6
2066,20250728,2025-07-28,2025,7,July,,,,,Welding - Station 02,Welding,dimensional,minor,rework,3.95,10.4
2067,20250728,2025-07-28,2025,7,July,Battery Pack v2,Electrical,Wolfe LLC,91.2,Electrical Assembly - Station 14,Electrical Assembly,electrical,minor,rework,95.52,23.7
2068,20250728,2025-07-28,2025,7,July,Headliner v2,Interior,Rhodes PLC,80.3,Interior Assembly - Station 12,Interior Assembly,assembly,minor,rework,147.9,27.9
2069,20250730,2025-07-30,2025,7,July,Battery Pack v2,Electrical,Wolfe LLC,91.2,Electrical Assembly - Station 14,Electrical Assembly,electrical,major,rework,113.64,71.6
2070,20250730,2025-07-30,2025,7,July,Grille v2,Exterior,Arnold Ltd,99.0,Exterior Trim - Station 16,Exterior Trim,cosmetic,major,rework,140.07,71.1
2071,20250730,2025-07-30,2025,7,July,Rear Bumper v5,Exterior,Wolfe LLC,91.2,Exterior Trim - Station 15,Exterior Trim,cosmetic,minor,accepted_with_deviation,0.94,12.5
2072,20250730,2025-07-30,2025,7,July,,,,,Painting - Station 04,Painting,cosmetic,minor,rework,5.05,13.3
2073,20250730,2025-07-30,2025,7,July,Brake Caliper v4,Chassis,Blair PLC,99.0,Chassis Assembly - Station 08,Chassis Assembly,assembly,minor,accepted_with_deviation,1.64,21.7
2074,20250730,2025-07-30,2025,7,July,Brake Caliper v4,Chassis,Blair PLC,99.0,Chassis Assembly - Station 08,Chassis Assembly,assembly,minor,rework,159.66,14.0
2075,20250731,2025-07-31,2025,7,July,Brake Caliper v4,Chassis,Blair PLC,99.0,Chassis Assembly - Station 09,Chassis Assembly,assembly,minor,rework,164.97,28.0
2076,20250731,2025-07-31,2025,7,July,Battery Pack v2,Electrical,Wolfe LLC,91.2,Electrical Assembly - Station 13,Electrical Assembly,electrical,minor,rework,94.47,21.0
2077,20250731,2025-07-31,2025,7,July,Grille v2,Exterior,Arnold Ltd,99.0,Exterior Trim - Station 15,Exterior Trim,cosmetic,minor,rework,118.42,13.9
2078,20250731,2025-07-31,2025,7,July,Battery Pack v2,Electrical,Wolfe LLC,91.2,Electrical Assembly - Station 13,Electrical Assembly,electrical,minor,rework,95.83,24.6
2079,20250731,2025-07-31,2025,7,July,Grille v2,Exterior,Arnold Ltd,99.0,Exterior Trim - Station 16,Exterior Trim,cosmetic,critical,rework,138.29,66.4
2080,20250731,2025-07-31,2025,7,July,,,,,Final Assembly - Station 18,Final Assembly,assembly,minor,rework,8.04,21.3
2081,20250731,2025-07-31,2025,7,July,Headliner v2,Interior,Rhodes PLC,80.3,Interior Assembly - Station 10,Interior Assembly,assembly,minor,rework,148.38,29.2
2082,20250731,2025-07-31,2025,7,July,Battery Pack v2,Electrical,Wolfe LLC,91.2,Electrical Assembly - Station 13,Electrical Assembly,electrical,major,accepted_with_deviation,5.48,72.4
2083,20250801,2025-08-01,2025,8,August,Battery Pack v2,Electrical,Wolfe LLC,91.2,Electrical Assembly - Station 13,Electrical Assembly,electrical,major,rework,108.47,58.0
2084,20250801,2025-08-01,2025,8,August,Grille v2,Exterior,Arnold Ltd,99.0,Exterior Trim - Station 16,Exterior Trim,cosmetic,major,rework,136.64,62.0
2085,20250801,2025-08-01,2025,8,August,Shock Absorber v3,Chassis,Wyatt Inc,85.8,Chassis Assembly - Station 09,Chassis Assembly,assembly,major,rework,175.63,64.2
2086,20250801,2025-08-01,2025,8,August,Battery Pack v2,Electrical,Wolfe LLC,91.2,Electrical Assembly - Station 14,Electrical Assembly,electrical,minor,rework,92.13,14.8
2087,20250801,2025-08-01,2025,8,August,,,,,Welding - Station 03,Welding,dimensional,minor,rework,8.9,23.5
2088,20250801,2025-08-01,2025,8,August,,,,,Welding - Station 01,Welding,dimensional,minor,rework,7.5,19.8
2089,20250801,2025-08-01,2025,8,August,Headliner v2,Interior,Rhodes PLC,80.3,Interior Assembly - Station 10,Interior Assembly,assembly,major,accepted_with_deviation,2.74,36.2
2090,20250801,2025-08-01,2025,8,August,,,,,Painting - Station 04,Painting,cosmetic,critical,rework,33.79,89.3
2091,20250801,2025-08-01,2025,8,August,,,,,Painting - Station 05,Painting,cosmetic,minor,rework,5.74,15.2
2092,20250802,2025-08-02,2025,8,August,,,,,Final Assembly - Station 18,Final Assembly,assembly,critical,scrap,51.84,137.0
2093,20250803,2025-08-03,2025,8,August,,,,,Welding - Station 03,Welding,dimensional,critical,rework,23.41,61.9
2094,20250804,2025-08-04,2025,8,August,Dashboard Panel v5,Interior,Davis-Abbott,83.4,Interior Assembly - Station 12,Interior Assembly,assembly,minor,rework,125.91,18.2
2095,20250804,2025-08-04,2025,8,August,,,,,Quality Check - Station 20,Quality Check,dimensional,major,scrap,28.25,74.7
2096,20250804,2025-08-04,2025,8,August,,,,,Welding - Station 02,Welding,dimensional,minor,rework,9.53,25.2
2097,20250804,2025-08-04,2025,8,August,,,,,Welding - Station 03,Welding,dimensional,minor,rework,9.05,23.9
2098,20250804,2025-08-04,2025,8,August,Battery Pack v2,Electrical,Wolfe LLC,91.2,Electrical Assembly - Station 14,Electrical Assembly,electrical,minor,rework,97.07,27.8
2099,20250804,2025-08-04,2025,8,August,Crash Sensor v5,Safety,"Rodriguez, Figueroa and Sanchez",88.0,Safety Systems - Station 17,Safety Systems,functional,major,rework,100.66,40.4
2100,20250804,2025-08-04,2025,8,August,Dashboard Panel v5,Interior,Davis-Abbott,83.4,Interior Assembly - Station 10,Interior Assembly,assembly,minor,rework,128.84,25.9
2101,20250804,2025-08-04,2025,8,August,,,,,Welding - Station 02,Welding,dimensional,minor,rework,5.16,13.6
2102,20250805,2025-08-05,2025,8,August,Dashboard Panel v5,Interior,Davis-Abbott,83.4,Interior Assembly - Station 12,Interior Assembly,assembly,major,rework,141.46,59.2
2103,20250805,2025-08-05,2025,8,August,Shock Absorber v3,Chassis,Wyatt Inc,85.8,Chassis Assembly - Station 09,Chassis Assembly,assembly,critical,rework,194.41,113.9
2104,20250805,2025-08-05,2025,8,August,Grille v2,Exterior,Arnold Ltd,99.0,Exterior Trim - Station 16,Exterior Trim,cosmetic,major,rework,125.7,33.1
2105,20250805,2025-08-05,2025,8,August,Electric Motor v6,Powertrain,Wyatt Inc,85.8,Powertrain Assembly - Station 07,Powertrain Assembly,functional,minor,rework,669.2,25.4
2106,20250805,2025-08-05,2025,8,August,Shock Absorber v3,Chassis,Wyatt Inc,85.8,Chassis Assembly - Station 09,Chassis Assembly,assembly,minor,rework,157.05,15.2
2107,20250805,2025-08-05,2025,8,August,Brake Caliper v4,Chassis,Blair PLC,99.0,Chassis Assembly - Station 09,Chassis Assembly,assembly,minor,rework,162.93,22.6
2108,20250805,2025-08-05,2025,8,August,Battery Pack v2,Electrical,Wolfe LLC,91.2,Electrical Assembly - Station 13,Electrical Assembly,electrical,minor,rework,95.68,24.2
2109,20250806,2025-08-06,2025,8,August,Center Console,Interior,Rhodes PLC,80.3,Interior Assembly - Station 10,Interior Assembly,assembly,minor,rework,173.14,17.7
2110,20250806,2025-08-06,2025,8,August,Brake Caliper v4,Chassis,Blair PLC,99.0,Chassis Assembly - Station 09,Chassis Assembly,assembly,minor,rework,163.64,24.5
2111,20250806,2025-08-06,2025,8,August,Battery Pack v2,Electrical,Wolfe LLC,91.2,Electrical Assembly - Station 14,Electrical Assembly,electrical,minor,rework,91.76,13.8
2112,20250807,2025-08-07,2025,8,August,Battery Pack v2,Electrical,Wolfe LLC,91.2,Electrical Assembly - Station 14,Electrical Assembly,electrical,critical,rework,123.5,97.7
2113,20250807,2025-08-07,2025,8,August,ABS Unit v4,Safety,"Rodriguez, Figueroa and Sanchez",88.0,Safety Systems - Station 17,Safety Systems,functional,minor,rework,85.05,29.0
2114,20250807,2025-08-07,2025,8,August,Electric Motor v6,Powertrain,Wyatt Inc,85.8,Powertrain Assembly - Station 06,Powertrain Assembly,functional,minor,accepted_with_deviation,1.82,24.1
2115,20250807,2025-08-07,2025,8,August,Electric Motor v6,Powertrain,Wyatt Inc,85.8,Powertrain Assembly - Station 06,Powertrain Assembly,functional,major,rework,685.53,68.6
2116,20250808,2025-08-08,2025,8,August,Shock Absorber v3,Chassis,Wyatt Inc,85.8,Chassis Assembly - Station 09,Chassis Assembly,assembly,major,accepted_with_deviation,2.39,31.5
2117,20250808,2025-08-08,2025,8,August,Shock Absorber v3,Chassis,Wyatt Inc,85.8,Chassis Assembly - Station 09,Chassis Assembly,assembly,major,scrap,630.96,67.9
2118,20250808,2025-08-08,2025,8,August,Electric Motor v6,Powertrain,Wyatt Inc,85.8,Powertrain Assembly - Station 06,Powertrain Assembly,functional,minor,rework,665.92,16.8
2119,20250809,2025-08-09,2025,8,August,ABS Unit v4,Safety,"Rodriguez, Figueroa and Sanchez",88.0,Safety Systems - Station 17,Safety Systems,functional,critical,accepted_with_deviation,5.93,78.4
2120,20250809,2025-08-09,2025,8,August,Electric Motor v6,Powertrain,Wyatt Inc,85.8,Powertrain Assembly - Station 06,Powertrain Assembly,functional,major,rework,671.09,30.4
2121,20250809,2025-08-09,2025,8,August,Rear Bumper v5,Exterior,Wolfe LLC,91.2,Exterior Trim - Station 16,Exterior Trim,cosmetic,minor,rework,123.41,29.3
2122,20250810,2025-08-10,2025,8,August,Grille v2,Exterior,Arnold Ltd,99.0,Exterior Trim - Station 15,Exterior Trim,cosmetic,minor,rework,118.59,14.3
2123,20250810,2025-08-10,2025,8,August,Grille v2,Exterior,Arnold Ltd,99.0,Exterior Trim - Station 16,Exterior Trim,cosmetic,minor,rework,118.22,13.3
2124,20250810,2025-08-10,2025,8,August,Brake Caliper v4,Chassis,Blair PLC,99.0,Chassis Assembly - Station 09,Chassis Assembly,assembly,minor,rework,159.27,13.0
2125,20250810,2025-08-10,2025,8,August,,,,,Final Assembly - Station 18,Final Assembly,assembly,minor,accepted_with_deviation,2.19,29.0
2126,20250811,2025-08-11,2025,8,August,,,,,Final Assembly - Station 18,Final Assembly,assembly,minor,rework,5.05,13.4
2127,20250811,2025-08-11,2025,8,August,Grille v2,Exterior,Arnold Ltd,99.0,Exterior Trim - Station 16,Exterior Trim,cosmetic,minor,rework,121.82,22.9
2128,20250811,2025-08-11,2025,8,August,Electric Motor v6,Powertrain,Wyatt Inc,85.8,Powertrain Assembly - Station 07,Powertrain Assembly,functional,critical,rework,696.74,98.2
2129,20250811,2025-08-11,2025,8,August,Grille v2,Exterior,Arnold Ltd,99.0,Exterior Trim - Station 16,Exterior Trim,cosmetic,major,rework,126.01,33.9
2130,20250812,2025-08-12,2025,8,August,,,,,Quality Check - Station 19,Quality Check,dimensional,major,rework,23.05,60.9
2131,20250812,2025-08-12,2025,8,August,Backup Camera v6,Safety,Cole LLC,99.0,Safety Systems - Station 17,Safety Systems,functional,minor,rework,108.18,21.7
2132,20250812,2025-08-12,2025,8,August,,,,,Final Assembly - Station 18,Final Assembly,assembly,minor,rework,8.93,23.6
2133,20250812,2025-08-12,2025,8,August,Center Console,Interior,Rhodes PLC,80.3,Interior Assembly - Station 12,Interior Assembly,assembly,minor,accepted_with_deviation,1.08,14.2
2134,20250812,2025-08-12,2025,8,August,Electric Motor v6,Powertrain,Wyatt Inc,85.8,Powertrain Assembly - Station 06,Powertrain Assembly,functional,critical,scrap,2682.9,117.9
2135,20250812,2025-08-12,2025,8,August,,,,,Welding - Station 01,Welding,dimensional,major,accepted_with_deviation,5.11,67.6
2136,20250812,2025-08-12,2025,8,August,,,,,Welding - Station 01,Welding,dimensional,minor,accepted_with_deviation,1.25,16.6
2137,20250812,2025-08-12,2025,8,August,Grille v2,Exterior,Arnold Ltd,99.0,Exterior Trim - Station 16,Exterior Trim,cosmetic,major,accepted_with_deviation,3.77,49.9
2138,20250812,2025-08-12,2025,8,August,Backup Camera v6,Safety,Cole LLC,99.0,Safety Systems - Station 17,Safety Systems,functional,minor,rework,109.34,24.8
2139,20250813,2025-08-13,2025,8,August,Shock Absorber v3,Chassis,Wyatt Inc,85.8,Chassis Assembly - Station 09,Chassis Assembly,assembly,major,accepted_with_deviation,4.88,64.5
2140,20250813,2025-08-13,2025,8,August,Grille v2,Exterior,Arnold Ltd,99.0,Exterior Trim - Station 16,Exterior Trim,cosmetic,minor,rework,123.47,27.2
2141,20250813,2025-08-13,2025,8,August,Grille v2,Exterior,Arnold Ltd,99.0,Exterior Trim - Station 16,Exterior Trim,cosmetic,major,rework,137.17,63.4
2142,20250813,2025-08-13,2025,8,August,,,,,Welding - Station 02,Welding,dimensional,minor,rework,4.11,10.9
2143,20250814,2025-08-14,2025,8,August,Shock Absorber v3,Chassis,Wyatt Inc,85.8,Chassis Assembly - Station 09,Chassis Assembly,assembly,major,rework,174.63,61.6
2144,20250814,2025-08-14,2025,8,August,Headliner v2,Interior,Rhodes PLC,80.3,Interior Assembly - Station 12,Interior Assembly,assembly,major,rework,156.1,49.6
2145,20250814,2025-08-14,2025,8,August,Grille v2,Exterior,Arnold Ltd,99.0,Exterior Trim - Station 16,Exterior Trim,cosmetic,minor,rework,117.0,10.1
2146,20250814,2025-08-14,2025,8,August,Brake Caliper v4,Chassis,Blair PLC,99.0,Chassis Assembly - Station 08,Chassis Assembly,assembly,major,rework,175.37,55.5
2147,20250814,2025-08-14,2025,8,August,ECU Module v7,Electrical,"Rodriguez, Figueroa and Sanchez",88.0,Electrical Assembly - Station 13,Electrical Assembly,electrical,minor,rework,49.87,21.0
2148,20250814,2025-08-14,2025,8,August,Battery Pack v2,Electrical,Wolfe LLC,91.2,Electrical Assembly - Station 13,Electrical Assembly,electrical,major,rework,113.92,72.4
2149,20250814,2025-08-14,2025,8,August,Headliner v2,Interior,Rhodes PLC,80.3,Interior Assembly - Station 10,Interior Assembly,assembly,minor,rework,145.01,20.3
2150,20250815,2025-08-15,2025,8,August,Brake Caliper v4,Chassis,Blair PLC,99.0,Chassis Assembly - Station 09,Chassis Assembly,assembly,minor,accepted_with_deviation,1.48,19.6
2151,20250815,2025-08-15,2025,8,August,Drive Shaft v4,Powertrain,"Rodriguez, Figueroa and Sanchez",88.0,Powertrain Assembly - Station 07,Powertrain Assembly,functional,minor,rework,538.42,11.6
2152,20250815,2025-08-15,2025,8,August,Battery Pack v2,Electrical,Wolfe LLC,91.2,Electrical Assembly - Station 13,Electrical Assembly,electrical,minor,rework,94.52,21.1
2153,20250815,2025-08-15,2025,8,August,,,,,Welding - Station 02,Welding,dimensional,minor,rework,10.45,27.6
2154,20250815,2025-08-15,2025,8,August,Backup Camera v6,Safety,Cole LLC,99.0,Safety Systems - Station 17,Safety Systems,functional,minor,rework,104.45,11.8
2155,20250815,2025-08-15,2025,8,August,,,,,Final Assembly - Station 18,Final Assembly,assembly,major,rework,12.35,32.6
2156,20250815,2025-08-15,2025,8,August,ABS Unit v4,Safety,"Rodriguez, Figueroa and Sanchez",88.0,Safety Systems - Station 17,Safety Systems,functional,minor,rework,82.34,21.8
2157,20250815,2025-08-15,2025,8,August,Dashboard Panel v5,Interior,Davis-Abbott,83.4,Interior Assembly - Station 11,Interior Assembly,assembly,minor,accepted_with_deviation,2.12,28.0
2158,20250815,2025-08-15,2025,8,August,,,,,Welding - Station 03,Welding,dimensional,minor,rework,7.61,20.1
2159,20250815,2025-08-15,2025,8,August,Shock Absorber v3,Chassis,Wyatt Inc,85.8,Chassis Assembly - Station 08,Chassis Assembly,assembly,minor,rework,155.89,12.1
2160,20250816,2025-08-16,2025,8,August,,,,,Painting - Station 05,Painting,cosmetic,critical,rework,26.24,69.3
2161,20250817,2025-08-17,2025,8,August,,,,,Final Assembly - Station 18,Final Assembly,assembly,minor,rework,9.99,26.4
2162,20250818,2025-08-18,2025,8,August,Dashboard Panel v5,Interior,Davis-Abbott,83.4,Interior Assembly - Station 10,Interior Assembly,assembly,critical,rework,141.92,60.5
2163,20250818,2025-08-18,2025,8,August,,,,,Final Assembly - Station 18,Final Assembly,assembly,minor,rework,4.72,12.5
2164,20250818,2025-08-18,2025,8,August,Brake Caliper v4,Chassis,Blair PLC,99.0,Chassis Assembly - Station 08,Chassis Assembly,assembly,major,rework,176.48,58.4
2165,20250818,2025-08-18,2025,8,August,Headliner v2,Interior,Rhodes PLC,80.3,Interior Assembly - Station 11,Interior Assembly,assembly,minor,rework,144.89,20.0
2166,20250818,2025-08-18,2025,8,August,Drive Shaft v4,Powertrain,"Rodriguez, Figueroa and Sanchez",88.0,Powertrain Assembly - Station 06,Powertrain Assembly,functional,minor,rework,538.41,11.6
2167,20250819,2025-08-19,2025,8,August,Grille v2,Exterior,Arnold Ltd,99.0,Exterior Trim - Station 16,Exterior Trim,cosmetic,major,rework,125.89,33.6
2168,20250819,2025-08-19,2025,8,August,,,,,Quality Check - Station 19,Quality Check,dimensional,minor,rework,10.06,26.6
2169,20250819,2025-08-19,2025,8,August,,,,,Final Assembly - Station 18,Final Assembly,assembly,minor,rework,4.13,10.9
2170,20250819,2025-08-19,2025,8,August,Shock Absorber v3,Chassis,Wyatt Inc,85.8,Chassis Assembly - Station 09,Chassis Assembly,assembly,major,scrap,626.13,55.1
2171,20250819,2025-08-19,2025,8,August,Headliner v2,Interior,Rhodes PLC,80.3,Interior Assembly - Station 12,Interior Assembly,assembly,critical,rework,175.88,101.9
2172,20250819,2025-08-19,2025,8,August,Battery Pack v2,Electrical,Wolfe LLC,91.2,Electrical Assembly - Station 14,Electrical Assembly,electrical,minor,rework,91.65,13.5
2173,20250820,2025-08-20,2025,8,August,,,,,Painting - Station 05,Painting,cosmetic,minor,rework,5.42,14.3
2174,20250820,2025-08-20,2025,8,August,Backup Camera v6,Safety,Cole LLC,99.0,Safety Systems - Station 17,Safety Systems,functional,minor,rework,105.3,14.1
2175,20250820,2025-08-20,2025,8,August,Grille v2,Exterior,Arnold Ltd,99.0,Exterior Trim - Station 16,Exterior Trim,cosmetic,major,rework,140.23,71.5
2176,20250820,2025-08-20,2025,8,August,Drive Shaft v4,Powertrain,"Rodriguez, Figueroa and Sanchez",88.0,Powertrain Assembly - Station 06,Powertrain Assembly,functional,minor,accepted_with_deviation,1.03,13.6
2177,20250820,2025-08-20,2025,8,August,Dashboard Panel v5,Interior,Davis-Abbott,83.4,Interior Assembly - Station 12,Interior Assembly,assembly,major,rework,146.38,72.3
2178,20250820,2025-08-20,2025,8,August,ABS Unit v4,Safety,"Rodriguez, Figueroa and Sanchez",88.0,Safety Systems - Station 17,Safety Systems,functional,minor,rework,78.75,12.3
2179,20250820,2025-08-20,2025,8,August,Backup Camera v6,Safety,Cole LLC,99.0,Safety Systems - Station 17,Safety Systems,functional,minor,rework,109.6,25.4
2180,20250820,2025-08-20,2025,8,August,Grille v2,Exterior,Arnold Ltd,99.0,Exterior Trim - Station 16,Exterior Trim,cosmetic,minor,rework,123.64,27.7
2181,20250820,2025-08-20,2025,8,August,Grille v2,Exterior,Arnold Ltd,99.0,Exterior Trim - Station 15,Exterior Trim,cosmetic,minor,rework,121.41,21.8
2182,20250821,2025-08-21,2025,8,August,,,,,Welding - Station 02,Welding,dimensional,minor,accepted_with_deviation,1.58,20.9
2183,20250821,2025-08-21,2025,8,August,Drive Shaft v4,Powertrain,"Rodriguez, Figueroa and Sanchez",88.0,Powertrain Assembly - Station 06,Powertrain Assembly,functional,minor,rework,540.92,18.2
2184,20250821,2025-08-21,2025,8,August,Center Console,Interior,Rhodes PLC,80.3,Interior Assembly - Station 10,Interior Assembly,assembly,minor,rework,174.58,21.5
2185,20250821,2025-08-21,2025,8,August,,,,,Painting - Station 05,Painting,cosmetic,minor,rework,8.9,23.5
2186,20250821,2025-08-21,2025,8,August,Backup Camera v6,Safety,Cole LLC,99.0,Safety Systems - Station 17,Safety Systems,functional,minor,rework,105.28,14.0
2187,20250821,2025-08-21,2025,8,August,,,,,Welding - Station 03,Welding,dimensional,major,rework,26.25,69.4
2188,20250822,2025-08-22,2025,8,August,Grille v2,Exterior,Arnold Ltd,99.0,Exterior Trim - Station 16,Exterior Trim,cosmetic,minor,rework,123.42,27.1
2189,20250822,2025-08-22,2025,8,August,Battery Pack v2,Electrical,Wolfe LLC,91.2,Electrical Assembly - Station 14,Electrical Assembly,electrical,major,rework,106.87,53.7
2190,20250825,2025-08-25,2025,8,August,,,,,Painting - Station 05,Painting,cosmetic,minor,rework,6.35,16.8
2191,20250825,2025-08-25,2025,8,August,Grille v2,Exterior,Arnold Ltd,99.0,Exterior Trim - Station 15,Exterior Trim,cosmetic,minor,rework,122.91,25.7
2192,20250825,2025-08-25,2025,8,August,Battery Pack v2,Electrical,Wolfe LLC,91.2,Electrical Assembly - Station 13,Electrical Assembly,electrical,minor,rework,96.05,25.1
2193,20250825,2025-08-25,2025,8,August,Brake Caliper v4,Chassis,Blair PLC,99.0,Chassis Assembly - Station 08,Chassis Assembly,assembly,major,rework,170.38,42.3
2194,20250826,2025-08-26,2025,8,August,Electric Motor v6,Powertrain,Wyatt Inc,85.8,Powertrain Assembly - Station 07,Powertrain Assembly,functional,minor,rework,667.12,19.9
2195,20250826,2025-08-26,2025,8,August,Electric Motor v6,Powertrain,Wyatt Inc,85.8,Powertrain Assembly - Station 06,Powertrain Assembly,functional,major,rework,674.2,38.7
2196,20250826,2025-08-26,2025,8,August,Grille v2,Exterior,Arnold Ltd,99.0,Exterior Trim - Station 16,Exterior Trim,cosmetic,major,rework,139.93,70.7
2197,20250826,2025-08-26,2025,8,August,Electric Motor v6,Powertrain,Wyatt Inc,85.8,Powertrain Assembly - Station 06,Powertrain Assembly,functional,minor,rework,665.7,16.2
2198,20250826,2025-08-26,2025,8,August,,,,,Welding - Station 02,Welding,dimensional,minor,accepted_with_deviation,1.94,25.7
2199,20250826,2025-08-26,2025,8,August,ECU Module v7,Electrical,"Rodriguez, Figueroa and Sanchez",88.0,Electrical Assembly - Station 14,Electrical Assembly,electrical,minor,rework,46.48,12.1
2200,20250827,2025-08-27,2025,8,August,Headliner v2,Interior,Rhodes PLC,80.3,Interior Assembly - Station 11,Interior Assembly,assembly,minor,accepted_with_deviation,1.89,24.9
2201,20250827,2025-08-27,2025,8,August,Drive Shaft v4,Powertrain,"Rodriguez, Figueroa and Sanchez",88.0,Powertrain Assembly - Station 07,Powertrain Assembly,functional,minor,rework,538.54,12.0
2202,20250827,2025-08-27,2025,8,August,Electric Motor v6,Powertrain,Wyatt Inc,85.8,Powertrain Assembly - Station 07,Powertrain Assembly,functional,major,rework,687.71,74.4
2203,20250827,2025-08-27,2025,8,August,Headliner v2,Interior,Rhodes PLC,80.3,Interior Assembly - Station 10,Interior Assembly,assembly,major,rework,159.99,59.9
2204,20250827,2025-08-27,2025,8,August,Shock Absorber v3,Chassis,Wyatt Inc,85.8,Chassis Assembly - Station 08,Chassis Assembly,assembly,critical,scrap,649.33,116.4
2205,20250827,2025-08-27,2025,8,August,,,,,Welding - Station 03,Welding,dimensional,minor,rework,10.18,26.9
2206,20250827,2025-08-27,2025,8,August,Brake Caliper v4,Chassis,Blair PLC,99.0,Chassis Assembly - Station 09,Chassis Assembly,assembly,major,rework,172.58,48.1
2207,20250828,2025-08-28,2025,8,August,Battery Pack v2,Electrical,Wolfe LLC,91.2,Electrical Assembly - Station 14,Electrical Assembly,electrical,minor,rework,95.42,23.5
2208,20250828,2025-08-28,2025,8,August,,,,,Painting - Station 05,Painting,cosmetic,minor,rework,11.14,29.4
2209,20250828,2025-08-28,2025,8,August,Drive Shaft v4,Powertrain,"Rodriguez, Figueroa and Sanchez",88.0,Powertrain Assembly - Station 06,Powertrain Assembly,functional,minor,rework,544.63,28.0
2210,20250828,2025-08-28,2025,8,August,Headliner v2,Interior,Rhodes PLC,80.3,Interior Assembly - Station 11,Interior Assembly,assembly,minor,rework,141.78,11.7
2211,20250828,2025-08-28,2025,8,August,,,,,Welding - Station 03,Welding,dimensional,minor,rework,10.33,27.3
2212,20250828,2025-08-28,2025,8,August,,,,,Welding - Station 01,Welding,dimensional,minor,rework,6.15,16.2
2213,20250828,2025-08-28,2025,8,August,Drive Shaft v4,Powertrain,"Rodriguez, Figueroa and Sanchez",88.0,Powertrain Assembly - Station 07,Powertrain Assembly,functional,critical,rework,556.74,60.0
2214,20250828,2025-08-28,2025,8,August,,,,,Painting - Station 04,Painting,cosmetic,minor,rework,5.41,14.3
2215,20250828,2025-08-28,2025,8,August,,,,,Welding - Station 01,Welding,dimensional,major,accepted_with_deviation,5.1,67.3
2216,20250828,2025-08-28,2025,8,August,Shock Absorber v3,Chassis,Wyatt Inc,85.8,Chassis Assembly - Station 09,Chassis Assembly,assembly,minor,rework,159.09,20.5
2217,20250828,2025-08-28,2025,8,August,,,,,Welding - Station 02,Welding,dimensional,minor,rework,10.91,28.8
2218,20250828,2025-08-28,2025,8,August,Brake Caliper v4,Chassis,Blair PLC,99.0,Chassis Assembly - Station 08,Chassis Assembly,assembly,major,rework,172.05,46.7
2219,20250829,2025-08-29,2025,8,August,Headliner v2,Interior,Rhodes PLC,80.3,Interior Assembly - Station 10,Interior Assembly,assembly,major,rework,162.28,65.9
2220,20250829,2025-08-29,2025,8,August,Drive Shaft v4,Powertrain,"Rodriguez, Figueroa and Sanchez",88.0,Powertrain Assembly - Station 06,Powertrain Assembly,functional,major,accepted_with_deviation,5.49,72.5
2221,20250829,2025-08-29,2025,8,August,Drive Shaft v4,Powertrain,"Rodriguez, Figueroa and Sanchez",88.0,Powertrain Assembly - Station 07,Powertrain Assembly,functional,critical,rework,561.44,72.5
2222,20250829,2025-08-29,2025,8,August,Drive Shaft v4,Powertrain,"Rodriguez, Figueroa and Sanchez",88.0,Powertrain Assembly - Station 07,Powertrain Assembly,functional,minor,rework,540.6,17.4
2223,20250829,2025-08-29,2025,8,August,Crash Sensor v5,Safety,"Rodriguez, Figueroa and Sanchez",88.0,Safety Systems - Station 17,Safety Systems,functional,minor,rework,93.41,21.3
2224,20250829,2025-08-29,2025,8,August,Rear Bumper v5,Exterior,Wolfe LLC,91.2,Exterior Trim - Station 16,Exterior Trim,cosmetic,minor,rework,120.56,21.8
2225,20250830,2025-08-30,2025,8,August,Battery Pack v2,Electrical,Wolfe LLC,91.2,Electrical Assembly - Station 13,Electrical Assembly,electrical,minor,rework,94.49,21.0
2226,20250830,2025-08-30,2025,8,August,Headliner v2,Interior,Rhodes PLC,80.3,Interior Assembly - Station 12,Interior Assembly,assembly,minor,rework,142.56,13.8
2227,20250831,2025-08-31,2025,8,August,,,,,Painting - Station 04,Painting,cosmetic,major,rework,27.26,72.1
2228,20250901,2025-09-01,2025,9,September,Headliner v2,Interior,Rhodes PLC,80.3,Interior Assembly - Station 10,Interior Assembly,assembly,minor,rework,147.9,27.9
2229,20250901,2025-09-01,2025,9,September,Brake Caliper v4,Chassis,Blair PLC,99.0,Chassis Assembly - Station 08,Chassis Assembly,assembly,minor,rework,162.86,22.4
2230,20250901,2025-09-01,2025,9,September,Battery Pack v2,Electrical,Wolfe LLC,91.2,Electrical Assembly - Station 13,Electrical Assembly,electrical,minor,rework,91.87,14.1
2231,20250901,2025-09-01,2025,9,September,,,,,Final Assembly - Station 18,Final Assembly,assembly,critical,scrap,35.66,94.2
2232,20250901,2025-09-01,2025,9,September,Crash Sensor v5,Safety,"Rodriguez, Figueroa and Sanchez",88.0,Safety Systems - Station 17,Safety Systems,functional,major,rework,97.85,33.0
2233,20250902,2025-09-02,2025,9,September,Headliner v2,Interior,Rhodes PLC,80.3,Interior Assembly - Station 10,Interior Assembly,assembly,critical,accepted_with_deviation,9.93,131.2
2234,20250902,2025-09-02,2025,9,September,Rear Bumper v5,Exterior,Wolfe LLC,91.2,Exterior Trim - Station 16,Exterior Trim,cosmetic,minor,rework,123.66,30.0
2235,20250902,2025-09-02,2025,9,September,,,,,Welding - Station 02,Welding,dimensional,minor,rework,11.0,29.1
2236,20250902,2025-09-02,2025,9,September,,,,,Welding - Station 01,Welding,dimensional,minor,rework,3.88,10.3
2237,20250903,2025-09-03,2025,9,September,,,,,Painting - Station 05,Painting,cosmetic,major,rework,15.09,39.9
2238,20250903,2025-09-03,2025,9,September,Battery Pack v2,Electrical,Wolfe LLC,91.2,Electrical Assembly - Station 13,Electrical Assembly,electrical,major,rework,110.29,62.8
2239,20250903,2025-09-03,2025,9,September,Battery Pack v2,Electrical,Wolfe LLC,91.2,Electrical Assembly - Station 14,Electrical Assembly,electrical,minor,rework,93.4,18.1
2240,20250903,2025-09-03,2025,9,September,Brake Caliper v4,Chassis,Blair PLC,99.0,Chassis Assembly - Station 09,Chassis Assembly,assembly,minor,rework,161.62,19.2
2241,20250903,2025-09-03,2025,9,September,,,,,Painting - Station 05,Painting,cosmetic,major,rework,20.2,53.4
2242,20250903,2025-09-03,2025,9,September,Electric Motor v6,Powertrain,Wyatt Inc,85.8,Powertrain Assembly - Station 06,Powertrain Assembly,functional,minor,rework,670.62,29.2
2243,20250903,2025-09-03,2025,9,September,Headliner v2,Interior,Rhodes PLC,80.3,Interior Assembly - Station 10,Interior Assembly,assembly,minor,rework,142.15,12.7
2244,20250903,2025-09-03,2025,9,September,Grille v2,Exterior,Arnold Ltd,99.0,Exterior Trim - Station 15,Exterior Trim,cosmetic,minor,rework,123.01,26.0
2245,20250903,2025-09-03,2025,9,September,Dashboard Panel v5,Interior,Davis-Abbott,83.4,Interior Assembly - Station 11,Interior Assembly,assembly,minor,rework,123.5,11.8
2246,20250903,2025-09-03,2025,9,September,,,,,Welding - Station 02,Welding,dimensional,minor,rework,8.26,21.8
2247,20250904,2025-09-04,2025,9,September,Electric Motor v6,Powertrain,Wyatt Inc,85.8,Powertrain Assembly - Station 06,Powertrain Assembly,functional,major,rework,684.46,65.8
2248,20250904,2025-09-04,2025,9,September,Grille v2,Exterior,Arnold Ltd,99.0,Exterior Trim - Station 15,Exterior Trim,cosmetic,minor,rework,117.75,12.1
2249,20250904,2025-09-04,2025,9,September,Drive Shaft v4,Powertrain,"Rodriguez, Figueroa and Sanchez",88.0,Powertrain Assembly - Station 06,Powertrain Assembly,functional,minor,rework,540.3,16.6
2250,20250904,2025-09-04,2025,9,September,Battery Pack v2,Electrical,Wolfe LLC,91.2,Electrical Assembly - Station 13,Electrical Assembly,electrical,minor,rework,92.02,14.5
2251,20250904,2025-09-04,2025,9,September,,,,,Welding - Station 02,Welding,dimensional,minor,rework,3.86,10.2
2252,20250904,2025-09-04,2025,9,September,Headliner v2,Interior,Rhodes PLC,80.3,Interior Assembly - Station 11,Interior Assembly,assembly,minor,rework,144.31,18.4
2253,20250904,2025-09-04,2025,9,September,Headliner v2,Interior,Rhodes PLC,80.3,Interior Assembly - Station 12,Interior Assembly,assembly,minor,rework,141.14,10.1
2254,20250904,2025-09-04,2025,9,September,Rear Bumper v5,Exterior,Wolfe LLC,91.2,Exterior Trim - Station 15,Exterior Trim,cosmetic,minor,rework,121.29,23.7
2255,20250905,2025-09-05,2025,9,September,Headliner v2,Interior,Rhodes PLC,80.3,Interior Assembly - Station 10,Interior Assembly,assembly,minor,accepted_with_deviation,1.0,13.2
2256,20250905,2025-09-05,2025,9,September,Headliner v2,Interior,Rhodes PLC,80.3,Interior Assembly - Station 11,Interior Assembly,assembly,minor,accepted_with_deviation,2.0,26.4
2257,20250905,2025-09-05,2025,9,September,Backup Camera v6,Safety,Cole LLC,99.0,Safety Systems - Station 17,Safety Systems,functional,major,rework,118.96,50.2
2258,20250905,2025-09-05,2025,9,September,Grille v2,Exterior,Arnold Ltd,99.0,Exterior Trim - Station 16,Exterior Trim,cosmetic,minor,rework,118.56,14.2
2259,20250906,2025-09-06,2025,9,September,,,,,Quality Check - Station 20,Quality Check,dimensional,minor,rework,8.21,21.7
2260,20250906,2025-09-06,2025,9,September,,,,,Welding - Station 03,Welding,dimensional,minor,rework,10.09,26.7
2261,20250907,2025-09-07,2025,9,September,,,,,Welding - Station 01,Welding,dimensional,minor,rework,5.82,15.4
2262,20250908,2025-09-08,2025,9,September,,,,,Final Assembly - Station 18,Final Assembly,assembly,major,rework,15.06,39.8
2263,20250908,2025-09-08,2025,9,September,Headliner v2,Interior,Rhodes PLC,80.3,Interior Assembly - Station 10,Interior Assembly,assembly,minor,rework,142.96,14.9
2264,20250908,2025-09-08,2025,9,September,Brake Caliper v4,Chassis,Blair PLC,99.0,Chassis Assembly - Station 08,Chassis Assembly,assembly,minor,rework,159.19,12.8
2265,20250908,2025-09-08,2025,9,September,,,,,Painting - Station 05,Painting,cosmetic,minor,rework,5.52,14.6
2266,20250908,2025-09-08,2025,9,September,Grille v2,Exterior,Arnold Ltd,99.0,Exterior Trim - Station 16,Exterior Trim,cosmetic,critical,accepted_with_deviation,4.6,60.8
2267,20250908,2025-09-08,2025,9,September,,,,,Welding - Station 03,Welding,dimensional,minor,rework,5.82,15.4
2268,20250909,2025-09-09,2025,9,September,Shock Absorber v3,Chassis,Wyatt Inc,85.8,Chassis Assembly - Station 09,Chassis Assembly,assembly,minor,rework,155.21,10.3
2269,20250909,2025-09-09,2025,9,September,Battery Pack v2,Electrical,Wolfe LLC,91.2,Electrical Assembly - Station 13,Electrical Assembly,electrical,major,rework,104.9,48.5
2270,20250909,2025-09-09,2025,9,September,Brake Caliper v4,Chassis,Blair PLC,99.0,Chassis Assembly - Station 09,Chassis Assembly,assembly,minor,rework,164.27,26.2
2271,20250909,2025-09-09,2025,9,September,,,,,Painting - Station 05,Painting,cosmetic,minor,accepted_with_deviation,1.13,15.0
2272,20250909,2025-09-09,2025,9,September,Battery Pack v2,Electrical,Wolfe LLC,91.2,Electrical Assembly - Station 14,Electrical Assembly,electrical,major,scrap,366.96,55.0
2273,20250909,2025-09-09,2025,9,September,,,,,Painting - Station 04,Painting,cosmetic,minor,rework,3.86,10.2
2274,20250909,2025-09-09,2025,9,September,ABS Unit v4,Safety,"Rodriguez, Figueroa and Sanchez",88.0,Safety Systems - Station 17,Safety Systems,functional,minor,rework,82.48,22.2
2275,20250910,2025-09-10,2025,9,September,Headliner v2,Interior,Rhodes PLC,80.3,Interior Assembly - Station 11,Interior Assembly,assembly,major,rework,161.21,63.1
2276,20250910,2025-09-10,2025,9,September,Battery Pack v2,Electrical,Wolfe LLC,91.2,Electrical Assembly - Station 13,Electrical Assembly,electrical,major,rework,98.17,30.7
2277,20250910,2025-09-10,2025,9,September,Electric Motor v6,Powertrain,Wyatt Inc,85.8,Powertrain Assembly - Station 07,Powertrain Assembly,functional,major,rework,675.92,43.2
2278,20250910,2025-09-10,2025,9,September,Grille v2,Exterior,Arnold Ltd,99.0,Exterior Trim - Station 16,Exterior Trim,cosmetic,minor,rework,117.43,11.3
2279,20250910,2025-09-10,2025,9,September,Rear Bumper v5,Exterior,Wolfe LLC,91.2,Exterior Trim - Station 16,Exterior Trim,cosmetic,minor,rework,119.96,20.2
2280,20250910,2025-09-10,2025,9,September,Battery Pack v2,Electrical,Wolfe LLC,91.2,Electrical Assembly - Station 13,Electrical Assembly,electrical,minor,rework,95.48,23.6
2281,20250910,2025-09-10,2025,9,September,Headliner v2,Interior,Rhodes PLC,80.3,Interior Assembly - Station 10,Interior Assembly,assembly,minor,rework,146.89,25.2
2282,20250911,2025-09-11,2025,9,September,Rear Bumper v5,Exterior,Wolfe LLC,91.2,Exterior Trim - Station 15,Exterior Trim,cosmetic,minor,rework,122.19,26.1
2283,20250911,2025-09-11,2025,9,September,,,,,Painting - Station 04,Painting,cosmetic,minor,rework,6.13,16.2
2284,20250911,2025-09-11,2025,9,September,Brake Caliper v4,Chassis,Blair PLC,99.0,Chassis Assembly - Station 09,Chassis Assembly,assembly,minor,rework,159.73,14.2
2285,20250911,2025-09-11,2025,9,September,,,,,Welding - Station 03,Welding,dimensional,minor,rework,9.84,26.0
2286,20250911,2025-09-11,2025,9,September,Electric Motor v6,Powertrain,Wyatt Inc,85.8,Powertrain Assembly - Station 07,Powertrain Assembly,functional,minor,rework,666.37,18.0
2287,20250911,2025-09-11,2025,9,September,Shock Absorber v3,Chassis,Wyatt Inc,85.8,Chassis Assembly - Station 08,Chassis Assembly,assembly,minor,rework,158.14,18.0
2288,20250911,2025-09-11,2025,9,September,,,,,Welding - Station 02,Welding,dimensional,minor,rework,7.08,18.7
2289,20250912,2025-09-12,2025,9,September,Rear Bumper v5,Exterior,Wolfe LLC,91.2,Exterior Trim - Station 15,Exterior Trim,cosmetic,minor,rework,123.17,28.7
2290,20250912,2025-09-12,2025,9,September,,,,,Painting - Station 05,Painting,cosmetic,minor,accepted_with_deviation,2.14,28.3
2291,20250912,2025-09-12,2025,9,September,Electric Motor v6,Powertrain,Wyatt Inc,85.8,Powertrain Assembly - Station 07,Powertrain Assembly,functional,major,scrap,2653.36,39.8
2292,20250912,2025-09-12,2025,9,September,Shock Absorber v3,Chassis,Wyatt Inc,85.8,Chassis Assembly - Station 08,Chassis Assembly,assembly,major,rework,173.4,58.3
2293,20250912,2025-09-12,2025,9,September,,,,,Final Assembly - Station 18,Final Assembly,assembly,major,accepted_with_deviation,4.43,58.6
2294,20250913,2025-09-13,2025,9,September,,,,,Welding - Station 03,Welding,dimensional,minor,rework,7.67,20.3
2295,20250914,2025-09-14,2025,9,September,Grille v2,Exterior,Arnold Ltd,99.0,Exterior Trim - Station 16,Exterior Trim,cosmetic,minor,rework,119.9,17.8
2296,20250914,2025-09-14,2025,9,September,Door Trim v7,Interior,"Johnson, Gonzalez and Santos",85.8,Interior Assembly - Station 12,Interior Assembly,assembly,major,rework,81.54,39.6
2297,20250915,2025-09-15,2025,9,September,Shock Absorber v3,Chassis,Wyatt Inc,85.8,Chassis Assembly - Station 08,Chassis Assembly,assembly,minor,rework,157.48,16.3
2298,20250915,2025-09-15,2025,9,September,Electric Motor v6,Powertrain,Wyatt Inc,85.8,Powertrain Assembly - Station 06,Powertrain Assembly,functional,critical,rework,701.1,109.7
2299,20250915,2025-09-15,2025,9,September,,,,,Welding - Station 03,Welding,dimensional,minor,accepted_with_deviation,1.33,17.6
2300,20250915,2025-09-15,2025,9,September,,,,,Welding - Station 02,Welding,dimensional,minor,rework,7.22,19.1
2301,20250915,2025-09-15,2025,9,September,Backup Camera v6,Safety,Cole LLC,99.0,Safety Systems - Station 17,Safety Systems,functional,minor,rework,110.72,28.4
2302,20250915,2025-09-15,2025,9,September,Shock Absorber v3,Chassis,Wyatt Inc,85.8,Chassis Assembly - Station 09,Chassis Assembly,assembly,minor,rework,161.41,26.7
2303,20250915,2025-09-15,2025,9,September,Rear Bumper v5,Exterior,Wolfe LLC,91.2,Exterior Trim - Station 15,Exterior Trim,cosmetic,minor,rework,123.56,29.7
2304,20250915,2025-09-15,2025,9,September,,,,,Welding - Station 02,Welding,dimensional,minor,rework,6.63,17.5
2305,20250915,2025-09-15,2025,9,September,Grille v2,Exterior,Arnold Ltd,99.0,Exterior Trim - Station 15,Exterior Trim,cosmetic,major,rework,132.2,50.3
2306,20250916,2025-09-16,2025,9,September,Rear Bumper v5,Exterior,Wolfe LLC,91.2,Exterior Trim - Station 16,Exterior Trim,cosmetic,minor,accepted_with_deviation,1.56,20.6
2307,20250916,2025-09-16,2025,9,September,Grille v2,Exterior,Arnold Ltd,99.0,Exterior Trim - Station 16,Exterior Trim,cosmetic,minor,rework,117.13,10.5
2308,20250916,2025-09-16,2025,9,September,,,,,Painting - Station 05,Painting,cosmetic,critical,rework,53.11,140.4
2309,20250916,2025-09-16,2025,9,September,Rear Bumper v5,Exterior,Wolfe LLC,91.2,Exterior Trim - Station 16,Exterior Trim,cosmetic,minor,accepted_with_deviation,2.05,27.0
2310,20250916,2025-09-16,2025,9,September,Backup Camera v6,Safety,Cole LLC,99.0,Safety Systems - Station 17,Safety Systems,functional,critical,rework,132.42,85.8
2311,20250917,2025-09-17,2025,9,September,Electric Motor v6,Powertrain,Wyatt Inc,85.8,Powertrain Assembly - Station 07,Powertrain Assembly,functional,minor,rework,667.37,20.6
2312,20250917,2025-09-17,2025,9,September,Electric Motor v6,Powertrain,Wyatt Inc,85.8,Powertrain Assembly - Station 06,Powertrain Assembly,functional,minor,rework,668.66,24.0
2313,20250917,2025-09-17,2025,9,September,Rear Bumper v5,Exterior,Wolfe LLC,91.2,Exterior Trim - Station 15,Exterior Trim,cosmetic,minor,rework,120.21,20.9
2314,20250917,2025-09-17,2025,9,September,,,,,Welding - Station 03,Welding,dimensional,critical,rework,41.58,109.9
2315,20250917,2025-09-17,2025,9,September,Rear Bumper v5,Exterior,Wolfe LLC,91.2,Exterior Trim - Station 15,Exterior Trim,cosmetic,minor,rework,121.87,25.2
2316,20250917,2025-09-17,2025,9,September,Rear Bumper v5,Exterior,Wolfe LLC,91.2,Exterior Trim - Station 16,Exterior Trim,cosmetic,major,rework,127.8,40.9
2317,20250917,2025-09-17,2025,9,September,Headliner v2,Interior,Rhodes PLC,80.3,Interior Assembly - Station 12,Interior Assembly,assembly,minor,rework,141.2,10.2
2318,20250917,2025-09-17,2025,9,September,,,,,Welding - Station 02,Welding,dimensional,major,rework,15.92,42.1
2319,20250917,2025-09-17,2025,9,September,Electric Motor v6,Powertrain,Wyatt Inc,85.8,Powertrain Assembly - Station 06,Powertrain Assembly,functional,major,accepted_with_deviation,4.6,60.8
2320,20250918,2025-09-18,2025,9,September,Grille v2,Exterior,Arnold Ltd,99.0,Exterior Trim - Station 16,Exterior Trim,cosmetic,minor,rework,120.61,19.7
2321,20250918,2025-09-18,2025,9,September,Electric Motor v6,Powertrain,Wyatt Inc,85.8,Powertrain Assembly - Station 07,Powertrain Assembly,functional,minor,rework,669.56,26.4
2322,20250918,2025-09-18,2025,9,September,Brake Caliper v4,Chassis,Blair PLC,99.0,Chassis Assembly - Station 08,Chassis Assembly,assembly,minor,rework,160.63,16.6
2323,20250919,2025-09-19,2025,9,September,Grille v2,Exterior,Arnold Ltd,99.0,Exterior Trim - Station 15,Exterior Trim,cosmetic,minor,rework,120.37,19.0
2324,20250919,2025-09-19,2025,9,September,Grille v2,Exterior,Arnold Ltd,99.0,Exterior Trim - Station 15,Exterior Trim,cosmetic,critical,rework,166.89,142.0
2325,20250919,2025-09-19,2025,9,September,Electric Motor v6,Powertrain,Wyatt Inc,85.8,Powertrain Assembly - Station 07,Powertrain Assembly,functional,major,rework,687.83,74.7
2326,20250919,2025-09-19,2025,9,September,,,,,Welding - Station 03,Welding,dimensional,minor,rework,4.51,11.9
2327,20250919,2025-09-19,2025,9,September,Electric Motor v6,Powertrain,Wyatt Inc,85.8,Powertrain Assembly - Station 06,Powertrain Assembly,functional,major,rework,677.9,48.4
2328,20250919,2025-09-19,2025,9,September,,,,,Painting - Station 05,Painting,cosmetic,minor,rework,9.89,26.1
2329,20250919,2025-09-19,2025,9,September,Electric Motor v6,Powertrain,Wyatt Inc,85.8,Powertrain Assembly - Station 06,Powertrain Assembly,functional,minor,rework,669.0,24.9
2330,20250919,2025-09-19,2025,9,September,Shock Absorber v3,Chassis,Wyatt Inc,85.8,Chassis Assembly - Station 09,Chassis Assembly,assembly,minor,rework,160.3,23.7
2331,20250920,2025-09-20,2025,9,September,ABS Unit v4,Safety,"Rodriguez, Figueroa and Sanchez",88.0,Safety Systems - Station 17,Safety Systems,functional,minor,rework,83.75,25.6
2332,20250920,2025-09-20,2025,9,September,Grille v2,Exterior,Arnold Ltd,99.0,Exterior Trim - Station 16,Exterior Trim,cosmetic,major,rework,136.68,62.1
2333,20250921,2025-09-21,2025,9,September,Brake Caliper v4,Chassis,Blair PLC,99.0,Chassis Assembly - Station 08,Chassis Assembly,assembly,minor,rework,162.6,21.7
2334,20250921,2025-09-21,2025,9,September,Dashboard Panel v5,Interior,Davis-Abbott,83.4,Interior Assembly - Station 11,Interior Assembly,assembly,minor,rework,128.26,24.4
2335,20250921,2025-09-21,2025,9,September,Headliner v2,Interior,Rhodes PLC,80.3,Interior Assembly - Station 12,Interior Assembly,assembly,major,rework,160.09,60.2
2336,20250921,2025-09-21,2025,9,September,,,,,Welding - Station 02,Welding,dimensional,minor,rework,9.7,25.6
2337,20250921,2025-09-21,2025,9,September,,,,,Welding - Station 03,Welding,dimensional,minor,rework,8.15,21.5
2338,20250921,2025-09-21,2025,9,September,,,,,Painting - Station 04,Painting,cosmetic,minor,accepted_with_deviation,2.16,28.5
2339,20250921,2025-09-21,2025,9,September,Electric Motor v6,Powertrain,Wyatt Inc,85.8,Powertrain Assembly - Station 07,Powertrain Assembly,functional,major,rework,674.69,40.0
2340,20250921,2025-09-21,2025,9,September,Brake Caliper v4,Chassis,Blair PLC,99.0,Chassis Assembly - Station 08,Chassis Assembly,assembly,critical,scrap,657.72,106.4
2341,20250922,2025-09-22,2025,9,September,Battery Pack v2,Electrical,Wolfe LLC,91.2,Electrical Assembly - Station 14,Electrical Assembly,electrical,minor,rework,96.6,26.6
2342,20250922,2025-09-22,2025,9,September,ABS Unit v4,Safety,"Rodriguez, Figueroa and Sanchez",88.0,Safety Systems - Station 17,Safety Systems,functional,minor,rework,84.98,28.8
2343,20250922,2025-09-22,2025,9,September,Electric Motor v6,Powertrain,Wyatt Inc,85.8,Powertrain Assembly - Station 07,Powertrain Assembly,functional,major,rework,675.63,42.4
2344,20250922,2025-09-22,2025,9,September,,,,,Welding - Station 03,Welding,dimensional,minor,accepted_with_deviation,1.65,21.8
2345,20250922,2025-09-22,2025,9,September,Battery Pack v2,Electrical,Wolfe LLC,91.2,Electrical Assembly - Station 14,Electrical Assembly,electrical,minor,rework,95.86,24.6
2346,20250922,2025-09-22,2025,9,September,Grille v2,Exterior,Arnold Ltd,99.0,Exterior Trim - Station 16,Exterior Trim,cosmetic,minor,rework,117.31,10.9
2347,20250923,2025-09-23,2025,9,September,Brake Caliper v4,Chassis,Blair PLC,99.0,Chassis Assembly - Station 08,Chassis Assembly,assembly,major,rework,166.72,32.6
2348,20250923,2025-09-23,2025,9,September,Headliner v2,Interior,Rhodes PLC,80.3,Interior Assembly - Station 10,Interior Assembly,assembly,minor,rework,142.26,13.0
2349,20250923,2025-09-23,2025,9,September,Shock Absorber v3,Chassis,Wyatt Inc,85.8,Chassis Assembly - Station 09,Chassis Assembly,assembly,major,rework,172.69,56.5
2350,20250924,2025-09-24,2025,9,September,ECU Module v7,Electrical,"Rodriguez, Figueroa and Sanchez",88.0,Electrical Assembly - Station 13,Electrical Assembly,electrical,minor,rework,45.89,10.5
2351,20250924,2025-09-24,2025,9,September,Center Console,Interior,Rhodes PLC,80.3,Interior Assembly - Station 12,Interior Assembly,assembly,major,rework,183.01,43.8
2352,20250924,2025-09-24,2025,9,September,Brake Caliper v4,Chassis,Blair PLC,99.0,Chassis Assembly - Station 09,Chassis Assembly,assembly,major,rework,178.01,62.5
2353,20250924,2025-09-24,2025,9,September,,,,,Painting - Station 05,Painting,cosmetic,minor,accepted_with_deviation,1.57,20.8
2354,20250924,2025-09-24,2025,9,September,,,,,Painting - Station 05,Painting,cosmetic,minor,rework,10.92,28.8
2355,20250924,2025-09-24,2025,9,September,Grille v2,Exterior,Arnold Ltd,99.0,Exterior Trim - Station 16,Exterior Trim,cosmetic,minor,rework,120.24,18.7
2356,20250925,2025-09-25,2025,9,September,,,,,Welding - Station 02,Welding,dimensional,minor,rework,6.83,18.0
2357,20250925,2025-09-25,2025,9,September,,,,,Welding - Station 03,Welding,dimensional,minor,rework,6.25,16.5
2358,20250925,2025-09-25,2025,9,September,ABS Unit v4,Safety,"Rodriguez, Figueroa and Sanchez",88.0,Safety Systems - Station 17,Safety Systems,functional,major,rework,95.49,56.6
2359,20250925,2025-09-25,2025,9,September,Door Trim v7,Interior,"Johnson, Gonzalez and Santos",85.8,Interior Assembly - Station 12,Interior Assembly,assembly,major,rework,87.79,56.1
2360,20250925,2025-09-25,2025,9,September,Wiring Harness v6,Electrical,Bernard LLC,84.8,Electrical Assembly - Station 14,Electrical Assembly,electrical,minor,rework,81.67,13.5
2361,20250925,2025-09-25,2025,9,September,Battery Pack v2,Electrical,Wolfe LLC,91.2,Electrical Assembly - Station 14,Electrical Assembly,electrical,minor,rework,90.57,10.7
2362,20250925,2025-09-25,2025,9,September,,,,,Welding - Station 03,Welding,dimensional,minor,rework,6.08,16.1
2363,20250925,2025-09-25,2025,9,September,Center Console,Interior,Rhodes PLC,80.3,Interior Assembly - Station 10,Interior Assembly,assembly,major,rework,179.68,35.0
2364,20250925,2025-09-25,2025,9,September,Grille v2,Exterior,Arnold Ltd,99.0,Exterior Trim - Station 16,Exterior Trim,cosmetic,minor,rework,122.52,24.7
2365,20250925,2025-09-25,2025,9,September,Rear Bumper v5,Exterior,Wolfe LLC,91.2,Exterior Trim - Station 16,Exterior Trim,cosmetic,minor,rework,119.2,18.2
2366,20250926,2025-09-26,2025,9,September,Drive Shaft v4,Powertrain,"Rodriguez, Figueroa and Sanchez",88.0,Powertrain Assembly - Station 07,Powertrain Assembly,functional,critical,rework,579.09,119.1
2367,20250926,2025-09-26,2025,9,September,,,,,Painting - Station 04,Painting,cosmetic,minor,accepted_with_deviation,1.0,13.3
2368,20250926,2025-09-26,2025,9,September,Shock Absorber v3,Chassis,Wyatt Inc,85.8,Chassis Assembly - Station 09,Chassis Assembly,assembly,major,rework,175.17,63.0
2369,20250926,2025-09-26,2025,9,September,Brake Caliper v4,Chassis,Blair PLC,99.0,Chassis Assembly - Station 09,Chassis Assembly,assembly,minor,rework,159.51,13.6
2370,20250926,2025-09-26,2025,9,September,,,,,Painting - Station 05,Painting,cosmetic,minor,rework,4.94,13.1
2371,20250926,2025-09-26,2025,9,September,Battery Pack v2,Electrical,Wolfe LLC,91.2,Electrical Assembly - Station 13,Electrical Assembly,electrical,minor,accepted_with_deviation,1.96,25.8
2372,20250926,2025-09-26,2025,9,September,Grille v2,Exterior,Arnold Ltd,99.0,Exterior Trim - Station 16,Exterior Trim,cosmetic,minor,rework,118.51,14.1
2373,20250926,2025-09-26,2025,9,September,,,,,Welding - Station 02,Welding,dimensional,minor,accepted_with_deviation,1.57,20.8
2374,20250926,2025-09-26,2025,9,September,,,,,Final Assembly - Station 18,Final Assembly,assembly,minor,rework,10.32,27.3
2375,20250927,2025-09-27,2025,9,September,,,,,Welding - Station 01,Welding,dimensional,minor,rework,5.1,13.5
2376,20250927,2025-09-27,2025,9,September,Grille v2,Exterior,Arnold Ltd,99.0,Exterior Trim - Station 15,Exterior Trim,cosmetic,major,rework,133.7,54.3
2377,20250927,2025-09-27,2025,9,September,Headliner v2,Interior,Rhodes PLC,80.3,Interior Assembly - Station 11,Interior Assembly,assembly,minor,rework,147.42,26.6
2378,20250928,2025-09-28,2025,9,September,Grille v2,Exterior,Arnold Ltd,99.0,Exterior Trim - Station 15,Exterior Trim,cosmetic,critical,accepted_with_deviation,9.31,123.0
2379,20250929,2025-09-29,2025,9,September,Shock Absorber v3,Chassis,Wyatt Inc,85.8,Chassis Assembly - Station 09,Chassis Assembly,assembly,major,rework,171.61,53.6
2380,20250929,2025-09-29,2025,9,September,Door Trim v7,Interior,"Johnson, Gonzalez and Santos",85.8,Interior Assembly - Station 12,Interior Assembly,assembly,minor,rework,71.73,13.7
2381,20250929,2025-09-29,2025,9,September,Electric Motor v6,Powertrain,Wyatt Inc,85.8,Powertrain Assembly - Station 06,Powertrain Assembly,functional,minor,rework,670.16,28.0
2382,20250929,2025-09-29,2025,9,September,,,,,Painting - Station 05,Painting,cosmetic,major,rework,15.22,40.2
2383,20250929,2025-09-29,2025,9,September,Grille v2,Exterior,Arnold Ltd,99.0,Exterior Trim - Station 15,Exterior Trim,cosmetic,major,rework,140.78,73.0
2384,20250930,2025-09-30,2025,9,September,Headliner v2,Interior,Rhodes PLC,80.3,Interior Assembly - Station 12,Interior Assembly,assembly,minor,rework,148.16,28.6
2385,20250930,2025-09-30,2025,9,September,Electric Motor v6,Powertrain,Wyatt Inc,85.8,Powertrain Assembly - Station 07,Powertrain Assembly,functional,critical,rework,702.25,112.8
2386,20250930,2025-09-30,2025,9,September,Battery Pack v2,Electrical,Wolfe LLC,91.2,Electrical Assembly - Station 13,Electrical Assembly,electrical,minor,accepted_with_deviation,1.92,25.4
2387,20250930,2025-09-30,2025,9,September,,,,,Welding - Station 02,Welding,dimensional,minor,rework,11.19,29.6
2388,20250930,2025-09-30,2025,9,September,Electric Motor v6,Powertrain,Wyatt Inc,85.8,Powertrain Assembly - Station 06,Powertrain Assembly,functional,minor,rework,666.7,18.8
2389,20250930,2025-09-30,2025,9,September,Rear Bumper v5,Exterior,Wolfe LLC,91.2,Exterior Trim - Station 16,Exterior Trim,cosmetic,minor,accepted_with_deviation,1.8,23.7
2390,20250930,2025-09-30,2025,9,September,ABS Unit v4,Safety,"Rodriguez, Figueroa and Sanchez",88.0,Safety Systems - Station 17,Safety Systems,functional,major,rework,87.07,34.3
2391,20250930,2025-09-30,2025,9,September,,,,,Painting - Station 05,Painting,cosmetic,minor,rework,6.74,17.8
2392,20250930,2025-09-30,2025,9,September,Battery Pack v2,Electrical,Wolfe LLC,91.2,Electrical Assembly - Station 14,Electrical Assembly,electrical,minor,rework,96.82,27.2
2393,20250930,2025-09-30,2025,9,September,Wiring Harness v6,Electrical,Bernard LLC,84.8,Electrical Assembly - Station 13,Electrical Assembly,electrical,minor,rework,82.38,15.4
2394,20250930,2025-09-30,2025,9,September,Shock Absorber v3,Chassis,Wyatt Inc,85.8,Chassis Assembly - Station 08,Chassis Assembly,assembly,minor,rework,157.67,16.8
2395,20250930,2025-09-30,2025,9,September,Headliner v2,Interior,Rhodes PLC,80.3,Interior Assembly - Station 10,Interior Assembly,assembly,major,rework,149.68,32.6
2396,20250930,2025-09-30,2025,9,September,Battery Pack v2,Electrical,Wolfe LLC,91.2,Electrical Assembly - Station 13,Electrical Assembly,electrical,major,scrap,363.13,44.9
2397,20250930,2025-09-30,2025,9,September,Electric Motor v6,Powertrain,Wyatt Inc,85.8,Powertrain Assembly - Station 06,Powertrain Assembly,functional,critical,scrap,2677.46,103.5
2398,20251001,2025-10-01,2025,10,October,Headliner v2,Interior,Rhodes PLC,80.3,Interior Assembly - Station 12,Interior Assembly,assembly,minor,rework,142.6,13.9
2399,20251001,2025-10-01,2025,10,October,,,,,Welding - Station 03,Welding,dimensional,major,rework,14.09,37.2
2400,20251001,2025-10-01,2025,10,October,,,,,Painting - Station 04,Painting,cosmetic,minor,rework,7.81,20.6
2401,20251001,2025-10-01,2025,10,October,Crash Sensor v5,Safety,"Rodriguez, Figueroa and Sanchez",88.0,Safety Systems - Station 17,Safety Systems,functional,major,accepted_with_deviation,3.98,52.6
2402,20251001,2025-10-01,2025,10,October,ABS Unit v4,Safety,"Rodriguez, Figueroa and Sanchez",88.0,Safety Systems - Station 17,Safety Systems,functional,major,rework,92.11,47.7
2403,20251001,2025-10-01,2025,10,October,Electric Motor v6,Powertrain,Wyatt Inc,85.8,Powertrain Assembly - Station 06,Powertrain Assembly,functional,major,rework,685.38,68.2
2404,20251001,2025-10-01,2025,10,October,,,,,Welding - Station 02,Welding,dimensional,major,rework,13.11,34.7
2405,20251001,2025-10-01,2025,10,October,,,,,Final Assembly - Station 18,Final Assembly,assembly,minor,rework,7.79,20.6
2406,20251002,2025-10-02,2025,10,October,Electric Motor v6,Powertrain,Wyatt Inc,85.8,Powertrain Assembly - Station 07,Powertrain Assembly,functional,minor,rework,665.93,16.8
2407,20251002,2025-10-02,2025,10,October,Grille v2,Exterior,Arnold Ltd,99.0,Exterior Trim - Station 15,Exterior Trim,cosmetic,minor,accepted_with_deviation,1.79,23.6
2408,20251002,2025-10-02,2025,10,October,Rear Bumper v5,Exterior,Wolfe LLC,91.2,Exterior Trim - Station 16,Exterior Trim,cosmetic,major,rework,135.76,62.0
2409,20251002,2025-10-02,2025,10,October,Drive Shaft v4,Powertrain,"Rodriguez, Figueroa and Sanchez",88.0,Powertrain Assembly - Station 07,Powertrain Assembly,functional,major,rework,558.18,63.9
2410,20251002,2025-10-02,2025,10,October,Crash Sensor v5,Safety,"Rodriguez, Figueroa and Sanchez",88.0,Safety Systems - Station 17,Safety Systems,functional,minor,rework,92.29,18.3
2411,20251002,2025-10-02,2025,10,October,,,,,Final Assembly - Station 18,Final Assembly,assembly,major,rework,24.56,64.9
2412,20251002,2025-10-02,2025,10,October,,,,,Painting - Station 04,Painting,cosmetic,major,rework,22.19,58.6
2413,20251003,2025-10-03,2025,10,October,Headliner v2,Interior,Rhodes PLC,80.3,Interior Assembly - Station 10,Interior Assembly,assembly,minor,rework,142.15,12.7
2414,20251003,2025-10-03,2025,10,October,,,,,Final Assembly - Station 18,Final Assembly,assembly,major,rework,25.63,67.7
2415,20251003,2025-10-03,2025,10,October,Grille v2,Exterior,Arnold Ltd,99.0,Exterior Trim - Station 15,Exterior Trim,cosmetic,minor,rework,120.55,19.5
2416,20251003,2025-10-03,2025,10,October,,,,,Welding - Station 02,Welding,dimensional,minor,rework,9.8,25.9
2417,20251003,2025-10-03,2025,10,October,,,,,Welding - Station 03,Welding,dimensional,minor,rework,11.26,29.8
2418,20251003,2025-10-03,2025,10,October,Headliner v2,Interior,Rhodes PLC,80.3,Interior Assembly - Station 11,Interior Assembly,assembly,minor,rework,141.95,12.2
2419,20251003,2025-10-03,2025,10,October,Grille v2,Exterior,Arnold Ltd,99.0,Exterior Trim - Station 15,Exterior Trim,cosmetic,minor,rework,120.47,19.3
2420,20251004,2025-10-04,2025,10,October,Battery Pack v2,Electrical,Wolfe LLC,91.2,Electrical Assembly - Station 13,Electrical Assembly,electrical,major,rework,106.05,51.6
2421,20251004,2025-10-04,2025,10,October,Electric Motor v6,Powertrain,Wyatt Inc,85.8,Powertrain Assembly - Station 07,Powertrain Assembly,functional,minor,rework,663.92,11.5
2422,20251004,2025-10-04,2025,10,October,Electric Motor v6,Powertrain,Wyatt Inc,85.8,Powertrain Assembly - Station 06,Powertrain Assembly,functional,minor,rework,665.43,15.5
2423,20251005,2025-10-05,2025,10,October,Center Console,Interior,Rhodes PLC,80.3,Interior Assembly - Station 10,Interior Assembly,assembly,minor,rework,173.81,19.5
2424,20251005,2025-10-05,2025,10,October,,,,,Welding - Station 03,Welding,dimensional,minor,rework,10.77,28.5
2425,20251005,2025-10-05,2025,10,October,Battery Pack v2,Electrical,Wolfe LLC,91.2,Electrical Assembly - Station 14,Electrical Assembly,electrical,major,rework,105.75,50.8
2426,20251005,2025-10-05,2025,10,October,Headliner v2,Interior,Rhodes PLC,80.3,Interior Assembly - Station 12,Interior Assembly,assembly,minor,rework,147.38,26.6
2427,20251005,2025-10-05,2025,10,October,,,,,Painting - Station 04,Painting,cosmetic,minor,rework,10.78,28.5
2428,20251005,2025-10-05,2025,10,October,Electric Motor v6,Powertrain,Wyatt Inc,85.8,Powertrain Assembly - Station 06,Powertrain Assembly,functional,minor,rework,666.5,18.3
2429,20251006,2025-10-06,2025,10,October,Drive Shaft v4,Powertrain,"Rodriguez, Figueroa and Sanchez",88.0,Powertrain Assembly - Station 06,Powertrain Assembly,functional,minor,rework,544.34,27.3
2430,20251006,2025-10-06,2025,10,October,Battery Pack v2,Electrical,Wolfe LLC,91.2,Electrical Assembly - Station 13,Electrical Assembly,electrical,minor,rework,93.41,18.2
2431,20251006,2025-10-06,2025,10,October,Center Console,Interior,Rhodes PLC,80.3,Interior Assembly - Station 12,Interior Assembly,assembly,minor,rework,171.37,13.0
2432,20251006,2025-10-06,2025,10,October,Headliner v2,Interior,Rhodes PLC,80.3,Interior Assembly - Station 10,Interior Assembly,assembly,minor,rework,141.44,10.8
2433,20251007,2025-10-07,2025,10,October,Grille v2,Exterior,Arnold Ltd,99.0,Exterior Trim - Station 16,Exterior Trim,cosmetic,minor,rework,119.9,17.8
2434,20251007,2025-10-07,2025,10,October,,,,,Final Assembly - Station 18,Final Assembly,assembly,minor,rework,4.8,12.7
2435,20251007,2025-10-07,2025,10,October,,,,,Welding - Station 02,Welding,dimensional,major,rework,15.32,40.5
2436,20251007,2025-10-07,2025,10,October,Grille v2,Exterior,Arnold Ltd,99.0,Exterior Trim - Station 15,Exterior Trim,cosmetic,major,rework,139.07,68.5
2437,20251007,2025-10-07,2025,10,October,Rear Bumper v5,Exterior,Wolfe LLC,91.2,Exterior Trim - Station 15,Exterior Trim,cosmetic,minor,rework,120.93,22.8
2438,20251007,2025-10-07,2025,10,October,Rear Bumper v5,Exterior,Wolfe LLC,91.2,Exterior Trim - Station 15,Exterior Trim,cosmetic,minor,rework,123.46,29.5
2439,20251008,2025-10-08,2025,10,October,,,,,Welding - Station 02,Welding,dimensional,major,rework,24.12,63.8
2440,20251008,2025-10-08,2025,10,October,Drive Shaft v4,Powertrain,"Rodriguez, Figueroa and Sanchez",88.0,Powertrain Assembly - Station 06,Powertrain Assembly,functional,minor,rework,541.68,20.2
2441,20251008,2025-10-08,2025,10,October,Battery Pack v2,Electrical,Wolfe LLC,91.2,Electrical Assembly - Station 14,Electrical Assembly,electrical,critical,rework,131.43,118.6
2442,20251008,2025-10-08,2025,10,October,ABS Unit v4,Safety,"Rodriguez, Figueroa and Sanchez",88.0,Safety Systems - Station 17,Safety Systems,functional,major,rework,92.84,49.6
2443,20251008,2025-10-08,2025,10,October,,,,,Welding - Station 01,Welding,dimensional,critical,rework,55.09,145.6
2444,20251008,2025-10-08,2025,10,October,Dashboard Panel v5,Interior,Davis-Abbott,83.4,Interior Assembly - Station 12,Interior Assembly,assembly,minor,rework,129.5,27.6
2445,20251009,2025-10-09,2025,10,October,Electric Motor v6,Powertrain,Wyatt Inc,85.8,Powertrain Assembly - Station 06,Powertrain Assembly,functional,major,rework,684.06,64.7
2446,20251009,2025-10-09,2025,10,October,,,,,Welding - Station 02,Welding,dimensional,major,rework,17.59,46.5
2447,20251009,2025-10-09,2025,10,October,Grille v2,Exterior,Arnold Ltd,99.0,Exterior Trim - Station 15,Exterior Trim,cosmetic,minor,rework,120.45,19.3
2448,20251009,2025-10-09,2025,10,October,,,,,Welding - Station 03,Welding,dimensional,minor,rework,8.07,21.3
2449,20251009,2025-10-09,2025,10,October,Headliner v2,Interior,Rhodes PLC,80.3,Interior Assembly - Station 10,Interior Assembly,assembly,minor,rework,147.13,25.9
2450,20251009,2025-10-09,2025,10,October,Center Console,Interior,Rhodes PLC,80.3,Interior Assembly - Station 11,Interior Assembly,assembly,minor,rework,170.95,11.9
2451,20251009,2025-10-09,2025,10,October,Battery Pack v2,Electrical,Wolfe LLC,91.2,Electrical Assembly - Station 14,Electrical Assembly,electrical,critical,scrap,374.52,74.9
2452,20251009,2025-10-09,2025,10,October,Battery Pack v2,Electrical,Wolfe LLC,91.2,Electrical Assembly - Station 14,Electrical Assembly,electrical,major,rework,113.94,72.4
2453,20251010,2025-10-10,2025,10,October,Headliner v2,Interior,Rhodes PLC,80.3,Interior Assembly - Station 10,Interior Assembly,assembly,minor,rework,144.18,18.1
2454,20251010,2025-10-10,2025,10,October,Grille v2,Exterior,Arnold Ltd,99.0,Exterior Trim - Station 15,Exterior Trim,cosmetic,critical,rework,146.42,87.9
2455,20251010,2025-10-10,2025,10,October,Electric Motor v6,Powertrain,Wyatt Inc,85.8,Powertrain Assembly - Station 06,Powertrain Assembly,functional,minor,rework,664.8,13.8
2456,20251010,2025-10-10,2025,10,October,,,,,Final Assembly - Station 18,Final Assembly,assembly,minor,rework,9.57,25.3
2457,20251010,2025-10-10,2025,10,October,Electric Motor v6,Powertrain,Wyatt Inc,85.8,Powertrain Assembly - Station 06,Powertrain Assembly,functional,minor,accepted_with_deviation,1.08,14.2
2458,20251010,2025-10-10,2025,10,October,Electric Motor v6,Powertrain,Wyatt Inc,85.8,Powertrain Assembly - Station 06,Powertrain Assembly,functional,critical,rework,698.01,101.6
2459,20251010,2025-10-10,2025,10,October,Dashboard Panel v5,Interior,Davis-Abbott,83.4,Interior Assembly - Station 11,Interior Assembly,assembly,minor,rework,125.77,17.8
2460,20251010,2025-10-10,2025,10,October,Grille v2,Exterior,Arnold Ltd,99.0,Exterior Trim - Station 15,Exterior Trim,cosmetic,minor,rework,121.96,23.2
2461,20251011,2025-10-11,2025,10,October,,,,,Welding - Station 01,Welding,dimensional,minor,accepted_with_deviation,1.45,19.2
2462,20251011,2025-10-11,2025,10,October,,,,,Welding - Station 02,Welding,dimensional,minor,rework,7.94,21.0
2463,20251011,2025-10-11,2025,10,October,Battery Pack v2,Electrical,Wolfe LLC,91.2,Electrical Assembly - Station 14,Electrical Assembly,electrical,major,rework,105.51,50.1
2464,20251012,2025-10-12,2025,10,October,,,,,Painting - Station 04,Painting,cosmetic,minor,rework,7.38,19.5
2465,20251012,2025-10-12,2025,10,October,Crash Sensor v5,Safety,"Rodriguez, Figueroa and Sanchez",88.0,Safety Systems - Station 17,Safety Systems,functional,major,rework,96.79,30.2
2466,20251012,2025-10-12,2025,10,October,Electric Motor v6,Powertrain,Wyatt Inc,85.8,Powertrain Assembly - Station 07,Powertrain Assembly,functional,major,rework,678.82,50.9
2467,20251013,2025-10-13,2025,10,October,Grille v2,Exterior,Arnold Ltd,99.0,Exterior Trim - Station 15,Exterior Trim,cosmetic,minor,rework,121.85,22.9
2468,20251013,2025-10-13,2025,10,October,Brake Caliper v4,Chassis,Blair PLC,99.0,Chassis Assembly - Station 09,Chassis Assembly,assembly,critical,rework,181.51,71.7
2469,20251013,2025-10-13,2025,10,October,Headliner v2,Interior,Rhodes PLC,80.3,Interior Assembly - Station 10,Interior Assembly,assembly,minor,rework,143.54,16.4
2470,20251013,2025-10-13,2025,10,October,,,,,Welding - Station 03,Welding,dimensional,minor,rework,4.78,12.6
2471,20251013,2025-10-13,2025,10,October,Backup Camera v6,Safety,Cole LLC,99.0,Safety Systems - Station 17,Safety Systems,functional,major,rework,115.62,41.4
2472,20251013,2025-10-13,2025,10,October,Headliner v2,Interior,Rhodes PLC,80.3,Interior Assembly - Station 10,Interior Assembly,assembly,minor,rework,144.33,18.5
2473,20251013,2025-10-13,2025,10,October,Rear Bumper v5,Exterior,Wolfe LLC,91.2,Exterior Trim - Station 15,Exterior Trim,cosmetic,minor,rework,120.16,20.7
2474,20251013,2025-10-13,2025,10,October,Rear Bumper v5,Exterior,Wolfe LLC,91.2,Exterior Trim - Station 16,Exterior Trim,cosmetic,critical,scrap,479.04,78.7
2475,20251013,2025-10-13,2025,10,October,,,,,Welding - Station 01,Welding,dimensional,minor,rework,9.08,24.0
2476,20251014,2025-10-14,2025,10,October,,,,,Painting - Station 05,Painting,cosmetic,minor,rework,7.29,19.3
2477,20251014,2025-10-14,2025,10,October,,,,,Final Assembly - Station 18,Final Assembly,assembly,minor,rework,6.44,17.0
2478,20251014,2025-10-14,2025,10,October,,,,,Painting - Station 04,Painting,cosmetic,minor,accepted_with_deviation,1.32,17.4
2479,20251014,2025-10-14,2025,10,October,Center Console,Interior,Rhodes PLC,80.3,Interior Assembly - Station 12,Interior Assembly,assembly,major,rework,190.49,63.6
2480,20251014,2025-10-14,2025,10,October,Grille v2,Exterior,Arnold Ltd,99.0,Exterior Trim - Station 16,Exterior Trim,cosmetic,minor,rework,123.78,28.1
2481,20251014,2025-10-14,2025,10,October,,,,,Welding - Station 01,Welding,dimensional,minor,accepted_with_deviation,0.99,13.1
2482,20251014,2025-10-14,2025,10,October,,,,,Painting - Station 05,Painting,cosmetic,minor,rework,5.6,14.8
2483,20251014,2025-10-14,2025,10,October,Headliner v2,Interior,Rhodes PLC,80.3,Interior Assembly - Station 11,Interior Assembly,assembly,major,rework,160.73,61.8
2484,20251014,2025-10-14,2025,10,October,Electric Motor v6,Powertrain,Wyatt Inc,85.8,Powertrain Assembly - Station 07,Powertrain Assembly,functional,major,rework,672.21,33.4
2485,20251014,2025-10-14,2025,10,October,Headliner v2,Interior,Rhodes PLC,80.3,Interior Assembly - Station 12,Interior Assembly,assembly,minor,rework,144.55,19.1
2486,20251015,2025-10-15,2025,10,October,Battery Pack v2,Electrical,Wolfe LLC,91.2,Electrical Assembly - Station 14,Electrical Assembly,electrical,major,scrap,360.69,38.4
2487,20251015,2025-10-15,2025,10,October,,,,,Painting - Station 05,Painting,cosmetic,minor,rework,4.9,13.0
2488,20251015,2025-10-15,2025,10,October,,,,,Painting - Station 05,Painting,cosmetic,minor,rework,7.09,18.7
2489,20251015,2025-10-15,2025,10,October,,,,,Painting - Station 05,Painting,cosmetic,major,rework,13.09,34.6
2490,20251015,2025-10-15,2025,10,October,Grille v2,Exterior,Arnold Ltd,99.0,Exterior Trim - Station 16,Exterior Trim,cosmetic,major,scrap,469.11,43.4
2491,20251015,2025-10-15,2025,10,October,Shock Absorber v3,Chassis,Wyatt Inc,85.8,Chassis Assembly - Station 09,Chassis Assembly,assembly,minor,accepted_with_deviation,0.8,10.6
2492,20251015,2025-10-15,2025,10,October,Grille v2,Exterior,Arnold Ltd,99.0,Exterior Trim - Station 16,Exterior Trim,cosmetic,major,rework,130.17,44.9
2493,20251016,2025-10-16,2025,10,October,Shock Absorber v3,Chassis,Wyatt Inc,85.8,Chassis Assembly - Station 09,Chassis Assembly,assembly,minor,rework,158.73,19.6
2494,20251016,2025-10-16,2025,10,October,,,,,Painting - Station 04,Painting,cosmetic,minor,accepted_with_deviation,1.82,24.0
2495,20251016,2025-10-16,2025,10,October,,,,,Final Assembly - Station 18,Final Assembly,assembly,minor,rework,8.86,23.4
2496,20251016,2025-10-16,2025,10,October,Electric Motor v6,Powertrain,Wyatt Inc,85.8,Powertrain Assembly - Station 06,Powertrain Assembly,functional,critical,rework,686.12,70.2
2497,20251016,2025-10-16,2025,10,October,Electric Motor v6,Powertrain,Wyatt Inc,85.8,Powertrain Assembly - Station 07,Powertrain Assembly,functional,major,rework,676.37,44.4
2498,20251016,2025-10-16,2025,10,October,Brake Caliper v4,Chassis,Blair PLC,99.0,Chassis Assembly - Station 08,Chassis Assembly,assembly,major,scrap,634.47,44.9
2499,20251016,2025-10-16,2025,10,October,Shock Absorber v3,Chassis,Wyatt Inc,85.8,Chassis Assembly - Station 09,Chassis Assembly,assembly,minor,rework,156.05,12.5
2500,20251016,2025-10-16,2025,10,October,Headliner v2,Interior,Rhodes PLC,80.3,Interior Assembly - Station 11,Interior Assembly,assembly,minor,rework,145.16,20.7
2501,20251016,2025-10-16,2025,10,October,Brake Caliper v4,Chassis,Blair PLC,99.0,Chassis Assembly - Station 08,Chassis Assembly,assembly,major,rework,177.92,62.2
2502,20251016,2025-10-16,2025,10,October,Battery Pack v2,Electrical,Wolfe LLC,91.2,Electrical Assembly - Station 14,Electrical Assembly,electrical,minor,rework,91.45,13.0
2503,20251017,2025-10-17,2025,10,October,Electric Motor v6,Powertrain,Wyatt Inc,85.8,Powertrain Assembly - Station 06,Powertrain Assembly,functional,major,rework,686.15,70.2
2504,20251017,2025-10-17,2025,10,October,Grille v2,Exterior,Arnold Ltd,99.0,Exterior Trim - Station 15,Exterior Trim,cosmetic,minor,rework,120.19,18.5
2505,20251017,2025-10-17,2025,10,October,Headliner v2,Interior,Rhodes PLC,80.3,Interior Assembly - Station 12,Interior Assembly,assembly,minor,rework,144.86,19.9
2506,20251017,2025-10-17,2025,10,October,Electric Motor v6,Powertrain,Wyatt Inc,85.8,Powertrain Assembly - Station 06,Powertrain Assembly,functional,critical,rework,710.45,134.4
2507,20251017,2025-10-17,2025,10,October,Rear Bumper v5,Exterior,Wolfe LLC,91.2,Exterior Trim - Station 16,Exterior Trim,cosmetic,minor,accepted_with_deviation,2.02,26.7
2508,20251017,2025-10-17,2025,10,October,Center Console,Interior,Rhodes PLC,80.3,Interior Assembly - Station 10,Interior Assembly,assembly,minor,rework,173.48,18.6
2509,20251017,2025-10-17,2025,10,October,Dashboard Panel v5,Interior,Davis-Abbott,83.4,Interior Assembly - Station 10,Interior Assembly,assembly,major,rework,133.42,38.0
2510,20251018,2025-10-18,2025,10,October,,,,,Painting - Station 05,Painting,cosmetic,major,rework,17.59,46.5
2511,20251019,2025-10-19,2025,10,October,,,,,Painting - Station 04,Painting,cosmetic,minor,rework,11.29,29.8
2512,20251020,2025-10-20,2025,10,October,Headliner v2,Interior,Rhodes PLC,80.3,Interior Assembly - Station 10,Interior Assembly,assembly,minor,rework,144.42,18.7
2513,20251020,2025-10-20,2025,10,October,Battery Pack v2,Electrical,Wolfe LLC,91.2,Electrical Assembly - Station 14,Electrical Assembly,electrical,minor,rework,94.79,21.8
2514,20251020,2025-10-20,2025,10,October,Electric Motor v6,Powertrain,Wyatt Inc,85.8,Powertrain Assembly - Station 07,Powertrain Assembly,functional,minor,rework,667.76,21.6
2515,20251020,2025-10-20,2025,10,October,,,,,Final Assembly - Station 18,Final Assembly,assembly,minor,rework,5.27,13.9
2516,20251020,2025-10-20,2025,10,October,Grille v2,Exterior,Arnold Ltd,99.0,Exterior Trim - Station 15,Exterior Trim,cosmetic,major,rework,133.66,54.1
2517,20251020,2025-10-20,2025,10,October,Headliner v2,Interior,Rhodes PLC,80.3,Interior Assembly - Station 11,Interior Assembly,assembly,minor,rework,146.33,23.8
2518,20251020,2025-10-20,2025,10,October,Electric Motor v6,Powertrain,Wyatt Inc,85.8,Powertrain Assembly - Station 06,Powertrain Assembly,functional,major,rework,677.94,48.5
2519,20251020,2025-10-20,2025,10,October,,,,,Final Assembly - Station 18,Final Assembly,assembly,major,rework,16.37,43.3
2520,20251020,2025-10-20,2025,10,October,Shock Absorber v3,Chassis,Wyatt Inc,85.8,Chassis Assembly - Station 08,Chassis Assembly,assembly,minor,rework,162.42,29.3
2521,20251020,2025-10-20,2025,10,October,,,,,Welding - Station 01,Welding,dimensional,major,rework,18.19,48.1
2522,20251020,2025-10-20,2025,10,October,Grille v2,Exterior,Arnold Ltd,99.0,Exterior Trim - Station 15,Exterior Trim,cosmetic,major,rework,134.41,56.2
2523,20251021,2025-10-21,2025,10,October,Headliner v2,Interior,Rhodes PLC,80.3,Interior Assembly - Station 10,Interior Assembly,assembly,minor,rework,143.71,16.9
2524,20251021,2025-10-21,2025,10,October,ECU Module v7,Electrical,"Rodriguez, Figueroa and Sanchez",88.0,Electrical Assembly - Station 13,Electrical Assembly,electrical,major,rework,61.19,51.0
2525,20251021,2025-10-21,2025,10,October,,,,,Welding - Station 03,Welding,dimensional,minor,rework,11.12,29.4
2526,20251021,2025-10-21,2025,10,October,Headliner v2,Interior,Rhodes PLC,80.3,Interior Assembly - Station 10,Interior Assembly,assembly,minor,rework,143.21,15.5
2527,20251021,2025-10-21,2025,10,October,Door Trim v7,Interior,"Johnson, Gonzalez and Santos",85.8,Interior Assembly - Station 11,Interior Assembly,assembly,major,rework,88.41,57.8
2528,20251021,2025-10-21,2025,10,October,Electric Motor v6,Powertrain,Wyatt Inc,85.8,Powertrain Assembly - Station 06,Powertrain Assembly,functional,minor,rework,670.4,28.6
2529,20251021,2025-10-21,2025,10,October,,,,,Painting - Station 05,Painting,cosmetic,minor,rework,9.86,26.0
2530,20251021,2025-10-21,2025,10,October,Headliner v2,Interior,Rhodes PLC,80.3,Interior Assembly - Station 10,Interior Assembly,assembly,major,rework,165.09,73.3
2531,20251021,2025-10-21,2025,10,October,Shock Absorber v3,Chassis,Wyatt Inc,85.8,Chassis Assembly - Station 09,Chassis Assembly,assembly,major,rework,175.08,62.8
2532,20251021,2025-10-21,2025,10,October,Electric Motor v6,Powertrain,Wyatt Inc,85.8,Powertrain Assembly - Station 06,Powertrain Assembly,functional,major,rework,680.49,55.3
2533,20251021,2025-10-21,2025,10,October,Brake Caliper v4,Chassis,Blair PLC,99.0,Chassis Assembly - Station 08,Chassis Assembly,assembly,minor,rework,161.87,19.8
2534,20251022,2025-10-22,2025,10,October,Headliner v2,Interior,Rhodes PLC,80.3,Interior Assembly - Station 12,Interior Assembly,assembly,minor,rework,146.96,25.4
2535,20251022,2025-10-22,2025,10,October,Battery Pack v2,Electrical,Wolfe LLC,91.2,Electrical Assembly - Station 14,Electrical Assembly,electrical,major,rework,100.92,38.0
2536,20251022,2025-10-22,2025,10,October,Wiring Harness v6,Electrical,Bernard LLC,84.8,Electrical Assembly - Station 13,Electrical Assembly,electrical,major,rework,90.85,37.8
2537,20251022,2025-10-22,2025,10,October,Rear Bumper v5,Exterior,Wolfe LLC,91.2,Exterior Trim - Station 16,Exterior Trim,cosmetic,major,rework,132.42,53.1
2538,20251022,2025-10-22,2025,10,October,Electric Motor v6,Powertrain,Wyatt Inc,85.8,Powertrain Assembly - Station 06,Powertrain Assembly,functional,major,rework,676.1,43.7
2539,20251022,2025-10-22,2025,10,October,,,,,Welding - Station 02,Welding,dimensional,minor,rework,7.24,19.1
2540,20251022,2025-10-22,2025,10,October,Battery Pack v2,Electrical,Wolfe LLC,91.2,Electrical Assembly - Station 14,Electrical Assembly,electrical,major,rework,113.38,70.9
2541,20251022,2025-10-22,2025,10,October,,,,,Painting - Station 04,Painting,cosmetic,minor,rework,5.8,15.3
2542,20251022,2025-10-22,2025,10,October,,,,,Painting - Station 04,Painting,cosmetic,minor,rework,10.78,28.5
2543,20251022,2025-10-22,2025,10,October,Shock Absorber v3,Chassis,Wyatt Inc,85.8,Chassis Assembly - Station 09,Chassis Assembly,assembly,major,rework,167.32,42.3
2544,20251023,2025-10-23,2025,10,October,ECU Module v7,Electrical,"Rodriguez, Figueroa and Sanchez",88.0,Electrical Assembly - Station 13,Electrical Assembly,electrical,major,rework,57.9,42.3
2545,20251023,2025-10-23,2025,10,October,Headliner v2,Interior,Rhodes PLC,80.3,Interior Assembly - Station 11,Interior Assembly,assembly,minor,rework,145.66,22.0
2546,20251023,2025-10-23,2025,10,October,Electric Motor v6,Powertrain,Wyatt Inc,85.8,Powertrain Assembly - Station 06,Powertrain Assembly,functional,major,rework,686.15,70.2
2547,20251023,2025-10-23,2025,10,October,Electric Motor v6,Powertrain,Wyatt Inc,85.8,Powertrain Assembly - Station 07,Powertrain Assembly,functional,minor,rework,663.97,11.6
2548,20251023,2025-10-23,2025,10,October,ABS Unit v4,Safety,"Rodriguez, Figueroa and Sanchez",88.0,Safety Systems - Station 17,Safety Systems,functional,major,rework,86.33,32.4
2549,20251023,2025-10-23,2025,10,October,Electric Motor v6,Powertrain,Wyatt Inc,85.8,Powertrain Assembly - Station 06,Powertrain Assembly,functional,major,rework,672.04,33.0
2550,20251023,2025-10-23,2025,10,October,Wiring Harness v6,Electrical,Bernard LLC,84.8,Electrical Assembly - Station 14,Electrical Assembly,electrical,major,rework,104.64,74.2
2551,20251023,2025-10-23,2025,10,October,Dashboard Panel v5,Interior,Davis-Abbott,83.4,Interior Assembly - Station 11,Interior Assembly,assembly,critical,rework,167.41,127.8
2552,20251024,2025-10-24,2025,10,October,Drive Shaft v4,Powertrain,"Rodriguez, Figueroa and Sanchez",88.0,Powertrain Assembly - Station 07,Powertrain Assembly,functional,major,accepted_with_deviation,4.44,58.7
2553,20251024,2025-10-24,2025,10,October,Headliner v2,Interior,Rhodes PLC,80.3,Interior Assembly - Station 12,Interior Assembly,assembly,critical,scrap,600.25,134.5
2554,20251025,2025-10-25,2025,10,October,,,,,Welding - Station 03,Welding,dimensional,minor,rework,5.77,15.3
2555,20251025,2025-10-25,2025,10,October,,,,,Welding - Station 01,Welding,dimensional,minor,rework,8.86,23.4
2556,20251025,2025-10-25,2025,10,October,Door Trim v7,Interior,"Johnson, Gonzalez and Santos",85.8,Interior Assembly - Station 10,Interior Assembly,assembly,minor,rework,73.51,18.4
2557,20251026,2025-10-26,2025,10,October,Rear Bumper v5,Exterior,Wolfe LLC,91.2,Exterior Trim - Station 15,Exterior Trim,cosmetic,minor,rework,117.81,14.5
2558,20251026,2025-10-26,2025,10,October,Crash Sensor v5,Safety,"Rodriguez, Figueroa and Sanchez",88.0,Safety Systems - Station 17,Safety Systems,functional,minor,rework,95.97,28.0
2559,20251026,2025-10-26,2025,10,October,,,,,Welding - Station 03,Welding,dimensional,minor,rework,4.83,12.8
2560,20251026,2025-10-26,2025,10,October,,,,,Painting - Station 04,Painting,cosmetic,critical,rework,53.5,141.4
2561,20251027,2025-10-27,2025,10,October,Electric Motor v6,Powertrain,Wyatt Inc,85.8,Powertrain Assembly - Station 07,Powertrain Assembly,functional,minor,rework,664.26,12.4
2562,20251027,2025-10-27,2025,10,October,Battery Pack v2,Electrical,Wolfe LLC,91.2,Electrical Assembly - Station 14,Electrical Assembly,electrical,minor,rework,97.23,28.2
2563,20251027,2025-10-27,2025,10,October,,,,,Final Assembly - Station 18,Final Assembly,assembly,major,rework,26.15,69.1
2564,20251027,2025-10-27,2025,10,October,Grille v2,Exterior,Arnold Ltd,99.0,Exterior Trim - Station 15,Exterior Trim,cosmetic,minor,rework,117.2,10.7
2565,20251027,2025-10-27,2025,10,October,Headliner v2,Interior,Rhodes PLC,80.3,Interior Assembly - Station 11,Interior Assembly,assembly,major,rework,161.16,63.0
2566,20251027,2025-10-27,2025,10,October,Headliner v2,Interior,Rhodes PLC,80.3,Interior Assembly - Station 12,Interior Assembly,assembly,minor,rework,147.77,27.6
2567,20251027,2025-10-27,2025,10,October,Shock Absorber v3,Chassis,Wyatt Inc,85.8,Chassis Assembly - Station 09,Chassis Assembly,assembly,major,rework,178.22,71.1
2568,20251027,2025-10-27,2025,10,October,Battery Pack v2,Electrical,Wolfe LLC,91.2,Electrical Assembly - Station 13,Electrical Assembly,electrical,critical,scrap,398.64,138.7
2569,20251027,2025-10-27,2025,10,October,Grille v2,Exterior,Arnold Ltd,99.0,Exterior Trim - Station 16,Exterior Trim,cosmetic,major,rework,127.73,38.5
2570,20251028,2025-10-28,2025,10,October,Rear Bumper v5,Exterior,Wolfe LLC,91.2,Exterior Trim - Station 15,Exterior Trim,cosmetic,minor,rework,122.63,27.3
2571,20251028,2025-10-28,2025,10,October,Wiring Harness v6,Electrical,Bernard LLC,84.8,Electrical Assembly - Station 14,Electrical Assembly,electrical,major,scrap,320.74,38.4
2572,20251028,2025-10-28,2025,10,October,,,,,Welding - Station 02,Welding,dimensional,minor,accepted_with_deviation,1.57,20.8
2573,20251028,2025-10-28,2025,10,October,Battery Pack v2,Electrical,Wolfe LLC,91.2,Electrical Assembly - Station 14,Electrical Assembly,electrical,minor,rework,94.41,20.8
2574,20251028,2025-10-28,2025,10,October,ABS Unit v4,Safety,"Rodriguez, Figueroa and Sanchez",88.0,Safety Systems - Station 17,Safety Systems,functional,minor,rework,84.51,27.6
2575,20251028,2025-10-28,2025,10,October,Brake Caliper v4,Chassis,Blair PLC,99.0,Chassis Assembly - Station 08,Chassis Assembly,assembly,minor,rework,165.64,29.8
2576,20251028,2025-10-28,2025,10,October,Shock Absorber v3,Chassis,Wyatt Inc,85.8,Chassis Assembly - Station 09,Chassis Assembly,assembly,minor,rework,155.73,11.7
2577,20251028,2025-10-28,2025,10,October,Battery Pack v2,Electrical,Wolfe LLC,91.2,Electrical Assembly - Station 13,Electrical Assembly,electrical,minor,rework,92.78,16.5
2578,20251028,2025-10-28,2025,10,October,Battery Pack v2,Electrical,Wolfe LLC,91.2,Electrical Assembly - Station 14,Electrical Assembly,electrical,minor,rework,96.5,26.3
2579,20251029,2025-10-29,2025,10,October,,,,,Final Assembly - Station 18,Final Assembly,assembly,minor,rework,5.67,15.0
2580,20251029,2025-10-29,2025,10,October,Brake Caliper v4,Chassis,Blair PLC,99.0,Chassis Assembly - Station 09,Chassis Assembly,assembly,major,rework,172.68,48.4
2581,20251029,2025-10-29,2025,10,October,Headliner v2,Interior,Rhodes PLC,80.3,Interior Assembly - Station 10,Interior Assembly,assembly,major,rework,161.64,64.2
2582,20251029,2025-10-29,2025,10,October,Grille v2,Exterior,Arnold Ltd,99.0,Exterior Trim - Station 15,Exterior Trim,cosmetic,major,rework,134.52,56.4
2583,20251029,2025-10-29,2025,10,October,Electric Motor v6,Powertrain,Wyatt Inc,85.8,Powertrain Assembly - Station 07,Powertrain Assembly,functional,minor,rework,666.81,19.1
2584,20251030,2025-10-30,2025,10,October,,,,,Welding - Station 02,Welding,dimensional,minor,rework,10.04,26.5
2585,20251030,2025-10-30,2025,10,October,,,,,Painting - Station 04,Painting,cosmetic,critical,rework,23.28,61.5
2586,20251030,2025-10-30,2025,10,October,,,,,Welding - Station 01,Welding,dimensional,minor,rework,7.45,19.7
2587,20251030,2025-10-30,2025,10,October,Grille v2,Exterior,Arnold Ltd,99.0,Exterior Trim - Station 15,Exterior Trim,cosmetic,critical,rework,149.18,95.2
2588,20251030,2025-10-30,2025,10,October,Battery Pack v2,Electrical,Wolfe LLC,91.2,Electrical Assembly - Station 14,Electrical Assembly,electrical,critical,rework,142.23,147.2
2589,20251030,2025-10-30,2025,10,October,Electric Motor v6,Powertrain,Wyatt Inc,85.8,Powertrain Assembly - Station 06,Powertrain Assembly,functional,minor,accepted_with_deviation,2.14,28.3
2590,20251030,2025-10-30,2025,10,October,,,,,Painting - Station 04,Painting,cosmetic,major,rework,15.31,40.5
2591,20251031,2025-10-31,2025,10,October,,,,,Welding - Station 02,Welding,dimensional,minor,rework,10.59,28.0
2592,20251031,2025-10-31,2025,10,October,Wiring Harness v6,Electrical,Bernard LLC,84.8,Electrical Assembly - Station 14,Electrical Assembly,electrical,minor,rework,85.52,23.7
2593,20251031,2025-10-31,2025,10,October,Crash Sensor v5,Safety,"Rodriguez, Figueroa and Sanchez",88.0,Safety Systems - Station 17,Safety Systems,functional,major,rework,98.21,33.9
2594,20251031,2025-10-31,2025,10,October,Headliner v2,Interior,Rhodes PLC,80.3,Interior Assembly - Station 10,Interior Assembly,assembly,minor,rework,146.09,23.1
2595,20251031,2025-10-31,2025,10,October,Headliner v2,Interior,Rhodes PLC,80.3,Interior Assembly - Station 11,Interior Assembly,assembly,minor,rework,147.73,27.5
2596,20251031,2025-10-31,2025,10,October,Battery Pack v2,Electrical,Wolfe LLC,91.2,Electrical Assembly - Station 13,Electrical Assembly,electrical,major,rework,108.94,59.2
2597,20251031,2025-10-31,2025,10,October,,,,,Welding - Station 02,Welding,dimensional,major,rework,18.41,48.7
2598,20251031,2025-10-31,2025,10,October,Battery Pack v2,Electrical,Wolfe LLC,91.2,Electrical Assembly - Station 13,Electrical Assembly,electrical,minor,rework,93.32,17.9
2599,20251031,2025-10-31,2025,10,October,Backup Camera v6,Safety,Cole LLC,99.0,Safety Systems - Station 17,Safety Systems,functional,minor,rework,109.11,24.2
2600,20251102,2025-11-02,2025,11,November,,,,,Welding - Station 03,Welding,dimensional,minor,rework,10.42,27.6
2601,20251103,2025-11-03,2025,11,November,,,,,Welding - Station 02,Welding,dimensional,major,rework,23.92,63.2
2602,20251103,2025-11-03,2025,11,November,Shock Absorber v3,Chassis,Wyatt Inc,85.8,Chassis Assembly - Station 09,Chassis Assembly,assembly,critical,rework,175.21,63.2
2603,20251103,2025-11-03,2025,11,November,Brake Caliper v4,Chassis,Blair PLC,99.0,Chassis Assembly - Station 09,Chassis Assembly,assembly,major,rework,181.63,72.1
2604,20251103,2025-11-03,2025,11,November,Brake Caliper v4,Chassis,Blair PLC,99.0,Chassis Assembly - Station 09,Chassis Assembly,assembly,minor,rework,158.27,10.3
2605,20251103,2025-11-03,2025,11,November,Electric Motor v6,Powertrain,Wyatt Inc,85.8,Powertrain Assembly - Station 07,Powertrain Assembly,functional,minor,rework,665.29,15.1
2606,20251104,2025-11-04,2025,11,November,Grille v2,Exterior,Arnold Ltd,99.0,Exterior Trim - Station 16,Exterior Trim,cosmetic,major,rework,139.28,69.0
2607,20251104,2025-11-04,2025,11,November,ABS Unit v4,Safety,"Rodriguez, Figueroa and Sanchez",88.0,Safety Systems - Station 17,Safety Systems,functional,minor,rework,82.0,20.9
2608,20251104,2025-11-04,2025,11,November,,,,,Welding - Station 02,Welding,dimensional,minor,rework,6.11,16.1
2609,20251104,2025-11-04,2025,11,November,ABS Unit v4,Safety,"Rodriguez, Figueroa and Sanchez",88.0,Safety Systems - Station 17,Safety Systems,functional,minor,rework,83.31,24.4
2610,20251105,2025-11-05,2025,11,November,Grille v2,Exterior,Arnold Ltd,99.0,Exterior Trim - Station 16,Exterior Trim,cosmetic,minor,rework,118.23,13.4
2611,20251105,2025-11-05,2025,11,November,Headliner v2,Interior,Rhodes PLC,80.3,Interior Assembly - Station 10,Interior Assembly,assembly,minor,rework,145.58,21.8
2612,20251105,2025-11-05,2025,11,November,Backup Camera v6,Safety,Cole LLC,99.0,Safety Systems - Station 17,Safety Systems,functional,major,rework,117.02,45.1
2613,20251105,2025-11-05,2025,11,November,Electric Motor v6,Powertrain,Wyatt Inc,85.8,Powertrain Assembly - Station 06,Powertrain Assembly,functional,major,rework,675.38,41.8
2614,20251105,2025-11-05,2025,11,November,,,,,Painting - Station 05,Painting,cosmetic,minor,rework,5.64,14.9
2615,20251105,2025-11-05,2025,11,November,Battery Pack v2,Electrical,Wolfe LLC,91.2,Electrical Assembly - Station 13,Electrical Assembly,electrical,minor,rework,96.74,27.0
2616,20251106,2025-11-06,2025,11,November,Battery Pack v2,Electrical,Wolfe LLC,91.2,Electrical Assembly - Station 14,Electrical Assembly,electrical,minor,rework,94.08,19.9
2617,20251106,2025-11-06,2025,11,November,Headliner v2,Interior,Rhodes PLC,80.3,Interior Assembly - Station 11,Interior Assembly,assembly,major,rework,161.52,63.9
2618,20251106,2025-11-06,2025,11,November,,,,,Welding - Station 01,Welding,dimensional,minor,rework,4.85,12.8
2619,20251106,2025-11-06,2025,11,November,Battery Pack v2,Electrical,Wolfe LLC,91.2,Electrical Assembly - Station 14,Electrical Assembly,electrical,minor,rework,93.13,17.4
2620,20251106,2025-11-06,2025,11,November,Battery Pack v2,Electrical,Wolfe LLC,91.2,Electrical Assembly - Station 14,Electrical Assembly,electrical,major,rework,107.31,54.9
2621,20251107,2025-11-07,2025,11,November,Battery Pack v2,Electrical,Wolfe LLC,91.2,Electrical Assembly - Station 14,Electrical Assembly,electrical,minor,accepted_with_deviation,1.63,21.5
2622,20251107,2025-11-07,2025,11,November,Shock Absorber v3,Chassis,Wyatt Inc,85.8,Chassis Assembly - Station 08,Chassis Assembly,assembly,major,rework,165.47,37.4
2623,20251107,2025-11-07,2025,11,November,Shock Absorber v3,Chassis,Wyatt Inc,85.8,Chassis Assembly - Station 09,Chassis Assembly,assembly,critical,rework,184.39,87.4
2624,20251107,2025-11-07,2025,11,November,Center Console,Interior,Rhodes PLC,80.3,Interior Assembly - Station 11,Interior Assembly,assembly,major,scrap,685.92,53.3
2625,20251107,2025-11-07,2025,11,November,Shock Absorber v3,Chassis,Wyatt Inc,85.8,Chassis Assembly - Station 09,Chassis Assembly,assembly,critical,rework,207.71,149.0
2626,20251107,2025-11-07,2025,11,November,Grille v2,Exterior,Arnold Ltd,99.0,Exterior Trim - Station 16,Exterior Trim,cosmetic,major,rework,140.19,71.4
2627,20251107,2025-11-07,2025,11,November,ABS Unit v4,Safety,"Rodriguez, Figueroa and Sanchez",88.0,Safety Systems - Station 17,Safety Systems,functional,major,rework,91.18,45.2
2628,20251107,2025-11-07,2025,11,November,Wiring Harness v6,Electrical,Bernard LLC,84.8,Electrical Assembly - Station 14,Electrical Assembly,electrical,critical,scrap,336.55,80.2
2629,20251107,2025-11-07,2025,11,November,Electric Motor v6,Powertrain,Wyatt Inc,85.8,Powertrain Assembly - Station 07,Powertrain Assembly,functional,major,rework,674.14,38.5
2630,20251107,2025-11-07,2025,11,November,Drive Shaft v4,Powertrain,"Rodriguez, Figueroa and Sanchez",88.0,Powertrain Assembly - Station 07,Powertrain Assembly,functional,major,rework,548.32,37.8
2631,20251108,2025-11-08,2025,11,November,,,,,Painting - Station 04,Painting,cosmetic,major,rework,16.37,43.3
2632,20251108,2025-11-08,2025,11,November,Battery Pack v2,Electrical,Wolfe LLC,91.2,Electrical Assembly - Station 13,Electrical Assembly,electrical,minor,rework,94.46,20.9
2633,20251108,2025-11-08,2025,11,November,Brake Caliper v4,Chassis,Blair PLC,99.0,Chassis Assembly - Station 08,Chassis Assembly,assembly,minor,rework,165.06,28.3
2634,20251108,2025-11-08,2025,11,November,,,,,Welding - Station 02,Welding,dimensional,minor,rework,7.54,19.9
2635,20251108,2025-11-08,2025,11,November,Drive Shaft v4,Powertrain,"Rodriguez, Figueroa and Sanchez",88.0,Powertrain Assembly - Station 06,Powertrain Assembly,functional,minor,rework,544.74,28.3
2636,20251109,2025-11-09,2025,11,November,Dashboard Panel v5,Interior,Davis-Abbott,83.4,Interior Assembly - Station 12,Interior Assembly,assembly,critical,rework,160.11,108.5
2637,20251109,2025-11-09,2025,11,November,Rear Bumper v5,Exterior,Wolfe LLC,91.2,Exterior Trim - Station 16,Exterior Trim,cosmetic,minor,rework,119.88,20.0
2638,20251109,2025-11-09,2025,11,November,Backup Camera v6,Safety,Cole LLC,99.0,Safety Systems - Station 17,Safety Systems,functional,minor,rework,105.37,14.3
2639,20251110,2025-11-10,2025,11,November,Headliner v2,Interior,Rhodes PLC,80.3,Interior Assembly - Station 12,Interior Assembly,assembly,minor,rework,146.37,23.9
2640,20251110,2025-11-10,2025,11,November,ECU Module v7,Electrical,"Rodriguez, Figueroa and Sanchez",88.0,Electrical Assembly - Station 14,Electrical Assembly,electrical,minor,rework,50.12,21.7
2641,20251110,2025-11-10,2025,11,November,,,,,Welding - Station 01,Welding,dimensional,minor,rework,7.9,20.9
2642,20251110,2025-11-10,2025,11,November,,,,,Welding - Station 01,Welding,dimensional,minor,accepted_with_deviation,1.93,25.5
2643,20251110,2025-11-10,2025,11,November,Rear Bumper v5,Exterior,Wolfe LLC,91.2,Exterior Trim - Station 16,Exterior Trim,cosmetic,major,rework,132.21,52.6
2644,20251110,2025-11-10,2025,11,November,Rear Bumper v5,Exterior,Wolfe LLC,91.2,Exterior Trim - Station 16,Exterior Trim,cosmetic,minor,rework,122.89,27.9
2645,20251110,2025-11-10,2025,11,November,Headliner v2,Interior,Rhodes PLC,80.3,Interior Assembly - Station 12,Interior Assembly,assembly,major,rework,160.33,60.8
2646,20251111,2025-11-11,2025,11,November,,,,,Welding - Station 02,Welding,dimensional,minor,rework,10.71,28.3
2647,20251111,2025-11-11,2025,11,November,Battery Pack v2,Electrical,Wolfe LLC,91.2,Electrical Assembly - Station 14,Electrical Assembly,electrical,minor,accepted_with_deviation,1.81,23.9
2648,20251111,2025-11-11,2025,11,November,Shock Absorber v3,Chassis,Wyatt Inc,85.8,Chassis Assembly - Station 09,Chassis Assembly,assembly,minor,rework,157.42,16.1
2649,20251111,2025-11-11,2025,11,November,Drive Shaft v4,Powertrain,"Rodriguez, Figueroa and Sanchez",88.0,Powertrain Assembly - Station 07,Powertrain Assembly,functional,minor,rework,538.18,11.0
2650,20251111,2025-11-11,2025,11,November,,,,,Painting - Station 05,Painting,cosmetic,critical,rework,51.47,136.0
2651,20251111,2025-11-11,2025,11,November,Drive Shaft v4,Powertrain,"Rodriguez, Figueroa and Sanchez",88.0,Powertrain Assembly - Station 06,Powertrain Assembly,functional,minor,rework,539.01,13.2
2652,20251111,2025-11-11,2025,11,November,ABS Unit v4,Safety,"Rodriguez, Figueroa and Sanchez",88.0,Safety Systems - Station 17,Safety Systems,functional,major,rework,93.98,52.6
2653,20251111,2025-11-11,2025,11,November,Shock Absorber v3,Chassis,Wyatt Inc,85.8,Chassis Assembly - Station 08,Chassis Assembly,assembly,major,rework,176.32,66.1
2654,20251112,2025-11-12,2025,11,November,,,,,Painting - Station 04,Painting,cosmetic,minor,rework,6.74,17.8
2655,20251112,2025-11-12,2025,11,November,,,,,Welding - Station 03,Welding,dimensional,major,rework,19.51,51.6
2656,20251112,2025-11-12,2025,11,November,Battery Pack v2,Electrical,Wolfe LLC,91.2,Electrical Assembly - Station 14,Electrical Assembly,electrical,major,rework,101.79,40.3
2657,20251112,2025-11-12,2025,11,November,,,,,Painting - Station 05,Painting,cosmetic,minor,rework,4.19,11.1
2658,20251112,2025-11-12,2025,11,November,Wiring Harness v6,Electrical,Bernard LLC,84.8,Electrical Assembly - Station 14,Electrical Assembly,electrical,major,accepted_with_deviation,4.51,59.6
2659,20251113,2025-11-13,2025,11,November,Grille v2,Exterior,Arnold Ltd,99.0,Exterior Trim - Station 15,Exterior Trim,cosmetic,minor,rework,123.34,26.9
2660,20251113,2025-11-13,2025,11,November,,,,,Painting - Station 04,Painting,cosmetic,major,rework,23.44,61.9
2661,20251113,2025-11-13,2025,11,November,Headliner v2,Interior,Rhodes PLC,80.3,Interior Assembly - Station 10,Interior Assembly,assembly,major,rework,161.08,62.8
2662,20251113,2025-11-13,2025,11,November,Headliner v2,Interior,Rhodes PLC,80.3,Interior Assembly - Station 12,Interior Assembly,assembly,minor,rework,148.32,29.0
2663,20251113,2025-11-13,2025,11,November,Battery Pack v2,Electrical,Wolfe LLC,91.2,Electrical Assembly - Station 13,Electrical Assembly,electrical,major,rework,108.48,58.0
2664,20251113,2025-11-13,2025,11,November,Grille v2,Exterior,Arnold Ltd,99.0,Exterior Trim - Station 16,Exterior Trim,cosmetic,minor,rework,120.09,18.3
2665,20251113,2025-11-13,2025,11,November,Electric Motor v6,Powertrain,Wyatt Inc,85.8,Powertrain Assembly - Station 07,Powertrain Assembly,functional,critical,rework,686.67,71.6
2666,20251113,2025-11-13,2025,11,November,Brake Caliper v4,Chassis,Blair PLC,99.0,Chassis Assembly - Station 09,Chassis Assembly,assembly,minor,rework,158.68,11.4
2667,20251113,2025-11-13,2025,11,November,Electric Motor v6,Powertrain,Wyatt Inc,85.8,Powertrain Assembly - Station 06,Powertrain Assembly,functional,minor,rework,664.01,11.7
2668,20251113,2025-11-13,2025,11,November,Electric Motor v6,Powertrain,Wyatt Inc,85.8,Powertrain Assembly - Station 07,Powertrain Assembly,functional,critical,rework,699.92,106.6
2669,20251114,2025-11-14,2025,11,November,Door Trim v7,Interior,"Johnson, Gonzalez and Santos",85.8,Interior Assembly - Station 10,Interior Assembly,assembly,minor,rework,72.79,16.5
2670,20251114,2025-11-14,2025,11,November,Brake Caliper v4,Chassis,Blair PLC,99.0,Chassis Assembly - Station 08,Chassis Assembly,assembly,minor,accepted_with_deviation,1.86,24.6
2671,20251114,2025-11-14,2025,11,November,Grille v2,Exterior,Arnold Ltd,99.0,Exterior Trim - Station 16,Exterior Trim,cosmetic,major,rework,132.35,50.7
2672,20251114,2025-11-14,2025,11,November,Headliner v2,Interior,Rhodes PLC,80.3,Interior Assembly - Station 10,Interior Assembly,assembly,minor,rework,142.57,13.8
2673,20251114,2025-11-14,2025,11,November,Electric Motor v6,Powertrain,Wyatt Inc,85.8,Powertrain Assembly - Station 06,Powertrain Assembly,functional,minor,rework,667.93,22.1
2674,20251114,2025-11-14,2025,11,November,,,,,Painting - Station 04,Painting,cosmetic,minor,rework,5.76,15.2
2675,20251115,2025-11-15,2025,11,November,Headliner v2,Interior,Rhodes PLC,80.3,Interior Assembly - Station 10,Interior Assembly,assembly,minor,rework,145.38,21.3
2676,20251115,2025-11-15,2025,11,November,Wiring Harness v6,Electrical,Bernard LLC,84.8,Electrical Assembly - Station 14,Electrical Assembly,electrical,major,rework,97.51,55.4
2677,20251115,2025-11-15,2025,11,November,,,,,Painting - Station 04,Painting,cosmetic,critical,rework,53.38,141.1
2678,20251116,2025-11-16,2025,11,November,Grille v2,Exterior,Arnold Ltd,99.0,Exterior Trim - Station 15,Exterior Trim,cosmetic,minor,rework,120.61,19.7
2679,20251116,2025-11-16,2025,11,November,Headliner v2,Interior,Rhodes PLC,80.3,Interior Assembly - Station 10,Interior Assembly,assembly,minor,rework,142.82,14.5
2680,20251116,2025-11-16,2025,11,November,Battery Pack v2,Electrical,Wolfe LLC,91.2,Electrical Assembly - Station 14,Electrical Assembly,electrical,critical,scrap,371.47,66.9
2681,20251116,2025-11-16,2025,11,November,Battery Pack v2,Electrical,Wolfe LLC,91.2,Electrical Assembly - Station 14,Electrical Assembly,electrical,minor,rework,94.75,21.7
2682,20251116,2025-11-16,2025,11,November,,,,,Painting - Station 05,Painting,cosmetic,major,scrap,27.6,72.9
2683,20251116,2025-11-16,2025,11,November,Grille v2,Exterior,Arnold Ltd,99.0,Exterior Trim - Station 15,Exterior Trim,cosmetic,minor,rework,122.39,24.4
2684,20251117,2025-11-17,2025,11,November,Wiring Harness v6,Electrical,Bernard LLC,84.8,Electrical Assembly - Station 13,Electrical Assembly,electrical,minor,rework,81.33,12.6
2685,20251117,2025-11-17,2025,11,November,Rear Bumper v5,Exterior,Wolfe LLC,91.2,Exterior Trim - Station 15,Exterior Trim,cosmetic,major,rework,132.26,52.7
2686,20251117,2025-11-17,2025,11,November,Brake Caliper v4,Chassis,Blair PLC,99.0,Chassis Assembly - Station 08,Chassis Assembly,assembly,minor,rework,160.86,17.2
2687,20251117,2025-11-17,2025,11,November,Electric Motor v6,Powertrain,Wyatt Inc,85.8,Powertrain Assembly - Station 06,Powertrain Assembly,functional,minor,accepted_with_deviation,1.54,20.3
2688,20251117,2025-11-17,2025,11,November,Rear Bumper v5,Exterior,Wolfe LLC,91.2,Exterior Trim - Station 16,Exterior Trim,cosmetic,major,rework,128.36,42.4
2689,20251117,2025-11-17,2025,11,November,Brake Caliper v4,Chassis,Blair PLC,99.0,Chassis Assembly - Station 09,Chassis Assembly,assembly,minor,rework,159.96,14.8
2690,20251117,2025-11-17,2025,11,November,,,,,Painting - Station 04,Painting,cosmetic,minor,rework,5.72,15.1
2691,20251118,2025-11-18,2025,11,November,Electric Motor v6,Powertrain,Wyatt Inc,85.8,Powertrain Assembly - Station 06,Powertrain Assembly,functional,minor,rework,667.18,20.1
2692,20251118,2025-11-18,2025,11,November,,,,,Welding - Station 03,Welding,dimensional,minor,rework,4.03,10.6
2693,20251118,2025-11-18,2025,11,November,Electric Motor v6,Powertrain,Wyatt Inc,85.8,Powertrain Assembly - Station 06,Powertrain Assembly,functional,major,rework,680.44,55.1
2694,20251118,2025-11-18,2025,11,November,Crash Sensor v5,Safety,"Rodriguez, Figueroa and Sanchez",88.0,Safety Systems - Station 17,Safety Systems,functional,minor,rework,95.66,27.2
2695,20251118,2025-11-18,2025,11,November,Shock Absorber v3,Chassis,Wyatt Inc,85.8,Chassis Assembly - Station 08,Chassis Assembly,assembly,major,rework,169.16,47.1
2696,20251119,2025-11-19,2025,11,November,Center Console,Interior,Rhodes PLC,80.3,Interior Assembly - Station 10,Interior Assembly,assembly,minor,accepted_with_deviation,1.83,24.2
2697,20251119,2025-11-19,2025,11,November,Dashboard Panel v5,Interior,Davis-Abbott,83.4,Interior Assembly - Station 10,Interior Assembly,assembly,minor,accepted_with_deviation,1.08,14.2
2698,20251119,2025-11-19,2025,11,November,Battery Pack v2,Electrical,Wolfe LLC,91.2,Electrical Assembly - Station 13,Electrical Assembly,electrical,minor,rework,91.43,12.9
2699,20251119,2025-11-19,2025,11,November,ECU Module v7,Electrical,"Rodriguez, Figueroa and Sanchez",88.0,Electrical Assembly - Station 13,Electrical Assembly,electrical,major,rework,63.77,57.8
2700,20251119,2025-11-19,2025,11,November,Backup Camera v6,Safety,Cole LLC,99.0,Safety Systems - Station 17,Safety Systems,functional,major,rework,111.99,31.8
2701,20251119,2025-11-19,2025,11,November,,,,,Final Assembly - Station 18,Final Assembly,assembly,minor,accepted_with_deviation,1.49,19.6
2702,20251119,2025-11-19,2025,11,November,Shock Absorber v3,Chassis,Wyatt Inc,85.8,Chassis Assembly - Station 09,Chassis Assembly,assembly,minor,rework,156.92,14.8
2703,20251120,2025-11-20,2025,11,November,Shock Absorber v3,Chassis,Wyatt Inc,85.8,Chassis Assembly - Station 09,Chassis Assembly,assembly,minor,rework,156.6,14.0
2704,20251120,2025-11-20,2025,11,November,Door Trim v7,Interior,"Johnson, Gonzalez and Santos",85.8,Interior Assembly - Station 10,Interior Assembly,assembly,major,rework,83.45,44.6
2705,20251120,2025-11-20,2025,11,November,,,,,Welding - Station 02,Welding,dimensional,minor,rework,5.06,13.4
2706,20251120,2025-11-20,2025,11,November,,,,,Final Assembly - Station 18,Final Assembly,assembly,minor,rework,7.11,18.8
2707,20251120,2025-11-20,2025,11,November,Brake Caliper v4,Chassis,Blair PLC,99.0,Chassis Assembly - Station 09,Chassis Assembly,assembly,minor,rework,160.4,15.9
2708,20251120,2025-11-20,2025,11,November,,,,,Welding - Station 01,Welding,dimensional,critical,scrap,30.4,80.3
2709,20251120,2025-11-20,2025,11,November,,,,,Welding - Station 02,Welding,dimensional,minor,rework,7.4,19.6
2710,20251120,2025-11-20,2025,11,November,Grille v2,Exterior,Arnold Ltd,99.0,Exterior Trim - Station 15,Exterior Trim,cosmetic,minor,rework,121.77,22.7
2711,20251120,2025-11-20,2025,11,November,Grille v2,Exterior,Arnold Ltd,99.0,Exterior Trim - Station 16,Exterior Trim,cosmetic,minor,accepted_with_deviation,1.31,17.3
2712,20251121,2025-11-21,2025,11,November,Battery Pack v2,Electrical,Wolfe LLC,91.2,Electrical Assembly - Station 14,Electrical Assembly,electrical,minor,rework,96.1,25.3
2713,20251121,2025-11-21,2025,11,November,Headliner v2,Interior,Rhodes PLC,80.3,Interior Assembly - Station 10,Interior Assembly,assembly,minor,rework,142.63,14.0
2714,20251121,2025-11-21,2025,11,November,Headliner v2,Interior,Rhodes PLC,80.3,Interior Assembly - Station 11,Interior Assembly,assembly,minor,rework,145.17,20.7
2715,20251121,2025-11-21,2025,11,November,Grille v2,Exterior,Arnold Ltd,99.0,Exterior Trim - Station 16,Exterior Trim,cosmetic,minor,rework,119.75,17.4
2716,20251121,2025-11-21,2025,11,November,Battery Pack v2,Electrical,Wolfe LLC,91.2,Electrical Assembly - Station 13,Electrical Assembly,electrical,major,rework,111.8,66.8
2717,20251121,2025-11-21,2025,11,November,Shock Absorber v3,Chassis,Wyatt Inc,85.8,Chassis Assembly - Station 08,Chassis Assembly,assembly,minor,rework,156.82,14.5
2718,20251121,2025-11-21,2025,11,November,Electric Motor v6,Powertrain,Wyatt Inc,85.8,Powertrain Assembly - Station 07,Powertrain Assembly,functional,minor,rework,663.86,11.3
2719,20251121,2025-11-21,2025,11,November,Battery Pack v2,Electrical,Wolfe LLC,91.2,Electrical Assembly - Station 14,Electrical Assembly,electrical,minor,rework,92.72,16.3
2720,20251122,2025-11-22,2025,11,November,Brake Caliper v4,Chassis,Blair PLC,99.0,Chassis Assembly - Station 09,Chassis Assembly,assembly,minor,rework,160.66,16.6
2721,20251122,2025-11-22,2025,11,November,Battery Pack v2,Electrical,Wolfe LLC,91.2,Electrical Assembly - Station 13,Electrical Assembly,electrical,minor,rework,97.62,29.3
2722,20251122,2025-11-22,2025,11,November,,,,,Quality Check - Station 20,Quality Check,dimensional,major,rework,23.73,62.7
2723,20251123,2025-11-23,2025,11,November,,,,,Welding - Station 01,Welding,dimensional,minor,rework,4.13,10.9
2724,20251123,2025-11-23,2025,11,November,Battery Pack v2,Electrical,Wolfe LLC,91.2,Electrical Assembly - Station 13,Electrical Assembly,electrical,major,rework,100.05,35.7
2725,20251123,2025-11-23,2025,11,November,Battery Pack v2,Electrical,Wolfe LLC,91.2,Electrical Assembly - Station 13,Electrical Assembly,electrical,minor,rework,93.07,17.2
2726,20251123,2025-11-23,2025,11,November,Headliner v2,Interior,Rhodes PLC,80.3,Interior Assembly - Station 12,Interior Assembly,assembly,minor,accepted_with_deviation,1.84,24.4
2727,20251124,2025-11-24,2025,11,November,Electric Motor v6,Powertrain,Wyatt Inc,85.8,Powertrain Assembly - Station 06,Powertrain Assembly,functional,minor,rework,665.87,16.6
2728,20251124,2025-11-24,2025,11,November,Brake Caliper v4,Chassis,Blair PLC,99.0,Chassis Assembly - Station 08,Chassis Assembly,assembly,minor,rework,163.59,24.4
2729,20251124,2025-11-24,2025,11,November,Dashboard Panel v5,Interior,Davis-Abbott,83.4,Interior Assembly - Station 10,Interior Assembly,assembly,minor,rework,123.79,12.5
2730,20251124,2025-11-24,2025,11,November,Grille v2,Exterior,Arnold Ltd,99.0,Exterior Trim - Station 15,Exterior Trim,cosmetic,major,rework,124.92,31.1
2731,20251124,2025-11-24,2025,11,November,Wiring Harness v6,Electrical,Bernard LLC,84.8,Electrical Assembly - Station 14,Electrical Assembly,electrical,minor,rework,85.53,23.7
2732,20251124,2025-11-24,2025,11,November,Electric Motor v6,Powertrain,Wyatt Inc,85.8,Powertrain Assembly - Station 07,Powertrain Assembly,functional,critical,scrap,2691.22,139.9
2733,20251124,2025-11-24,2025,11,November,Grille v2,Exterior,Arnold Ltd,99.0,Exterior Trim - Station 15,Exterior Trim,cosmetic,minor,rework,121.29,21.5
2734,20251124,2025-11-24,2025,11,November,Drive Shaft v4,Powertrain,"Rodriguez, Figueroa and Sanchez",88.0,Powertrain Assembly - Station 07,Powertrain Assembly,functional,minor,rework,541.97,21.0
2735,20251124,2025-11-24,2025,11,November,Dashboard Panel v5,Interior,Davis-Abbott,83.4,Interior Assembly - Station 12,Interior Assembly,assembly,minor,rework,129.0,26.3
2736,20251124,2025-11-24,2025,11,November,Drive Shaft v4,Powertrain,"Rodriguez, Figueroa and Sanchez",88.0,Powertrain Assembly - Station 06,Powertrain Assembly,functional,minor,rework,541.82,20.6
2737,20251124,2025-11-24,2025,11,November,Shock Absorber v3,Chassis,Wyatt Inc,85.8,Chassis Assembly - Station 09,Chassis Assembly,assembly,critical,rework,202.45,135.1
2738,20251125,2025-11-25,2025,11,November,Brake Caliper v4,Chassis,Blair PLC,99.0,Chassis Assembly - Station 09,Chassis Assembly,assembly,minor,rework,159.25,12.9
2739,20251125,2025-11-25,2025,11,November,Door Trim v7,Interior,"Johnson, Gonzalez and Santos",85.8,Interior Assembly - Station 10,Interior Assembly,assembly,critical,rework,95.11,75.5
2740,20251125,2025-11-25,2025,11,November,Headliner v2,Interior,Rhodes PLC,80.3,Interior Assembly - Station 10,Interior Assembly,assembly,minor,rework,143.31,15.8
2741,20251125,2025-11-25,2025,11,November,Headliner v2,Interior,Rhodes PLC,80.3,Interior Assembly - Station 10,Interior Assembly,assembly,minor,rework,143.92,17.4
2742,20251125,2025-11-25,2025,11,November,Door Trim v7,Interior,"Johnson, Gonzalez and Santos",85.8,Interior Assembly - Station 10,Interior Assembly,assembly,major,rework,91.59,66.2
2743,20251125,2025-11-25,2025,11,November,Center Console,Interior,Rhodes PLC,80.3,Interior Assembly - Station 10,Interior Assembly,assembly,minor,rework,171.24,12.7
2744,20251126,2025-11-26,2025,11,November,Door Trim v7,Interior,"Johnson, Gonzalez and Santos",85.8,Interior Assembly - Station 12,Interior Assembly,assembly,minor,rework,77.0,27.6
2745,20251126,2025-11-26,2025,11,November,Grille v2,Exterior,Arnold Ltd,99.0,Exterior Trim - Station 16,Exterior Trim,cosmetic,major,rework,134.06,55.2
2746,20251126,2025-11-26,2025,11,November,Shock Absorber v3,Chassis,Wyatt Inc,85.8,Chassis Assembly - Station 09,Chassis Assembly,assembly,minor,rework,162.08,28.4
2747,20251126,2025-11-26,2025,11,November,Electric Motor v6,Powertrain,Wyatt Inc,85.8,Powertrain Assembly - Station 06,Powertrain Assembly,functional,minor,rework,665.82,16.5
2748,20251126,2025-11-26,2025,11,November,Door Trim v7,Interior,"Johnson, Gonzalez and Santos",85.8,Interior Assembly - Station 10,Interior Assembly,assembly,minor,accepted_with_deviation,2.14,28.3
2749,20251127,2025-11-27,2025,11,November,Center Console,Interior,Rhodes PLC,80.3,Interior Assembly - Station 11,Interior Assembly,assembly,minor,rework,171.97,14.6
2750,20251127,2025-11-27,2025,11,November,Drive Shaft v4,Powertrain,"Rodriguez, Figueroa and Sanchez",88.0,Powertrain Assembly - Station 06,Powertrain Assembly,functional,minor,rework,539.41,14.2
2751,20251127,2025-11-27,2025,11,November,,,,,Final Assembly - Station 18,Final Assembly,assembly,minor,rework,9.67,25.6
2752,20251127,2025-11-27,2025,11,November,ABS Unit v4,Safety,"Rodriguez, Figueroa and Sanchez",88.0,Safety Systems - Station 17,Safety Systems,functional,minor,rework,81.45,19.5
2753,20251127,2025-11-27,2025,11,November,,,,,Welding - Station 01,Welding,dimensional,minor,rework,9.97,26.4
2754,20251127,2025-11-27,2025,11,November,Rear Bumper v5,Exterior,Wolfe LLC,91.2,Exterior Trim - Station 15,Exterior Trim,cosmetic,major,rework,127.0,38.8
2755,20251127,2025-11-27,2025,11,November,Shock Absorber v3,Chassis,Wyatt Inc,85.8,Chassis Assembly - Station 08,Chassis Assembly,assembly,major,rework,171.12,52.3
2756,20251127,2025-11-27,2025,11,November,,,,,Painting - Station 04,Painting,cosmetic,minor,rework,6.75,17.8
2757,20251127,2025-11-27,2025,11,November,Grille v2,Exterior,Arnold Ltd,99.0,Exterior Trim - Station 16,Exterior Trim,cosmetic,major,rework,140.36,71.9
2758,20251127,2025-11-27,2025,11,November,,,,,Painting - Station 05,Painting,cosmetic,minor,rework,4.74,12.5
2759,20251127,2025-11-27,2025,11,November,Grille v2,Exterior,Arnold Ltd,99.0,Exterior Trim - Station 15,Exterior Trim,cosmetic,minor,rework,117.95,12.6
2760,20251127,2025-11-27,2025,11,November,Drive Shaft v4,Powertrain,"Rodriguez, Figueroa and Sanchez",88.0,Powertrain Assembly - Station 07,Powertrain Assembly,functional,minor,accepted_with_deviation,2.2,29.1
2761,20251127,2025-11-27,2025,11,November,Crash Sensor v5,Safety,"Rodriguez, Figueroa and Sanchez",88.0,Safety Systems - Station 17,Safety Systems,functional,minor,rework,92.34,18.4
2762,20251127,2025-11-27,2025,11,November,Shock Absorber v3,Chassis,Wyatt Inc,85.8,Chassis Assembly - Station 09,Chassis Assembly,assembly,critical,accepted_with_deviation,5.24,69.3
2763,20251127,2025-11-27,2025,11,November,Battery Pack v2,Electrical,Wolfe LLC,91.2,Electrical Assembly - Station 14,Electrical Assembly,electrical,major,rework,101.58,39.8
2764,20251128,2025-11-28,2025,11,November,,,,,Painting - Station 05,Painting,cosmetic,minor,rework,7.9,20.9
2765,20251128,2025-11-28,2025,11,November,Brake Caliper v4,Chassis,Blair PLC,99.0,Chassis Assembly - Station 09,Chassis Assembly,assembly,minor,rework,160.04,15.0
2766,20251128,2025-11-28,2025,11,November,,,,,Welding - Station 02,Welding,dimensional,minor,rework,7.97,21.1
2767,20251128,2025-11-28,2025,11,November,Crash Sensor v5,Safety,"Rodriguez, Figueroa and Sanchez",88.0,Safety Systems - Station 17,Safety Systems,functional,minor,accepted_with_deviation,2.05,27.1
2768,20251128,2025-11-28,2025,11,November,Drive Shaft v4,Powertrain,"Rodriguez, Figueroa and Sanchez",88.0,Powertrain Assembly - Station 06,Powertrain Assembly,functional,major,rework,552.45,48.7
2769,20251128,2025-11-28,2025,11,November,Shock Absorber v3,Chassis,Wyatt Inc,85.8,Chassis Assembly - Station 09,Chassis Assembly,assembly,major,rework,170.91,51.8
2770,20251128,2025-11-28,2025,11,November,,,,,Painting - Station 04,Painting,cosmetic,minor,rework,10.54,27.9
2771,20251128,2025-11-28,2025,11,November,Grille v2,Exterior,Arnold Ltd,99.0,Exterior Trim - Station 15,Exterior Trim,cosmetic,minor,rework,121.76,22.7
2772,20251128,2025-11-28,2025,11,November,Door Trim v7,Interior,"Johnson, Gonzalez and Santos",85.8,Interior Assembly - Station 10,Interior Assembly,assembly,minor,rework,75.08,22.5
2773,20251128,2025-11-28,2025,11,November,Headliner v2,Interior,Rhodes PLC,80.3,Interior Assembly - Station 11,Interior Assembly,assembly,minor,accepted_with_deviation,1.07,14.2
2774,20251128,2025-11-28,2025,11,November,Grille v2,Exterior,Arnold Ltd,99.0,Exterior Trim - Station 16,Exterior Trim,cosmetic,minor,rework,123.44,27.1
2775,20251129,2025-11-29,2025,11,November,,,,,Welding - Station 02,Welding,dimensional,critical,scrap,28.52,75.4
2776,20251129,2025-11-29,2025,11,November,Electric Motor v6,Powertrain,Wyatt Inc,85.8,Powertrain Assembly - Station 06,Powertrain Assembly,functional,minor,rework,670.55,29.0
2777,20251129,2025-11-29,2025,11,November,Battery Pack v2,Electrical,Wolfe LLC,91.2,Electrical Assembly - Station 14,Electrical Assembly,electrical,minor,rework,95.08,22.6
2778,20251130,2025-11-30,2025,11,November,Headliner v2,Interior,Rhodes PLC,80.3,Interior Assembly - Station 10,Interior Assembly,assembly,minor,rework,146.36,23.9
2779,20251130,2025-11-30,2025,11,November,,,,,Final Assembly - Station 18,Final Assembly,assembly,major,rework,12.78,33.8
2780,20251201,2025-12-01,2025,12,December,Backup Camera v6,Safety,Cole LLC,99.0,Safety Systems - Station 17,Safety Systems,functional,major,rework,124.96,66.1
2781,20251201,2025-12-01,2025,12,December,Electric Motor v6,Powertrain,Wyatt Inc,85.8,Powertrain Assembly - Station 06,Powertrain Assembly,functional,major,rework,673.45,36.7
2782,20251201,2025-12-01,2025,12,December,Battery Pack v2,Electrical,Wolfe LLC,91.2,Electrical Assembly - Station 14,Electrical Assembly,electrical,major,accepted_with_deviation,5.4,71.4
2783,20251201,2025-12-01,2025,12,December,Shock Absorber v3,Chassis,Wyatt Inc,85.8,Chassis Assembly - Station 08,Chassis Assembly,assembly,major,rework,171.07,52.2
2784,20251201,2025-12-01,2025,12,December,Rear Bumper v5,Exterior,Wolfe LLC,91.2,Exterior Trim - Station 16,Exterior Trim,cosmetic,minor,rework,117.62,14.0
2785,20251201,2025-12-01,2025,12,December,Grille v2,Exterior,Arnold Ltd,99.0,Exterior Trim - Station 16,Exterior Trim,cosmetic,major,rework,125.34,32.2
2786,20251202,2025-12-02,2025,12,December,,,,,Welding - Station 01,Welding,dimensional,major,rework,26.07,68.9
2787,20251202,2025-12-02,2025,12,December,,,,,Welding - Station 02,Welding,dimensional,major,rework,20.18,53.3
2788,20251202,2025-12-02,2025,12,December,Headliner v2,Interior,Rhodes PLC,80.3,Interior Assembly - Station 12,Interior Assembly,assembly,major,rework,157.01,52.0
2789,20251202,2025-12-02,2025,12,December,Shock Absorber v3,Chassis,Wyatt Inc,85.8,Chassis Assembly - Station 09,Chassis Assembly,assembly,minor,rework,158.02,17.7
2790,20251202,2025-12-02,2025,12,December,Battery Pack v2,Electrical,Wolfe LLC,91.2,Electrical Assembly - Station 13,Electrical Assembly,electrical,minor,accepted_with_deviation,1.55,20.5
2791,20251202,2025-12-02,2025,12,December,Grille v2,Exterior,Arnold Ltd,99.0,Exterior Trim - Station 15,Exterior Trim,cosmetic,minor,rework,124.39,29.7
2792,20251202,2025-12-02,2025,12,December,Brake Caliper v4,Chassis,Blair PLC,99.0,Chassis Assembly - Station 08,Chassis Assembly,assembly,minor,rework,161.95,20.0
2793,20251202,2025-12-02,2025,12,December,Grille v2,Exterior,Arnold Ltd,99.0,Exterior Trim - Station 16,Exterior Trim,cosmetic,minor,rework,122.37,24.3
2794,20251203,2025-12-03,2025,12,December,Dashboard Panel v5,Interior,Davis-Abbott,83.4,Interior Assembly - Station 10,Interior Assembly,assembly,minor,rework,127.96,23.6
2795,20251203,2025-12-03,2025,12,December,ECU Module v7,Electrical,"Rodriguez, Figueroa and Sanchez",88.0,Electrical Assembly - Station 13,Electrical Assembly,electrical,minor,rework,48.61,17.7
2796,20251203,2025-12-03,2025,12,December,,,,,Welding - Station 02,Welding,dimensional,major,rework,24.39,64.5
2797,20251203,2025-12-03,2025,12,December,Grille v2,Exterior,Arnold Ltd,99.0,Exterior Trim - Station 16,Exterior Trim,cosmetic,minor,rework,124.27,29.3
2798,20251203,2025-12-03,2025,12,December,Shock Absorber v3,Chassis,Wyatt Inc,85.8,Chassis Assembly - Station 09,Chassis Assembly,assembly,critical,scrap,635.45,79.7
2799,20251204,2025-12-04,2025,12,December,,,,,Painting - Station 04,Painting,cosmetic,major,rework,15.57,41.1
2800,20251204,2025-12-04,2025,12,December,Headliner v2,Interior,Rhodes PLC,80.3,Interior Assembly - Station 10,Interior Assembly,assembly,minor,rework,141.43,10.8
2801,20251204,2025-12-04,2025,12,December,Rear Bumper v5,Exterior,Wolfe LLC,91.2,Exterior Trim - Station 15,Exterior Trim,cosmetic,minor,rework,116.16,10.2
2802,20251204,2025-12-04,2025,12,December,Electric Motor v6,Powertrain,Wyatt Inc,85.8,Powertrain Assembly - Station 06,Powertrain Assembly,functional,major,rework,681.14,57.0
2803,20251204,2025-12-04,2025,12,December,,,,,Welding - Station 03,Welding,dimensional,minor,rework,9.37,24.8
2804,20251204,2025-12-04,2025,12,December,ECU Module v7,Electrical,"Rodriguez, Figueroa and Sanchez",88.0,Electrical Assembly - Station 13,Electrical Assembly,electrical,major,rework,60.95,50.3
2805,20251205,2025-12-05,2025,12,December,Headliner v2,Interior,Rhodes PLC,80.3,Interior Assembly - Station 11,Interior Assembly,assembly,minor,rework,143.8,17.1
2806,20251205,2025-12-05,2025,12,December,Grille v2,Exterior,Arnold Ltd,99.0,Exterior Trim - Station 15,Exterior Trim,cosmetic,minor,rework,118.46,14.0
2807,20251205,2025-12-05,2025,12,December,Battery Pack v2,Electrical,Wolfe LLC,91.2,Electrical Assembly - Station 13,Electrical Assembly,electrical,minor,rework,94.34,20.6
2808,20251205,2025-12-05,2025,12,December,Shock Absorber v3,Chassis,Wyatt Inc,85.8,Chassis Assembly - Station 08,Chassis Assembly,assembly,minor,rework,162.08,28.4
2809,20251205,2025-12-05,2025,12,December,Shock Absorber v3,Chassis,Wyatt Inc,85.8,Chassis Assembly - Station 08,Chassis Assembly,assembly,minor,rework,161.02,25.6
2810,20251205,2025-12-05,2025,12,December,Electric Motor v6,Powertrain,Wyatt Inc,85.8,Powertrain Assembly - Station 06,Powertrain Assembly,functional,critical,rework,702.98,114.7
2811,20251205,2025-12-05,2025,12,December,Battery Pack v2,Electrical,Wolfe LLC,91.2,Electrical Assembly - Station 13,Electrical Assembly,electrical,major,rework,98.74,32.2
2812,20251205,2025-12-05,2025,12,December,Brake Caliper v4,Chassis,Blair PLC,99.0,Chassis Assembly - Station 09,Chassis Assembly,assembly,major,rework,182.64,74.7
2813,20251206,2025-12-06,2025,12,December,,,,,Welding - Station 01,Welding,dimensional,minor,rework,10.49,27.7
2814,20251206,2025-12-06,2025,12,December,Electric Motor v6,Powertrain,Wyatt Inc,85.8,Powertrain Assembly - Station 07,Powertrain Assembly,functional,major,rework,685.94,69.7
2815,20251207,2025-12-07,2025,12,December,Drive Shaft v4,Powertrain,"Rodriguez, Figueroa and Sanchez",88.0,Powertrain Assembly - Station 07,Powertrain Assembly,functional,major,rework,547.11,34.6
2816,20251207,2025-12-07,2025,12,December,Dashboard Panel v5,Interior,Davis-Abbott,83.4,Interior Assembly - Station 10,Interior Assembly,assembly,minor,rework,130.39,30.0
2817,20251207,2025-12-07,2025,12,December,Drive Shaft v4,Powertrain,"Rodriguez, Figueroa and Sanchez",88.0,Powertrain Assembly - Station 06,Powertrain Assembly,functional,minor,rework,539.57,14.7
2818,20251207,2025-12-07,2025,12,December,Shock Absorber v3,Chassis,Wyatt Inc,85.8,Chassis Assembly - Station 09,Chassis Assembly,assembly,critical,rework,193.78,112.2
2819,20251207,2025-12-07,2025,12,December,,,,,Painting - Station 04,Painting,cosmetic,minor,rework,5.97,15.8
2820,20251207,2025-12-07,2025,12,December,,,,,Painting - Station 05,Painting,cosmetic,minor,rework,7.76,20.5
2821,20251208,2025-12-08,2025,12,December,Center Console,Interior,Rhodes PLC,80.3,Interior Assembly - Station 10,Interior Assembly,assembly,minor,accepted_with_deviation,1.03,13.6
2822,20251208,2025-12-08,2025,12,December,Door Trim v7,Interior,"Johnson, Gonzalez and Santos",85.8,Interior Assembly - Station 11,Interior Assembly,assembly,minor,rework,72.84,16.6
2823,20251208,2025-12-08,2025,12,December,Rear Bumper v5,Exterior,Wolfe LLC,91.2,Exterior Trim - Station 15,Exterior Trim,cosmetic,minor,rework,119.59,19.2
2824,20251208,2025-12-08,2025,12,December,,,,,Painting - Station 05,Painting,cosmetic,major,rework,18.06,47.7
2825,20251208,2025-12-08,2025,12,December,Grille v2,Exterior,Arnold Ltd,99.0,Exterior Trim - Station 16,Exterior Trim,cosmetic,minor,rework,120.62,19.7
2826,20251208,2025-12-08,2025,12,December,,,,,Welding - Station 02,Welding,dimensional,minor,rework,3.84,10.1
2827,20251208,2025-12-08,2025,12,December,,,,,Welding - Station 01,Welding,dimensional,major,accepted_with_deviation,5.42,71.6
2828,20251208,2025-12-08,2025,12,December,Shock Absorber v3,Chassis,Wyatt Inc,85.8,Chassis Assembly - Station 08,Chassis Assembly,assembly,minor,rework,156.35,13.3
2829,20251208,2025-12-08,2025,12,December,Grille v2,Exterior,Arnold Ltd,99.0,Exterior Trim - Station 15,Exterior Trim,cosmetic,critical,rework,163.99,134.3
2830,20251209,2025-12-09,2025,12,December,Grille v2,Exterior,Arnold Ltd,99.0,Exterior Trim - Station 16,Exterior Trim,cosmetic,major,rework,132.21,50.3
2831,20251209,2025-12-09,2025,12,December,Battery Pack v2,Electrical,Wolfe LLC,91.2,Electrical Assembly - Station 13,Electrical Assembly,electrical,major,scrap,365.19,50.3
2832,20251209,2025-12-09,2025,12,December,,,,,Final Assembly - Station 18,Final Assembly,assembly,minor,rework,6.65,17.6
2833,20251209,2025-12-09,2025,12,December,,,,,Welding - Station 02,Welding,dimensional,minor,accepted_with_deviation,1.99,26.3
2834,20251209,2025-12-09,2025,12,December,Battery Pack v2,Electrical,Wolfe LLC,91.2,Electrical Assembly - Station 13,Electrical Assembly,electrical,major,rework,100.51,36.9
2835,20251209,2025-12-09,2025,12,December,,,,,Painting - Station 05,Painting,cosmetic,minor,rework,5.5,14.5
2836,20251209,2025-12-09,2025,12,December,Center Console,Interior,Rhodes PLC,80.3,Interior Assembly - Station 12,Interior Assembly,assembly,minor,rework,171.84,14.3
2837,20251210,2025-12-10,2025,12,December,,,,,Painting - Station 04,Painting,cosmetic,minor,rework,8.86,23.4
2838,20251210,2025-12-10,2025,12,December,,,,,Painting - Station 05,Painting,cosmetic,minor,rework,5.96,15.8
2839,20251210,2025-12-10,2025,12,December,Battery Pack v2,Electrical,Wolfe LLC,91.2,Electrical Assembly - Station 13,Electrical Assembly,electrical,major,rework,104.08,46.4
2840,20251211,2025-12-11,2025,12,December,Battery Pack v2,Electrical,Wolfe LLC,91.2,Electrical Assembly - Station 14,Electrical Assembly,electrical,major,rework,100.24,36.2
2841,20251211,2025-12-11,2025,12,December,,,,,Welding - Station 01,Welding,dimensional,critical,scrap,30.18,79.8
2842,20251211,2025-12-11,2025,12,December,Electric Motor v6,Powertrain,Wyatt Inc,85.8,Powertrain Assembly - Station 06,Powertrain Assembly,functional,major,rework,674.01,38.2
2843,20251211,2025-12-11,2025,12,December,Rear Bumper v5,Exterior,Wolfe LLC,91.2,Exterior Trim - Station 15,Exterior Trim,cosmetic,critical,scrap,492.95,115.5
2844,20251211,2025-12-11,2025,12,December,Battery Pack v2,Electrical,Wolfe LLC,91.2,Electrical Assembly - Station 14,Electrical Assembly,electrical,major,rework,110.04,62.1
2845,20251211,2025-12-11,2025,12,December,Grille v2,Exterior,Arnold Ltd,99.0,Exterior Trim - Station 16,Exterior Trim,cosmetic,major,rework,126.85,36.2
2846,20251212,2025-12-12,2025,12,December,Battery Pack v2,Electrical,Wolfe LLC,91.2,Electrical Assembly - Station 14,Electrical Assembly,electrical,minor,accepted_with_deviation,2.06,27.2
2847,20251212,2025-12-12,2025,12,December,Battery Pack v2,Electrical,Wolfe LLC,91.2,Electrical Assembly - Station 14,Electrical Assembly,electrical,minor,rework,95.38,23.4
2848,20251212,2025-12-12,2025,12,December,Headliner v2,Interior,Rhodes PLC,80.3,Interior Assembly - Station 10,Interior Assembly,assembly,critical,rework,162.25,65.9
2849,20251212,2025-12-12,2025,12,December,Headliner v2,Interior,Rhodes PLC,80.3,Interior Assembly - Station 10,Interior Assembly,assembly,major,accepted_with_deviation,4.89,64.6
2850,20251212,2025-12-12,2025,12,December,Drive Shaft v4,Powertrain,"Rodriguez, Figueroa and Sanchez",88.0,Powertrain Assembly - Station 06,Powertrain Assembly,functional,minor,rework,544.02,26.4
2851,20251212,2025-12-12,2025,12,December,Battery Pack v2,Electrical,Wolfe LLC,91.2,Electrical Assembly - Station 13,Electrical Assembly,electrical,major,rework,102.98,43.5
2852,20251212,2025-12-12,2025,12,December,Electric Motor v6,Powertrain,Wyatt Inc,85.8,Powertrain Assembly - Station 06,Powertrain Assembly,functional,critical,accepted_with_deviation,9.28,122.7
2853,20251212,2025-12-12,2025,12,December,Door Trim v7,Interior,"Johnson, Gonzalez and Santos",85.8,Interior Assembly - Station 10,Interior Assembly,assembly,minor,rework,71.72,13.6
2854,20251213,2025-12-13,2025,12,December,Grille v2,Exterior,Arnold Ltd,99.0,Exterior Trim - Station 15,Exterior Trim,cosmetic,minor,accepted_with_deviation,1.5,19.8
2855,20251213,2025-12-13,2025,12,December,Wiring Harness v6,Electrical,Bernard LLC,84.8,Electrical Assembly - Station 14,Electrical Assembly,electrical,critical,rework,114.39,100.0
2856,20251214,2025-12-14,2025,12,December,,,,,Welding - Station 02,Welding,dimensional,minor,rework,4.3,11.4
2857,20251215,2025-12-15,2025,12,December,Electric Motor v6,Powertrain,Wyatt Inc,85.8,Powertrain Assembly - Station 06,Powertrain Assembly,functional,major,rework,680.14,54.4
2858,20251215,2025-12-15,2025,12,December,,,,,Painting - Station 04,Painting,cosmetic,minor,rework,5.42,14.3
2859,20251215,2025-12-15,2025,12,December,Electric Motor v6,Powertrain,Wyatt Inc,85.8,Powertrain Assembly - Station 06,Powertrain Assembly,functional,minor,rework,667.54,21.0
2860,20251215,2025-12-15,2025,12,December,Headliner v2,Interior,Rhodes PLC,80.3,Interior Assembly - Station 11,Interior Assembly,assembly,minor,rework,148.64,29.9
2861,20251215,2025-12-15,2025,12,December,Brake Caliper v4,Chassis,Blair PLC,99.0,Chassis Assembly - Station 08,Chassis Assembly,assembly,critical,rework,189.29,92.3
2862,20251215,2025-12-15,2025,12,December,Battery Pack v2,Electrical,Wolfe LLC,91.2,Electrical Assembly - Station 13,Electrical Assembly,electrical,minor,rework,96.44,26.2
2863,20251215,2025-12-15,2025,12,December,Electric Motor v6,Powertrain,Wyatt Inc,85.8,Powertrain Assembly - Station 06,Powertrain Assembly,functional,minor,rework,668.11,22.5
2864,20251215,2025-12-15,2025,12,December,Dashboard Panel v5,Interior,Davis-Abbott,83.4,Interior Assembly - Station 10,Interior Assembly,assembly,major,rework,134.73,41.5
2865,20251215,2025-12-15,2025,12,December,,,,,Final Assembly - Station 18,Final Assembly,assembly,minor,rework,4.75,12.6
2866,20251215,2025-12-15,2025,12,December,Headliner v2,Interior,Rhodes PLC,80.3,Interior Assembly - Station 12,Interior Assembly,assembly,major,rework,162.83,67.4
2867,20251216,2025-12-16,2025,12,December,,,,,Final Assembly - Station 18,Final Assembly,assembly,minor,rework,8.94,23.6
2868,20251216,2025-12-16,2025,12,December,ABS Unit v4,Safety,"Rodriguez, Figueroa and Sanchez",88.0,Safety Systems - Station 17,Safety Systems,functional,major,rework,91.07,44.9
2869,20251216,2025-12-16,2025,12,December,,,,,Welding - Station 03,Welding,dimensional,minor,accepted_with_deviation,1.33,17.6
2870,20251216,2025-12-16,2025,12,December,Battery Pack v2,Electrical,Wolfe LLC,91.2,Electrical Assembly - Station 13,Electrical Assembly,electrical,minor,rework,97.46,28.9
2871,20251216,2025-12-16,2025,12,December,Grille v2,Exterior,Arnold Ltd,99.0,Exterior Trim - Station 16,Exterior Trim,cosmetic,minor,rework,123.34,26.9
2872,20251216,2025-12-16,2025,12,December,Brake Caliper v4,Chassis,Blair PLC,99.0,Chassis Assembly - Station 08,Chassis Assembly,assembly,minor,rework,163.02,22.9
2873,20251216,2025-12-16,2025,12,December,Headliner v2,Interior,Rhodes PLC,80.3,Interior Assembly - Station 12,Interior Assembly,assembly,critical,scrap,598.88,130.9
2874,20251216,2025-12-16,2025,12,December,,,,,Quality Check - Station 19,Quality Check,dimensional,major,rework,15.17,40.1
2875,20251216,2025-12-16,2025,12,December,Dashboard Panel v5,Interior,Davis-Abbott,83.4,Interior Assembly - Station 11,Interior Assembly,assembly,minor,accepted_with_deviation,1.69,22.3
2876,20251216,2025-12-16,2025,12,December,,,,,Painting - Station 05,Painting,cosmetic,minor,rework,7.12,18.8
2877,20251216,2025-12-16,2025,12,December,Brake Caliper v4,Chassis,Blair PLC,99.0,Chassis Assembly - Station 08,Chassis Assembly,assembly,critical,rework,198.98,117.9
2878,20251217,2025-12-17,2025,12,December,,,,,Painting - Station 05,Painting,cosmetic,minor,rework,9.05,23.9
2879,20251217,2025-12-17,2025,12,December,Shock Absorber v3,Chassis,Wyatt Inc,85.8,Chassis Assembly - Station 08,Chassis Assembly,assembly,minor,rework,157.67,16.8
2880,20251217,2025-12-17,2025,12,December,,,,,Welding - Station 02,Welding,dimensional,minor,accepted_with_deviation,2.18,28.7
2881,20251217,2025-12-17,2025,12,December,Battery Pack v2,Electrical,Wolfe LLC,91.2,Electrical Assembly - Station 14,Electrical Assembly,electrical,minor,rework,91.73,13.7
2882,20251217,2025-12-17,2025,12,December,Grille v2,Exterior,Arnold Ltd,99.0,Exterior Trim - Station 15,Exterior Trim,cosmetic,major,rework,136.47,61.6
2883,20251218,2025-12-18,2025,12,December,,,,,Final Assembly - Station 18,Final Assembly,assembly,minor,rework,7.44,19.7
2884,20251218,2025-12-18,2025,12,December,Battery Pack v2,Electrical,Wolfe LLC,91.2,Electrical Assembly - Station 14,Electrical Assembly,electrical,minor,rework,93.72,19.0
2885,20251218,2025-12-18,2025,12,December,,,,,Welding - Station 02,Welding,dimensional,minor,rework,4.69,12.4
2886,20251218,2025-12-18,2025,12,December,Rear Bumper v5,Exterior,Wolfe LLC,91.2,Exterior Trim - Station 15,Exterior Trim,cosmetic,major,rework,132.24,52.7
2887,20251218,2025-12-18,2025,12,December,Headliner v2,Interior,Rhodes PLC,80.3,Interior Assembly - Station 10,Interior Assembly,assembly,minor,rework,148.6,29.8
2888,20251218,2025-12-18,2025,12,December,Rear Bumper v5,Exterior,Wolfe LLC,91.2,Exterior Trim - Station 16,Exterior Trim,cosmetic,minor,rework,118.41,16.1
2889,20251218,2025-12-18,2025,12,December,Electric Motor v6,Powertrain,Wyatt Inc,85.8,Powertrain Assembly - Station 07,Powertrain Assembly,functional,minor,accepted_with_deviation,1.19,15.7
2890,20251218,2025-12-18,2025,12,December,Grille v2,Exterior,Arnold Ltd,99.0,Exterior Trim - Station 16,Exterior Trim,cosmetic,major,rework,133.76,54.4
2891,20251219,2025-12-19,2025,12,December,Grille v2,Exterior,Arnold Ltd,99.0,Exterior Trim - Station 15,Exterior Trim,cosmetic,major,rework,136.16,60.8
2892,20251219,2025-12-19,2025,12,December,,,,,Painting - Station 05,Painting,cosmetic,minor,rework,8.01,21.2
2893,20251219,2025-12-19,2025,12,December,Grille v2,Exterior,Arnold Ltd,99.0,Exterior Trim - Station 15,Exterior Trim,cosmetic,major,rework,130.79,46.6
2894,20251219,2025-12-19,2025,12,December,Headliner v2,Interior,Rhodes PLC,80.3,Interior Assembly - Station 12,Interior Assembly,assembly,minor,rework,141.37,10.7
2895,20251222,2025-12-22,2025,12,December,,,,,Welding - Station 01,Welding,dimensional,minor,rework,8.37,22.1
2896,20251222,2025-12-22,2025,12,December,,,,,Welding - Station 03,Welding,dimensional,minor,rework,9.44,25.0
2897,20251222,2025-12-22,2025,12,December,Grille v2,Exterior,Arnold Ltd,99.0,Exterior Trim - Station 15,Exterior Trim,cosmetic,major,rework,141.11,73.9
2898,20251222,2025-12-22,2025,12,December,,,,,Welding - Station 03,Welding,dimensional,critical,rework,56.51,149.4
2899,20251222,2025-12-22,2025,12,December,,,,,Painting - Station 05,Painting,cosmetic,minor,rework,6.61,17.5
2900,20251222,2025-12-22,2025,12,December,Grille v2,Exterior,Arnold Ltd,99.0,Exterior Trim - Station 15,Exterior Trim,cosmetic,minor,accepted_with_deviation,0.98,13.0
2901,20251222,2025-12-22,2025,12,December,Electric Motor v6,Powertrain,Wyatt Inc,85.8,Powertrain Assembly - Station 06,Powertrain Assembly,functional,major,rework,687.01,72.5
2902,20251222,2025-12-22,2025,12,December,Rear Bumper v5,Exterior,Wolfe LLC,91.2,Exterior Trim - Station 16,Exterior Trim,cosmetic,major,rework,138.4,68.9
2903,20251222,2025-12-22,2025,12,December,Headliner v2,Interior,Rhodes PLC,80.3,Interior Assembly - Station 12,Interior Assembly,assembly,minor,rework,148.29,29.0
2904,20251222,2025-12-22,2025,12,December,,,,,Painting - Station 04,Painting,cosmetic,minor,rework,7.76,20.5
2905,20251222,2025-12-22,2025,12,December,Battery Pack v2,Electrical,Wolfe LLC,91.2,Electrical Assembly - Station 14,Electrical Assembly,electrical,major,accepted_with_deviation,4.39,58.0
2906,20251223,2025-12-23,2025,12,December,,,,,Welding - Station 01,Welding,dimensional,minor,rework,8.98,23.7
2907,20251223,2025-12-23,2025,12,December,Battery Pack v2,Electrical,Wolfe LLC,91.2,Electrical Assembly - Station 13,Electrical Assembly,electrical,major,rework,101.05,38.3
2908,20251223,2025-12-23,2025,12,December,Shock Absorber v3,Chassis,Wyatt Inc,85.8,Chassis Assembly - Station 08,Chassis Assembly,assembly,minor,rework,162.21,28.8
2909,20251223,2025-12-23,2025,12,December,Headliner v2,Interior,Rhodes PLC,80.3,Interior Assembly - Station 12,Interior Assembly,assembly,critical,rework,161.98,65.1
2910,20251223,2025-12-23,2025,12,December,Electric Motor v6,Powertrain,Wyatt Inc,85.8,Powertrain Assembly - Station 06,Powertrain Assembly,functional,minor,rework,665.87,16.6
2911,20251223,2025-12-23,2025,12,December,Shock Absorber v3,Chassis,Wyatt Inc,85.8,Chassis Assembly - Station 09,Chassis Assembly,assembly,major,rework,171.33,52.9
2912,20251223,2025-12-23,2025,12,December,ABS Unit v4,Safety,"Rodriguez, Figueroa and Sanchez",88.0,Safety Systems - Station 17,Safety Systems,functional,minor,rework,78.72,12.3
2913,20251224,2025-12-24,2025,12,December,Dashboard Panel v5,Interior,Davis-Abbott,83.4,Interior Assembly - Station 10,Interior Assembly,assembly,minor,rework,128.44,24.8
2914,20251224,2025-12-24,2025,12,December,ECU Module v7,Electrical,"Rodriguez, Figueroa and Sanchez",88.0,Electrical Assembly - Station 14,Electrical Assembly,electrical,major,accepted_with_deviation,4.08,53.9
2915,20251224,2025-12-24,2025,12,December,,,,,Welding - Station 02,Welding,dimensional,minor,rework,8.62,22.8
2916,20251224,2025-12-24,2025,12,December,Battery Pack v2,Electrical,Wolfe LLC,91.2,Electrical Assembly - Station 14,Electrical Assembly,electrical,major,rework,110.92,64.4
2917,20251224,2025-12-24,2025,12,December,,,,,Painting - Station 04,Painting,cosmetic,minor,rework,8.02,21.2
2918,20251224,2025-12-24,2025,12,December,Grille v2,Exterior,Arnold Ltd,99.0,Exterior Trim - Station 15,Exterior Trim,cosmetic,minor,rework,122.76,25.4
2919,20251224,2025-12-24,2025,12,December,,,,,Painting - Station 04,Painting,cosmetic,critical,scrap,24.01,63.5
2920,20251224,2025-12-24,2025,12,December,Grille v2,Exterior,Arnold Ltd,99.0,Exterior Trim - Station 15,Exterior Trim,cosmetic,minor,rework,122.76,25.4
2921,20251224,2025-12-24,2025,12,December,Rear Bumper v5,Exterior,Wolfe LLC,91.2,Exterior Trim - Station 15,Exterior Trim,cosmetic,minor,rework,123.61,29.9
2922,20251224,2025-12-24,2025,12,December,,,,,Final Assembly - Station 18,Final Assembly,assembly,minor,rework,7.25,19.2
2923,20251224,2025-12-24,2025,12,December,Headliner v2,Interior,Rhodes PLC,80.3,Interior Assembly - Station 12,Interior Assembly,assembly,minor,rework,143.8,17.1
2924,20251224,2025-12-24,2025,12,December,Grille v2,Exterior,Arnold Ltd,99.0,Exterior Trim - Station 15,Exterior Trim,cosmetic,minor,rework,117.8,12.3
2925,20251225,2025-12-25,2025,12,December,,,,,Welding - Station 02,Welding,dimensional,major,rework,14.84,39.2
2926,20251225,2025-12-25,2025,12,December,Headliner v2,Interior,Rhodes PLC,80.3,Interior Assembly - Station 10,Interior Assembly,assembly,minor,rework,148.27,28.9
2927,20251225,2025-12-25,2025,12,December,Brake Caliper v4,Chassis,Blair PLC,99.0,Chassis Assembly - Station 08,Chassis Assembly,assembly,critical,scrap,644.67,71.9
2928,20251225,2025-12-25,2025,12,December,ECU Module v7,Electrical,"Rodriguez, Figueroa and Sanchez",88.0,Electrical Assembly - Station 14,Electrical Assembly,electrical,major,rework,63.28,56.5
2929,20251225,2025-12-25,2025,12,December,,,,,Final Assembly - Station 18,Final Assembly,assembly,minor,rework,6.1,16.1
2930,20251225,2025-12-25,2025,12,December,Headliner v2,Interior,Rhodes PLC,80.3,Interior Assembly - Station 11,Interior Assembly,assembly,minor,rework,144.94,20.1
2931,20251225,2025-12-25,2025,12,December,Electric Motor v6,Powertrain,Wyatt Inc,85.8,Powertrain Assembly - Station 07,Powertrain Assembly,functional,minor,rework,664.53,13.1
2932,20251225,2025-12-25,2025,12,December,,,,,Final Assembly - Station 18,Final Assembly,assembly,major,rework,12.25,32.4
2933,20251225,2025-12-25,2025,12,December,Grille v2,Exterior,Arnold Ltd,99.0,Exterior Trim - Station 16,Exterior Trim,cosmetic,minor,rework,120.91,20.5
2934,20251226,2025-12-26,2025,12,December,Battery Pack v2,Electrical,Wolfe LLC,91.2,Electrical Assembly - Station 14,Electrical Assembly,electrical,minor,rework,92.4,15.5
2935,20251226,2025-12-26,2025,12,December,,,,,Welding - Station 03,Welding,dimensional,major,rework,13.02,34.4
2936,20251226,2025-12-26,2025,12,December,Crash Sensor v5,Safety,"Rodriguez, Figueroa and Sanchez",88.0,Safety Systems - Station 17,Safety Systems,functional,minor,rework,96.47,29.3
2937,20251227,2025-12-27,2025,12,December,Headliner v2,Interior,Rhodes PLC,80.3,Interior Assembly - Station 12,Interior Assembly,assembly,minor,rework,142.34,13.2
2938,20251228,2025-12-28,2025,12,December,,,,,Welding - Station 02,Welding,dimensional,minor,rework,4.37,11.6
2939,20251229,2025-12-29,2025,12,December,,,,,Final Assembly - Station 18,Final Assembly,assembly,major,rework,27.77,73.4
2940,20251229,2025-12-29,2025,12,December,Dashboard Panel v5,Interior,Davis-Abbott,83.4,Interior Assembly - Station 11,Interior Assembly,assembly,minor,rework,127.91,23.4
2941,20251229,2025-12-29,2025,12,December,Dashboard Panel v5,Interior,Davis-Abbott,83.4,Interior Assembly - Station 12,Interior Assembly,assembly,minor,rework,126.92,20.8
2942,20251229,2025-12-29,2025,12,December,Headliner v2,Interior,Rhodes PLC,80.3,Interior Assembly - Station 10,Interior Assembly,assembly,critical,rework,165.09,73.4
2943,20251229,2025-12-29,2025,12,December,Brake Caliper v4,Chassis,Blair PLC,99.0,Chassis Assembly - Station 09,Chassis Assembly,assembly,minor,rework,164.94,27.9
2944,20251229,2025-12-29,2025,12,December,Brake Caliper v4,Chassis,Blair PLC,99.0,Chassis Assembly - Station 08,Chassis Assembly,assembly,minor,rework,158.48,10.9
2945,20251229,2025-12-29,2025,12,December,Shock Absorber v3,Chassis,Wyatt Inc,85.8,Chassis Assembly - Station 08,Chassis Assembly,assembly,minor,rework,158.18,18.1
2946,20251229,2025-12-29,2025,12,December,,,,,Welding - Station 01,Welding,dimensional,major,rework,14.89,39.4
2947,20251229,2025-12-29,2025,12,December,,,,,Painting - Station 05,Painting,cosmetic,minor,rework,10.37,27.4
2948,20251230,2025-12-30,2025,12,December,Battery Pack v2,Electrical,Wolfe LLC,91.2,Electrical Assembly - Station 14,Electrical Assembly,electrical,minor,rework,91.0,11.8
2949,20251230,2025-12-30,2025,12,December,Headliner v2,Interior,Rhodes PLC,80.3,Interior Assembly - Station 11,Interior Assembly,assembly,minor,accepted_with_deviation,1.26,16.7
2950,20251230,2025-12-30,2025,12,December,Battery Pack v2,Electrical,Wolfe LLC,91.2,Electrical Assembly - Station 14,Electrical Assembly,electrical,major,scrap,366.49,53.7
2951,20251230,2025-12-30,2025,12,December,Brake Caliper v4,Chassis,Blair PLC,99.0,Chassis Assembly - Station 08,Chassis Assembly,assembly,minor,rework,164.73,27.4
2952,20251231,2025-12-31,2025,12,December,,,,,Painting - Station 04,Painting,cosmetic,minor,accepted_with_deviation,1.3,17.2
2953,20251231,2025-12-31,2025,12,December,Battery Pack v2,Electrical,Wolfe LLC,91.2,Electrical Assembly - Station 13,Electrical Assembly,electrical,major,rework,98.42,31.4
2954,20251231,2025-12-31,2025,12,December,,,,,Welding - Station 01,Welding,dimensional,minor,rework,9.71,25.7
2955,20251231,2025-12-31,2025,12,December,,,,,Welding - Station 03,Welding,dimensional,major,accepted_with_deviation,3.94,52.0
2956,20251231,2025-12-31,2025,12,December,,,,,Welding - Station 01,Welding,dimensional,minor,rework,4.81,12.7
2957,20251231,2025-12-31,2025,12,December,,,,,Painting - Station 04,Painting,cosmetic,minor,rework,8.75,23.1
2958,20251231,2025-12-31,2025,12,December,,,,,Painting - Station 05,Painting,cosmetic,minor,rework,8.1,21.4
2959,20260101,2026-01-01,2026,1,January,Brake Caliper v4,Chassis,Blair PLC,99.0,Chassis Assembly - Station 08,Chassis Assembly,assembly,major,scrap,633.21,41.6
2960,20260101,2026-01-01,2026,1,January,Shock Absorber v3,Chassis,Wyatt Inc,85.8,Chassis Assembly - Station 08,Chassis Assembly,assembly,major,rework,178.86,72.8
2961,20260101,2026-01-01,2026,1,January,Battery Pack v2,Electrical,Wolfe LLC,91.2,Electrical Assembly - Station 13,Electrical Assembly,electrical,minor,rework,91.96,14.3
2962,20260101,2026-01-01,2026,1,January,,,,,Welding - Station 01,Welding,dimensional,minor,rework,6.22,16.4
2963,20260101,2026-01-01,2026,1,January,ECU Module v7,Electrical,"Rodriguez, Figueroa and Sanchez",88.0,Electrical Assembly - Station 13,Electrical Assembly,electrical,minor,rework,47.96,16.0
2964,20260101,2026-01-01,2026,1,January,Door Trim v7,Interior,"Johnson, Gonzalez and Santos",85.8,Interior Assembly - Station 11,Interior Assembly,assembly,minor,accepted_with_deviation,2.22,29.3
2965,20260102,2026-01-02,2026,1,January,Backup Camera v6,Safety,Cole LLC,99.0,Safety Systems - Station 17,Safety Systems,functional,major,rework,126.17,69.2
2966,20260102,2026-01-02,2026,1,January,Grille v2,Exterior,Arnold Ltd,99.0,Exterior Trim - Station 16,Exterior Trim,cosmetic,minor,rework,120.13,18.4
2967,20260102,2026-01-02,2026,1,January,,,,,Painting - Station 05,Painting,cosmetic,minor,rework,9.19,24.3
2968,20260102,2026-01-02,2026,1,January,,,,,Quality Check - Station 19,Quality Check,dimensional,major,rework,27.36,72.3
2969,20260102,2026-01-02,2026,1,January,Electric Motor v6,Powertrain,Wyatt Inc,85.8,Powertrain Assembly - Station 07,Powertrain Assembly,functional,critical,scrap,2663.5,66.6
2970,20260102,2026-01-02,2026,1,January,,,,,Welding - Station 01,Welding,dimensional,major,rework,12.13,32.0
2971,20260102,2026-01-02,2026,1,January,Headliner v2,Interior,Rhodes PLC,80.3,Interior Assembly - Station 11,Interior Assembly,assembly,minor,accepted_with_deviation,1.86,24.5
2972,20260102,2026-01-02,2026,1,January,Battery Pack v2,Electrical,Wolfe LLC,91.2,Electrical Assembly - Station 13,Electrical Assembly,electrical,major,rework,104.43,47.3
2973,20260102,2026-01-02,2026,1,January,,,,,Final Assembly - Station 18,Final Assembly,assembly,minor,rework,11.16,29.5
2974,20260103,2026-01-03,2026,1,January,Headliner v2,Interior,Rhodes PLC,80.3,Interior Assembly - Station 12,Interior Assembly,assembly,minor,rework,147.55,27.0
2975,20260103,2026-01-03,2026,1,January,Headliner v2,Interior,Rhodes PLC,80.3,Interior Assembly - Station 10,Interior Assembly,assembly,minor,rework,146.31,23.7
2976,20260103,2026-01-03,2026,1,January,,,,,Painting - Station 04,Painting,cosmetic,minor,accepted_with_deviation,1.8,23.8
2977,20260103,2026-01-03,2026,1,January,Grille v2,Exterior,Arnold Ltd,99.0,Exterior Trim - Station 15,Exterior Trim,cosmetic,minor,rework,119.65,17.1
2978,20260104,2026-01-04,2026,1,January,,,,,Final Assembly - Station 18,Final Assembly,assembly,major,rework,13.12,34.7
2979,20260104,2026-01-04,2026,1,January,Shock Absorber v3,Chassis,Wyatt Inc,85.8,Chassis Assembly - Station 09,Chassis Assembly,assembly,critical,rework,198.68,125.2
2980,20260104,2026-01-04,2026,1,January,Grille v2,Exterior,Arnold Ltd,99.0,Exterior Trim - Station 15,Exterior Trim,cosmetic,minor,rework,121.04,20.8
2981,20260105,2026-01-05,2026,1,January,Drive Shaft v4,Powertrain,"Rodriguez, Figueroa and Sanchez",88.0,Powertrain Assembly - Station 06,Powertrain Assembly,functional,minor,rework,539.97,15.7
2982,20260105,2026-01-05,2026,1,January,,,,,Welding - Station 02,Welding,dimensional,minor,rework,5.03,13.3
2983,20260105,2026-01-05,2026,1,January,Rear Bumper v5,Exterior,Wolfe LLC,91.2,Exterior Trim - Station 16,Exterior Trim,cosmetic,minor,rework,119.11,18.0
2984,20260105,2026-01-05,2026,1,January,Electric Motor v6,Powertrain,Wyatt Inc,85.8,Powertrain Assembly - Station 06,Powertrain Assembly,functional,minor,rework,663.37,10.0
2985,20260105,2026-01-05,2026,1,January,Electric Motor v6,Powertrain,Wyatt Inc,85.8,Powertrain Assembly - Station 06,Powertrain Assembly,functional,major,rework,687.34,73.4
2986,20260105,2026-01-05,2026,1,January,Electric Motor v6,Powertrain,Wyatt Inc,85.8,Powertrain Assembly - Station 06,Powertrain Assembly,functional,minor,rework,668.41,23.3
2987,20260105,2026-01-05,2026,1,January,Crash Sensor v5,Safety,"Rodriguez, Figueroa and Sanchez",88.0,Safety Systems - Station 17,Safety Systems,functional,minor,rework,95.94,27.9
2988,20260105,2026-01-05,2026,1,January,,,,,Final Assembly - Station 18,Final Assembly,assembly,minor,rework,6.81,18.0
2989,20260105,2026-01-05,2026,1,January,,,,,Welding - Station 03,Welding,dimensional,minor,rework,7.76,20.5
2990,20260105,2026-01-05,2026,1,January,Electric Motor v6,Powertrain,Wyatt Inc,85.8,Powertrain Assembly - Station 06,Powertrain Assembly,functional,major,rework,674.22,38.7
2991,20260106,2026-01-06,2026,1,January,Headliner v2,Interior,Rhodes PLC,80.3,Interior Assembly - Station 12,Interior Assembly,assembly,critical,scrap,579.31,79.2
2992,20260106,2026-01-06,2026,1,January,Shock Absorber v3,Chassis,Wyatt Inc,85.8,Chassis Assembly - Station 08,Chassis Assembly,assembly,minor,rework,155.64,11.4
2993,20260106,2026-01-06,2026,1,January,Headliner v2,Interior,Rhodes PLC,80.3,Interior Assembly - Station 10,Interior Assembly,assembly,minor,rework,145.91,22.7
2994,20260106,2026-01-06,2026,1,January,Brake Caliper v4,Chassis,Blair PLC,99.0,Chassis Assembly - Station 09,Chassis Assembly,assembly,minor,rework,159.55,13.7
2995,20260106,2026-01-06,2026,1,January,,,,,Final Assembly - Station 18,Final Assembly,assembly,minor,rework,4.51,11.9
2996,20260106,2026-01-06,2026,1,January,Headliner v2,Interior,Rhodes PLC,80.3,Interior Assembly - Station 11,Interior Assembly,assembly,minor,rework,141.22,10.3
2997,20260106,2026-01-06,2026,1,January,Grille v2,Exterior,Arnold Ltd,99.0,Exterior Trim - Station 16,Exterior Trim,cosmetic,major,accepted_with_deviation,3.5,46.2
2998,20260107,2026-01-07,2026,1,January,Battery Pack v2,Electrical,Wolfe LLC,91.2,Electrical Assembly - Station 14,Electrical Assembly,electrical,minor,rework,91.75,13.8
2999,20260107,2026-01-07,2026,1,January,,,,,Welding - Station 01,Welding,dimensional,minor,rework,6.5,17.2
3000,20260107,2026-01-07,2026,1,January,Dashboard Panel v5,Interior,Davis-Abbott,83.4,Interior Assembly - Station 12,Interior Assembly,assembly,major,rework,139.17,53.2
3001,20260107,2026-01-07,2026,1,January,Grille v2,Exterior,Arnold Ltd,99.0,Exterior Trim - Station 16,Exterior Trim,cosmetic,minor,accepted_with_deviation,2.24,29.6
3002,20260107,2026-01-07,2026,1,January,Grille v2,Exterior,Arnold Ltd,99.0,Exterior Trim - Station 15,Exterior Trim,cosmetic,minor,rework,122.07,23.5
3003,20260107,2026-01-07,2026,1,January,,,,,Welding - Station 03,Welding,dimensional,minor,rework,8.36,22.1
3004,20260107,2026-01-07,2026,1,January,Electric Motor v6,Powertrain,Wyatt Inc,85.8,Powertrain Assembly - Station 06,Powertrain Assembly,functional,major,rework,672.87,35.1
3005,20260108,2026-01-08,2026,1,January,,,,,Painting - Station 04,Painting,cosmetic,minor,rework,5.13,13.6
3006,20260108,2026-01-08,2026,1,January,Shock Absorber v3,Chassis,Wyatt Inc,85.8,Chassis Assembly - Station 09,Chassis Assembly,assembly,major,rework,171.5,53.3
3007,20260108,2026-01-08,2026,1,January,Electric Motor v6,Powertrain,Wyatt Inc,85.8,Powertrain Assembly - Station 06,Powertrain Assembly,functional,minor,rework,664.07,11.9
3008,20260108,2026-01-08,2026,1,January,,,,,Welding - Station 01,Welding,dimensional,major,rework,15.17,40.1
3009,20260108,2026-01-08,2026,1,January,Door Trim v7,Interior,"Johnson, Gonzalez and Santos",85.8,Interior Assembly - Station 12,Interior Assembly,assembly,minor,rework,76.5,26.3
3010,20260108,2026-01-08,2026,1,January,Battery Pack v2,Electrical,Wolfe LLC,91.2,Electrical Assembly - Station 14,Electrical Assembly,electrical,minor,accepted_with_deviation,1.46,19.3
3011,20260108,2026-01-08,2026,1,January,,,,,Painting - Station 05,Painting,cosmetic,minor,rework,4.36,11.5
3012,20260108,2026-01-08,2026,1,January,Electric Motor v6,Powertrain,Wyatt Inc,85.8,Powertrain Assembly - Station 06,Powertrain Assembly,functional,major,accepted_with_deviation,4.84,64.0
3013,20260109,2026-01-09,2026,1,January,Brake Caliper v4,Chassis,Blair PLC,99.0,Chassis Assembly - Station 08,Chassis Assembly,assembly,minor,rework,161.45,18.7
3014,20260109,2026-01-09,2026,1,January,Grille v2,Exterior,Arnold Ltd,99.0,Exterior Trim - Station 16,Exterior Trim,cosmetic,minor,rework,117.15,10.5
3015,20260109,2026-01-09,2026,1,January,,,,,Painting - Station 05,Painting,cosmetic,major,rework,11.82,31.2
3016,20260109,2026-01-09,2026,1,January,Brake Caliper v4,Chassis,Blair PLC,99.0,Chassis Assembly - Station 09,Chassis Assembly,assembly,minor,rework,161.88,19.9
3017,20260110,2026-01-10,2026,1,January,,,,,Painting - Station 04,Painting,cosmetic,minor,rework,4.59,12.1
3018,20260110,2026-01-10,2026,1,January,,,,,Welding - Station 03,Welding,dimensional,minor,rework,4.54,12.0
3019,20260110,2026-01-10,2026,1,January,,,,,Welding - Station 03,Welding,dimensional,critical,rework,43.19,114.1
3020,20260111,2026-01-11,2026,1,January,Battery Pack v2,Electrical,Wolfe LLC,91.2,Electrical Assembly - Station 14,Electrical Assembly,electrical,minor,rework,94.85,22.0
3021,20260112,2026-01-12,2026,1,January,,,,,Painting - Station 05,Painting,cosmetic,major,rework,17.1,45.2
3022,20260112,2026-01-12,2026,1,January,Brake Caliper v4,Chassis,Blair PLC,99.0,Chassis Assembly - Station 09,Chassis Assembly,assembly,minor,rework,164.4,26.5
3023,20260112,2026-01-12,2026,1,January,,,,,Welding - Station 03,Welding,dimensional,minor,rework,8.45,22.3
3024,20260112,2026-01-12,2026,1,January,Grille v2,Exterior,Arnold Ltd,99.0,Exterior Trim - Station 15,Exterior Trim,cosmetic,minor,rework,120.59,19.6
3025,20260112,2026-01-12,2026,1,January,Shock Absorber v3,Chassis,Wyatt Inc,85.8,Chassis Assembly - Station 09,Chassis Assembly,assembly,critical,scrap,648.76,114.9
3026,20260112,2026-01-12,2026,1,January,Grille v2,Exterior,Arnold Ltd,99.0,Exterior Trim - Station 16,Exterior Trim,cosmetic,minor,rework,123.56,27.5
3027,20260112,2026-01-12,2026,1,January,Headliner v2,Interior,Rhodes PLC,80.3,Interior Assembly - Station 10,Interior Assembly,assembly,minor,rework,147.77,27.6
3028,20260112,2026-01-12,2026,1,January,,,,,Painting - Station 05,Painting,cosmetic,minor,rework,6.74,17.8
3029,20260113,2026-01-13,2026,1,January,Brake Caliper v4,Chassis,Blair PLC,99.0,Chassis Assembly - Station 09,Chassis Assembly,assembly,minor,rework,161.53,18.9
3030,20260113,2026-01-13,2026,1,January,Battery Pack v2,Electrical,Wolfe LLC,91.2,Electrical Assembly - Station 13,Electrical Assembly,electrical,minor,rework,94.4,20.8
3031,20260113,2026-01-13,2026,1,January,ABS Unit v4,Safety,"Rodriguez, Figueroa and Sanchez",88.0,Safety Systems - Station 17,Safety Systems,functional,major,rework,86.51,32.8
3032,20260113,2026-01-13,2026,1,January,Shock Absorber v3,Chassis,Wyatt Inc,85.8,Chassis Assembly - Station 09,Chassis Assembly,assembly,minor,accepted_with_deviation,1.97,26.0
3033,20260113,2026-01-13,2026,1,January,,,,,Welding - Station 02,Welding,dimensional,major,rework,14.7,38.9
3034,20260113,2026-01-13,2026,1,January,Battery Pack v2,Electrical,Wolfe LLC,91.2,Electrical Assembly - Station 14,Electrical Assembly,electrical,major,scrap,371.72,67.5
3035,20260114,2026-01-14,2026,1,January,Headliner v2,Interior,Rhodes PLC,80.3,Interior Assembly - Station 12,Interior Assembly,assembly,minor,rework,146.27,23.6
3036,20260114,2026-01-14,2026,1,January,,,,,Painting - Station 04,Painting,cosmetic,minor,rework,7.86,20.8
3037,20260114,2026-01-14,2026,1,January,Headliner v2,Interior,Rhodes PLC,80.3,Interior Assembly - Station 11,Interior Assembly,assembly,minor,rework,146.03,23.0
3038,20260114,2026-01-14,2026,1,January,Electric Motor v6,Powertrain,Wyatt Inc,85.8,Powertrain Assembly - Station 06,Powertrain Assembly,functional,minor,rework,669.28,25.6
3039,20260114,2026-01-14,2026,1,January,Brake Caliper v4,Chassis,Blair PLC,99.0,Chassis Assembly - Station 09,Chassis Assembly,assembly,minor,rework,163.59,24.4
3040,20260114,2026-01-14,2026,1,January,Dashboard Panel v5,Interior,Davis-Abbott,83.4,Interior Assembly - Station 10,Interior Assembly,assembly,critical,rework,154.78,94.5
3041,20260114,2026-01-14,2026,1,January,Battery Pack v2,Electrical,Wolfe LLC,91.2,Electrical Assembly - Station 13,Electrical Assembly,electrical,critical,accepted_with_deviation,5.22,69.0
3042,20260114,2026-01-14,2026,1,January,ECU Module v7,Electrical,"Rodriguez, Figueroa and Sanchez",88.0,Electrical Assembly - Station 14,Electrical Assembly,electrical,major,rework,59.57,46.7
3043,20260114,2026-01-14,2026,1,January,,,,,Painting - Station 05,Painting,cosmetic,minor,rework,5.91,15.6
3044,20260115,2026-01-15,2026,1,January,Grille v2,Exterior,Arnold Ltd,99.0,Exterior Trim - Station 16,Exterior Trim,cosmetic,minor,rework,123.15,26.4
3045,20260115,2026-01-15,2026,1,January,Rear Bumper v5,Exterior,Wolfe LLC,91.2,Exterior Trim - Station 15,Exterior Trim,cosmetic,minor,rework,119.31,18.5
3046,20260115,2026-01-15,2026,1,January,Grille v2,Exterior,Arnold Ltd,99.0,Exterior Trim - Station 16,Exterior Trim,cosmetic,minor,rework,121.13,21.0
3047,20260116,2026-01-16,2026,1,January,,,,,Welding - Station 01,Welding,dimensional,major,rework,24.34,64.3
3048,20260116,2026-01-16,2026,1,January,Battery Pack v2,Electrical,Wolfe LLC,91.2,Electrical Assembly - Station 14,Electrical Assembly,electrical,minor,rework,90.42,10.2
3049,20260116,2026-01-16,2026,1,January,Headliner v2,Interior,Rhodes PLC,80.3,Interior Assembly - Station 10,Interior Assembly,assembly,minor,rework,148.23,28.8
3050,20260116,2026-01-16,2026,1,January,ABS Unit v4,Safety,"Rodriguez, Figueroa and Sanchez",88.0,Safety Systems - Station 17,Safety Systems,functional,minor,rework,84.08,26.4
3051,20260116,2026-01-16,2026,1,January,Drive Shaft v4,Powertrain,"Rodriguez, Figueroa and Sanchez",88.0,Powertrain Assembly - Station 07,Powertrain Assembly,functional,major,rework,561.66,73.0
3052,20260117,2026-01-17,2026,1,January,Brake Caliper v4,Chassis,Blair PLC,99.0,Chassis Assembly - Station 08,Chassis Assembly,assembly,minor,rework,159.09,12.5
3053,20260117,2026-01-17,2026,1,January,Grille v2,Exterior,Arnold Ltd,99.0,Exterior Trim - Station 15,Exterior Trim,cosmetic,critical,rework,156.72,115.1
3054,20260117,2026-01-17,2026,1,January,Shock Absorber v3,Chassis,Wyatt Inc,85.8,Chassis Assembly - Station 09,Chassis Assembly,assembly,minor,rework,162.52,29.6
3055,20260117,2026-01-17,2026,1,January,Shock Absorber v3,Chassis,Wyatt Inc,85.8,Chassis Assembly - Station 09,Chassis Assembly,assembly,minor,rework,162.44,29.4
3056,20260118,2026-01-18,2026,1,January,Brake Caliper v4,Chassis,Blair PLC,99.0,Chassis Assembly - Station 09,Chassis Assembly,assembly,minor,rework,160.75,16.9
3057,20260119,2026-01-19,2026,1,January,,,,,Painting - Station 04,Painting,cosmetic,major,rework,17.94,47.4
3058,20260119,2026-01-19,2026,1,January,,,,,Welding - Station 02,Welding,dimensional,major,rework,22.57,59.6
3059,20260119,2026-01-19,2026,1,January,Crash Sensor v5,Safety,"Rodriguez, Figueroa and Sanchez",88.0,Safety Systems - Station 17,Safety Systems,functional,major,rework,97.24,31.4
3060,20260119,2026-01-19,2026,1,January,Electric Motor v6,Powertrain,Wyatt Inc,85.8,Powertrain Assembly - Station 06,Powertrain Assembly,functional,major,accepted_with_deviation,3.08,40.7
3061,20260119,2026-01-19,2026,1,January,,,,,Welding - Station 01,Welding,dimensional,minor,rework,11.02,29.1
3062,20260119,2026-01-19,2026,1,January,,,,,Final Assembly - Station 18,Final Assembly,assembly,minor,rework,7.93,21.0
3063,20260119,2026-01-19,2026,1,January,Backup Camera v6,Safety,Cole LLC,99.0,Safety Systems - Station 17,Safety Systems,functional,minor,rework,108.32,22.1
3064,20260119,2026-01-19,2026,1,January,Grille v2,Exterior,Arnold Ltd,99.0,Exterior Trim - Station 15,Exterior Trim,cosmetic,minor,rework,122.13,23.7
3065,20260120,2026-01-20,2026,1,January,Rear Bumper v5,Exterior,Wolfe LLC,91.2,Exterior Trim - Station 15,Exterior Trim,cosmetic,minor,rework,119.01,17.7
3066,20260120,2026-01-20,2026,1,January,Dashboard Panel v5,Interior,Davis-Abbott,83.4,Interior Assembly - Station 10,Interior Assembly,assembly,minor,accepted_with_deviation,2.09,27.7
3067,20260120,2026-01-20,2026,1,January,,,,,Painting - Station 04,Painting,cosmetic,minor,rework,10.06,26.6
3068,20260120,2026-01-20,2026,1,January,Grille v2,Exterior,Arnold Ltd,99.0,Exterior Trim - Station 16,Exterior Trim,cosmetic,minor,rework,121.22,21.3
3069,20260120,2026-01-20,2026,1,January,Backup Camera v6,Safety,Cole LLC,99.0,Safety Systems - Station 17,Safety Systems,functional,major,rework,122.08,58.4
3070,20260120,2026-01-20,2026,1,January,Battery Pack v2,Electrical,Wolfe LLC,91.2,Electrical Assembly - Station 13,Electrical Assembly,electrical,major,rework,106.15,51.8
3071,20260121,2026-01-21,2026,1,January,Battery Pack v2,Electrical,Wolfe LLC,91.2,Electrical Assembly - Station 13,Electrical Assembly,electrical,major,rework,97.93,30.1
3072,20260122,2026-01-22,2026,1,January,Headliner v2,Interior,Rhodes PLC,80.3,Interior Assembly - Station 12,Interior Assembly,assembly,minor,rework,148.12,28.5
3073,20260122,2026-01-22,2026,1,January,Grille v2,Exterior,Arnold Ltd,99.0,Exterior Trim - Station 16,Exterior Trim,cosmetic,major,rework,129.87,44.2
3074,20260122,2026-01-22,2026,1,January,ECU Module v7,Electrical,"Rodriguez, Figueroa and Sanchez",88.0,Electrical Assembly - Station 14,Electrical Assembly,electrical,minor,rework,50.01,21.4
3075,20260122,2026-01-22,2026,1,January,Wiring Harness v6,Electrical,Bernard LLC,84.8,Electrical Assembly - Station 14,Electrical Assembly,electrical,minor,rework,83.88,19.4
3076,20260122,2026-01-22,2026,1,January,Headliner v2,Interior,Rhodes PLC,80.3,Interior Assembly - Station 11,Interior Assembly,assembly,minor,rework,143.22,15.5
3077,20260123,2026-01-23,2026,1,January,ABS Unit v4,Safety,"Rodriguez, Figueroa and Sanchez",88.0,Safety Systems - Station 17,Safety Systems,functional,major,rework,89.73,41.4
3078,20260123,2026-01-23,2026,1,January,Shock Absorber v3,Chassis,Wyatt Inc,85.8,Chassis Assembly - Station 08,Chassis Assembly,assembly,minor,rework,159.31,21.1
3079,20260123,2026-01-23,2026,1,January,Electric Motor v6,Powertrain,Wyatt Inc,85.8,Powertrain Assembly - Station 07,Powertrain Assembly,functional,minor,rework,667.27,20.3
3080,20260123,2026-01-23,2026,1,January,Shock Absorber v3,Chassis,Wyatt Inc,85.8,Chassis Assembly - Station 09,Chassis Assembly,assembly,critical,rework,174.1,60.2
3081,20260123,2026-01-23,2026,1,January,Electric Motor v6,Powertrain,Wyatt Inc,85.8,Powertrain Assembly - Station 06,Powertrain Assembly,functional,major,rework,671.84,32.4
3082,20260123,2026-01-23,2026,1,January,Shock Absorber v3,Chassis,Wyatt Inc,85.8,Chassis Assembly - Station 09,Chassis Assembly,assembly,minor,rework,158.57,19.2
3083,20260123,2026-01-23,2026,1,January,Battery Pack v2,Electrical,Wolfe LLC,91.2,Electrical Assembly - Station 14,Electrical Assembly,electrical,minor,rework,93.8,19.2
3084,20260123,2026-01-23,2026,1,January,Electric Motor v6,Powertrain,Wyatt Inc,85.8,Powertrain Assembly - Station 06,Powertrain Assembly,functional,minor,rework,665.97,16.9
3085,20260123,2026-01-23,2026,1,January,Electric Motor v6,Powertrain,Wyatt Inc,85.8,Powertrain Assembly - Station 07,Powertrain Assembly,functional,major,rework,682.64,61.0
3086,20260125,2026-01-25,2026,1,January,Wiring Harness v6,Electrical,Bernard LLC,84.8,Electrical Assembly - Station 14,Electrical Assembly,electrical,minor,rework,84.07,19.9
3087,20260126,2026-01-26,2026,1,January,ECU Module v7,Electrical,"Rodriguez, Figueroa and Sanchez",88.0,Electrical Assembly - Station 14,Electrical Assembly,electrical,major,scrap,192.31,65.2
3088,20260126,2026-01-26,2026,1,January,Door Trim v7,Interior,"Johnson, Gonzalez and Santos",85.8,Interior Assembly - Station 12,Interior Assembly,assembly,minor,rework,73.49,18.3
3089,20260126,2026-01-26,2026,1,January,,,,,Welding - Station 03,Welding,dimensional,minor,rework,6.31,16.7
3090,20260126,2026-01-26,2026,1,January,,,,,Welding - Station 02,Welding,dimensional,minor,rework,8.74,23.1
3091,20260127,2026-01-27,2026,1,January,Wiring Harness v6,Electrical,Bernard LLC,84.8,Electrical Assembly - Station 14,Electrical Assembly,electrical,minor,rework,83.49,18.3
3092,20260127,2026-01-27,2026,1,January,Headliner v2,Interior,Rhodes PLC,80.3,Interior Assembly - Station 11,Interior Assembly,assembly,minor,rework,146.58,24.4
3093,20260127,2026-01-27,2026,1,January,Drive Shaft v4,Powertrain,"Rodriguez, Figueroa and Sanchez",88.0,Powertrain Assembly - Station 07,Powertrain Assembly,functional,major,rework,548.22,37.5
3094,20260127,2026-01-27,2026,1,January,Battery Pack v2,Electrical,Wolfe LLC,91.2,Electrical Assembly - Station 13,Electrical Assembly,electrical,minor,rework,94.29,20.5
3095,20260127,2026-01-27,2026,1,January,,,,,Welding - Station 02,Welding,dimensional,minor,rework,8.38,22.1
3096,20260127,2026-01-27,2026,1,January,Center Console,Interior,Rhodes PLC,80.3,Interior Assembly - Station 12,Interior Assembly,assembly,critical,scrap,689.65,63.2
3097,20260128,2026-01-28,2026,1,January,Shock Absorber v3,Chassis,Wyatt Inc,85.8,Chassis Assembly - Station 09,Chassis Assembly,assembly,minor,rework,158.44,18.8
3098,20260128,2026-01-28,2026,1,January,,,,,Quality Check - Station 19,Quality Check,dimensional,minor,rework,11.32,29.9
3099,20260128,2026-01-28,2026,1,January,Battery Pack v2,Electrical,Wolfe LLC,91.2,Electrical Assembly - Station 13,Electrical Assembly,electrical,minor,rework,97.29,28.4
3100,20260128,2026-01-28,2026,1,January,Electric Motor v6,Powertrain,Wyatt Inc,85.8,Powertrain Assembly - Station 06,Powertrain Assembly,functional,minor,rework,669.48,26.2
3101,20260129,2026-01-29,2026,1,January,Electric Motor v6,Powertrain,Wyatt Inc,85.8,Powertrain Assembly - Station 07,Powertrain Assembly,functional,minor,rework,665.28,15.1
3102,20260129,2026-01-29,2026,1,January,Wiring Harness v6,Electrical,Bernard LLC,84.8,Electrical Assembly - Station 13,Electrical Assembly,electrical,minor,rework,85.09,22.6
3103,20260129,2026-01-29,2026,1,January,Door Trim v7,Interior,"Johnson, Gonzalez and Santos",85.8,Interior Assembly - Station 12,Interior Assembly,assembly,minor,accepted_with_deviation,0.97,12.8
3104,20260129,2026-01-29,2026,1,January,Rear Bumper v5,Exterior,Wolfe LLC,91.2,Exterior Trim - Station 15,Exterior Trim,cosmetic,major,rework,136.34,63.5
3105,20260129,2026-01-29,2026,1,January,Electric Motor v6,Powertrain,Wyatt Inc,85.8,Powertrain Assembly - Station 07,Powertrain Assembly,functional,major,scrap,2650.41,32.0
3106,20260129,2026-01-29,2026,1,January,Grille v2,Exterior,Arnold Ltd,99.0,Exterior Trim - Station 16,Exterior Trim,cosmetic,major,accepted_with_deviation,3.62,47.8
3107,20260129,2026-01-29,2026,1,January,Electric Motor v6,Powertrain,Wyatt Inc,85.8,Powertrain Assembly - Station 07,Powertrain Assembly,functional,major,rework,685.41,68.3
3108,20260129,2026-01-29,2026,1,January,Backup Camera v6,Safety,Cole LLC,99.0,Safety Systems - Station 17,Safety Systems,functional,minor,rework,107.95,21.1
3109,20260129,2026-01-29,2026,1,January,ABS Unit v4,Safety,"Rodriguez, Figueroa and Sanchez",88.0,Safety Systems - Station 17,Safety Systems,functional,minor,accepted_with_deviation,0.81,10.7
3110,20260130,2026-01-30,2026,1,January,Electric Motor v6,Powertrain,Wyatt Inc,85.8,Powertrain Assembly - Station 07,Powertrain Assembly,functional,minor,rework,666.26,17.7
3111,20260130,2026-01-30,2026,1,January,Headliner v2,Interior,Rhodes PLC,80.3,Interior Assembly - Station 10,Interior Assembly,assembly,minor,rework,141.23,10.3
3112,20260130,2026-01-30,2026,1,January,,,,,Painting - Station 04,Painting,cosmetic,minor,rework,8.82,23.3
3113,20260130,2026-01-30,2026,1,January,Headliner v2,Interior,Rhodes PLC,80.3,Interior Assembly - Station 12,Interior Assembly,assembly,minor,rework,143.85,17.2
3114,20260131,2026-01-31,2026,1,January,Wiring Harness v6,Electrical,Bernard LLC,84.8,Electrical Assembly - Station 14,Electrical Assembly,electrical,major,rework,98.95,59.2
3115,20260131,2026-01-31,2026,1,January,Rear Bumper v5,Exterior,Wolfe LLC,91.2,Exterior Trim - Station 16,Exterior Trim,cosmetic,minor,rework,117.82,14.6
3116,20260201,2026-02-01,2026,2,February,Battery Pack v2,Electrical,Wolfe LLC,91.2,Electrical Assembly - Station 13,Electrical Assembly,electrical,minor,rework,94.33,20.6
3117,20260201,2026-02-01,2026,2,February,,,,,Welding - Station 02,Welding,dimensional,minor,rework,4.64,12.3
3118,20260201,2026-02-01,2026,2,February,,,,,Welding - Station 03,Welding,dimensional,minor,rework,6.05,16.0
3119,20260202,2026-02-02,2026,2,February,Headliner v2,Interior,Rhodes PLC,80.3,Interior Assembly - Station 10,Interior Assembly,assembly,minor,rework,142.23,12.9
3120,20260202,2026-02-02,2026,2,February,,,,,Final Assembly - Station 18,Final Assembly,assembly,minor,rework,11.1,29.3
3121,20260202,2026-02-02,2026,2,February,,,,,Welding - Station 02,Welding,dimensional,critical,rework,56.53,149.4
3122,20260202,2026-02-02,2026,2,February,Grille v2,Exterior,Arnold Ltd,99.0,Exterior Trim - Station 16,Exterior Trim,cosmetic,minor,rework,118.52,14.1
3123,20260202,2026-02-02,2026,2,February,Dashboard Panel v5,Interior,Davis-Abbott,83.4,Interior Assembly - Station 11,Interior Assembly,assembly,minor,rework,126.04,18.5
3124,20260202,2026-02-02,2026,2,February,Headliner v2,Interior,Rhodes PLC,80.3,Interior Assembly - Station 11,Interior Assembly,assembly,minor,rework,148.47,29.4
3125,20260203,2026-02-03,2026,2,February,,,,,Final Assembly - Station 18,Final Assembly,assembly,minor,rework,11.16,29.5
3126,20260203,2026-02-03,2026,2,February,Wiring Harness v6,Electrical,Bernard LLC,84.8,Electrical Assembly - Station 13,Electrical Assembly,electrical,major,rework,94.28,46.9
3127,20260203,2026-02-03,2026,2,February,Brake Caliper v4,Chassis,Blair PLC,99.0,Chassis Assembly - Station 08,Chassis Assembly,assembly,critical,rework,198.83,117.5
3128,20260203,2026-02-03,2026,2,February,Door Trim v7,Interior,"Johnson, Gonzalez and Santos",85.8,Interior Assembly - Station 12,Interior Assembly,assembly,minor,rework,74.42,20.8
3129,20260203,2026-02-03,2026,2,February,,,,,Welding - Station 01,Welding,dimensional,minor,rework,10.51,27.8
3130,20260203,2026-02-03,2026,2,February,Brake Caliper v4,Chassis,Blair PLC,99.0,Chassis Assembly - Station 09,Chassis Assembly,assembly,minor,rework,159.24,12.9
3131,20260203,2026-02-03,2026,2,February,Battery Pack v2,Electrical,Wolfe LLC,91.2,Electrical Assembly - Station 14,Electrical Assembly,electrical,major,rework,113.42,71.0
3132,20260203,2026-02-03,2026,2,February,,,,,Welding - Station 02,Welding,dimensional,critical,rework,41.74,110.3
3133,20260203,2026-02-03,2026,2,February,Headliner v2,Interior,Rhodes PLC,80.3,Interior Assembly - Station 11,Interior Assembly,assembly,major,rework,162.94,67.7
3134,20260204,2026-02-04,2026,2,February,Grille v2,Exterior,Arnold Ltd,99.0,Exterior Trim - Station 16,Exterior Trim,cosmetic,minor,rework,122.58,24.9
3135,20260204,2026-02-04,2026,2,February,,,,,Welding - Station 02,Welding,dimensional,minor,rework,6.32,16.7
3136,20260204,2026-02-04,2026,2,February,ECU Module v7,Electrical,"Rodriguez, Figueroa and Sanchez",88.0,Electrical Assembly - Station 13,Electrical Assembly,electrical,major,rework,63.34,56.6
3137,20260204,2026-02-04,2026,2,February,Center Console,Interior,Rhodes PLC,80.3,Interior Assembly - Station 10,Interior Assembly,assembly,minor,rework,175.43,23.8
3138,20260204,2026-02-04,2026,2,February,Grille v2,Exterior,Arnold Ltd,99.0,Exterior Trim - Station 16,Exterior Trim,cosmetic,major,rework,126.09,34.1
3139,20260204,2026-02-04,2026,2,February,Headliner v2,Interior,Rhodes PLC,80.3,Interior Assembly - Station 12,Interior Assembly,assembly,minor,accepted_with_deviation,1.84,24.3
3140,20260204,2026-02-04,2026,2,February,,,,,Painting - Station 05,Painting,cosmetic,minor,rework,8.05,21.3
3141,20260204,2026-02-04,2026,2,February,,,,,Painting - Station 04,Painting,cosmetic,minor,rework,9.68,25.6
3142,20260204,2026-02-04,2026,2,February,,,,,Welding - Station 03,Welding,dimensional,minor,rework,8.86,23.4
3143,20260204,2026-02-04,2026,2,February,Grille v2,Exterior,Arnold Ltd,99.0,Exterior Trim - Station 16,Exterior Trim,cosmetic,minor,rework,123.6,27.6
3144,20260204,2026-02-04,2026,2,February,Battery Pack v2,Electrical,Wolfe LLC,91.2,Electrical Assembly - Station 14,Electrical Assembly,electrical,major,rework,98.97,32.9
3145,20260204,2026-02-04,2026,2,February,,,,,Painting - Station 05,Painting,cosmetic,major,rework,22.14,58.5
3146,20260204,2026-02-04,2026,2,February,Electric Motor v6,Powertrain,Wyatt Inc,85.8,Powertrain Assembly - Station 07,Powertrain Assembly,functional,major,accepted_with_deviation,5.15,68.1
3147,20260204,2026-02-04,2026,2,February,,,,,Welding - Station 02,Welding,dimensional,minor,rework,10.39,27.4
3148,20260205,2026-02-05,2026,2,February,,,,,Welding - Station 01,Welding,dimensional,minor,rework,6.98,18.4
3149,20260205,2026-02-05,2026,2,February,ABS Unit v4,Safety,"Rodriguez, Figueroa and Sanchez",88.0,Safety Systems - Station 17,Safety Systems,functional,minor,rework,80.37,16.6
3150,20260205,2026-02-05,2026,2,February,,,,,Painting - Station 04,Painting,cosmetic,minor,rework,4.11,10.9
3151,20260205,2026-02-05,2026,2,February,Electric Motor v6,Powertrain,Wyatt Inc,85.8,Powertrain Assembly - Station 07,Powertrain Assembly,functional,critical,rework,712.05,138.7
3152,20260206,2026-02-06,2026,2,February,Center Console,Interior,Rhodes PLC,80.3,Interior Assembly - Station 11,Interior Assembly,assembly,minor,rework,175.93,25.1
3153,20260206,2026-02-06,2026,2,February,Shock Absorber v3,Chassis,Wyatt Inc,85.8,Chassis Assembly - Station 09,Chassis Assembly,assembly,minor,accepted_with_deviation,1.56,20.7
3154,20260206,2026-02-06,2026,2,February,Battery Pack v2,Electrical,Wolfe LLC,91.2,Electrical Assembly - Station 14,Electrical Assembly,electrical,minor,rework,95.17,22.8
3155,20260206,2026-02-06,2026,2,February,Battery Pack v2,Electrical,Wolfe LLC,91.2,Electrical Assembly - Station 14,Electrical Assembly,electrical,minor,accepted_with_deviation,2.14,28.3
3156,20260206,2026-02-06,2026,2,February,Wiring Harness v6,Electrical,Bernard LLC,84.8,Electrical Assembly - Station 14,Electrical Assembly,electrical,minor,rework,86.86,27.3
3157,20260206,2026-02-06,2026,2,February,,,,,Welding - Station 01,Welding,dimensional,minor,rework,11.29,29.8
3158,20260207,2026-02-07,2026,2,February,Shock Absorber v3,Chassis,Wyatt Inc,85.8,Chassis Assembly - Station 09,Chassis Assembly,assembly,minor,rework,159.27,21.0
3159,20260207,2026-02-07,2026,2,February,Electric Motor v6,Powertrain,Wyatt Inc,85.8,Powertrain Assembly - Station 06,Powertrain Assembly,functional,major,rework,685.81,69.3
3160,20260208,2026-02-08,2026,2,February,Battery Pack v2,Electrical,Wolfe LLC,91.2,Electrical Assembly - Station 13,Electrical Assembly,electrical,major,rework,114.35,73.5
3161,20260208,2026-02-08,2026,2,February,,,,,Welding - Station 03,Welding,dimensional,minor,rework,11.32,29.9
3162,20260209,2026-02-09,2026,2,February,Door Trim v7,Interior,"Johnson, Gonzalez and Santos",85.8,Interior Assembly - Station 10,Interior Assembly,assembly,major,rework,91.59,66.2
3163,20260209,2026-02-09,2026,2,February,Electric Motor v6,Powertrain,Wyatt Inc,85.8,Powertrain Assembly - Station 06,Powertrain Assembly,functional,major,rework,683.26,62.6
3164,20260209,2026-02-09,2026,2,February,Grille v2,Exterior,Arnold Ltd,99.0,Exterior Trim - Station 15,Exterior Trim,cosmetic,critical,rework,160.48,125.0
3165,20260209,2026-02-09,2026,2,February,Backup Camera v6,Safety,Cole LLC,99.0,Safety Systems - Station 17,Safety Systems,functional,minor,rework,105.09,13.5
3166,20260209,2026-02-09,2026,2,February,,,,,Welding - Station 02,Welding,dimensional,major,rework,17.28,45.7
3167,20260209,2026-02-09,2026,2,February,,,,,Painting - Station 04,Painting,cosmetic,critical,rework,42.5,112.3
3168,20260210,2026-02-10,2026,2,February,,,,,Welding - Station 03,Welding,dimensional,major,rework,27.15,71.8
3169,20260210,2026-02-10,2026,2,February,,,,,Painting - Station 05,Painting,cosmetic,minor,rework,4.88,12.9
3170,20260210,2026-02-10,2026,2,February,Brake Caliper v4,Chassis,Blair PLC,99.0,Chassis Assembly - Station 08,Chassis Assembly,assembly,minor,rework,161.04,17.6
3171,20260210,2026-02-10,2026,2,February,Crash Sensor v5,Safety,"Rodriguez, Figueroa and Sanchez",88.0,Safety Systems - Station 17,Safety Systems,functional,major,scrap,364.67,61.3
3172,20260210,2026-02-10,2026,2,February,Battery Pack v2,Electrical,Wolfe LLC,91.2,Electrical Assembly - Station 14,Electrical Assembly,electrical,minor,rework,97.62,29.3
3173,20260210,2026-02-10,2026,2,February,Grille v2,Exterior,Arnold Ltd,99.0,Exterior Trim - Station 15,Exterior Trim,cosmetic,major,rework,131.58,48.7
3174,20260210,2026-02-10,2026,2,February,Rear Bumper v5,Exterior,Wolfe LLC,91.2,Exterior Trim - Station 16,Exterior Trim,cosmetic,critical,rework,161.76,130.7
3175,20260210,2026-02-10,2026,2,February,Backup Camera v6,Safety,Cole LLC,99.0,Safety Systems - Station 17,Safety Systems,functional,minor,rework,107.25,19.3
3176,20260211,2026-02-11,2026,2,February,,,,,Painting - Station 04,Painting,cosmetic,minor,rework,4.12,10.9
3177,20260211,2026-02-11,2026,2,February,Battery Pack v2,Electrical,Wolfe LLC,91.2,Electrical Assembly - Station 13,Electrical Assembly,electrical,minor,accepted_with_deviation,1.75,23.2
3178,20260211,2026-02-11,2026,2,February,,,,,Painting - Station 04,Painting,cosmetic,minor,rework,9.73,25.7
3179,20260211,2026-02-11,2026,2,February,,,,,Painting - Station 05,Painting,cosmetic,minor,rework,10.5,27.7
3180,20260212,2026-02-12,2026,2,February,Shock Absorber v3,Chassis,Wyatt Inc,85.8,Chassis Assembly - Station 09,Chassis Assembly,assembly,major,rework,178.44,71.7
3181,20260212,2026-02-12,2026,2,February,,,,,Painting - Station 05,Painting,cosmetic,minor,rework,4.59,12.1
3182,20260212,2026-02-12,2026,2,February,Dashboard Panel v5,Interior,Davis-Abbott,83.4,Interior Assembly - Station 10,Interior Assembly,assembly,critical,rework,171.21,137.9
3183,20260212,2026-02-12,2026,2,February,,,,,Painting - Station 05,Painting,cosmetic,minor,rework,8.15,21.5
3184,20260212,2026-02-12,2026,2,February,Wiring Harness v6,Electrical,Bernard LLC,84.8,Electrical Assembly - Station 13,Electrical Assembly,electrical,minor,rework,82.69,16.2
3185,20260212,2026-02-12,2026,2,February,,,,,Welding - Station 02,Welding,dimensional,minor,rework,10.91,28.8
3186,20260212,2026-02-12,2026,2,February,Headliner v2,Interior,Rhodes PLC,80.3,Interior Assembly - Station 11,Interior Assembly,assembly,major,rework,161.7,64.4
3187,20260212,2026-02-12,2026,2,February,Headliner v2,Interior,Rhodes PLC,80.3,Interior Assembly - Station 12,Interior Assembly,assembly,major,rework,158.32,55.5
3188,20260213,2026-02-13,2026,2,February,Center Console,Interior,Rhodes PLC,80.3,Interior Assembly - Station 10,Interior Assembly,assembly,minor,rework,171.36,13.0
3189,20260213,2026-02-13,2026,2,February,Battery Pack v2,Electrical,Wolfe LLC,91.2,Electrical Assembly - Station 14,Electrical Assembly,electrical,minor,accepted_with_deviation,1.89,25.0
3190,20260213,2026-02-13,2026,2,February,Headliner v2,Interior,Rhodes PLC,80.3,Interior Assembly - Station 11,Interior Assembly,assembly,minor,rework,147.62,27.2
3191,20260213,2026-02-13,2026,2,February,Electric Motor v6,Powertrain,Wyatt Inc,85.8,Powertrain Assembly - Station 07,Powertrain Assembly,functional,minor,rework,670.27,28.3
3192,20260213,2026-02-13,2026,2,February,ECU Module v7,Electrical,"Rodriguez, Figueroa and Sanchez",88.0,Electrical Assembly - Station 13,Electrical Assembly,electrical,critical,rework,77.45,93.9
3193,20260213,2026-02-13,2026,2,February,Headliner v2,Interior,Rhodes PLC,80.3,Interior Assembly - Station 12,Interior Assembly,assembly,minor,rework,147.91,28.0
3194,20260213,2026-02-13,2026,2,February,Rear Bumper v5,Exterior,Wolfe LLC,91.2,Exterior Trim - Station 15,Exterior Trim,cosmetic,minor,accepted_with_deviation,1.01,13.3
3195,20260213,2026-02-13,2026,2,February,Wiring Harness v6,Electrical,Bernard LLC,84.8,Electrical Assembly - Station 13,Electrical Assembly,electrical,minor,rework,87.75,29.6
3196,20260213,2026-02-13,2026,2,February,Brake Caliper v4,Chassis,Blair PLC,99.0,Chassis Assembly - Station 08,Chassis Assembly,assembly,minor,rework,158.79,11.7
3197,20260213,2026-02-13,2026,2,February,Headliner v2,Interior,Rhodes PLC,80.3,Interior Assembly - Station 12,Interior Assembly,assembly,minor,rework,142.03,12.4
3198,20260213,2026-02-13,2026,2,February,Battery Pack v2,Electrical,Wolfe LLC,91.2,Electrical Assembly - Station 13,Electrical Assembly,electrical,minor,rework,97.8,29.8
3199,20260214,2026-02-14,2026,2,February,Rear Bumper v5,Exterior,Wolfe LLC,91.2,Exterior Trim - Station 15,Exterior Trim,cosmetic,minor,rework,122.48,26.9
3200,20260214,2026-02-14,2026,2,February,Electric Motor v6,Powertrain,Wyatt Inc,85.8,Powertrain Assembly - Station 07,Powertrain Assembly,functional,minor,rework,663.36,10.0
3201,20260214,2026-02-14,2026,2,February,Headliner v2,Interior,Rhodes PLC,80.3,Interior Assembly - Station 10,Interior Assembly,assembly,major,rework,158.98,57.2
3202,20260214,2026-02-14,2026,2,February,,,,,Painting - Station 05,Painting,cosmetic,major,rework,19.21,50.8
3203,20260214,2026-02-14,2026,2,February,,,,,Painting - Station 05,Painting,cosmetic,minor,rework,4.45,11.8
3204,20260215,2026-02-15,2026,2,February,,,,,Welding - Station 02,Welding,dimensional,critical,rework,43.85,115.9
3205,20260215,2026-02-15,2026,2,February,Electric Motor v6,Powertrain,Wyatt Inc,85.8,Powertrain Assembly - Station 07,Powertrain Assembly,functional,minor,accepted_with_deviation,1.78,23.5
3206,20260216,2026-02-16,2026,2,February,Brake Caliper v4,Chassis,Blair PLC,99.0,Chassis Assembly - Station 09,Chassis Assembly,assembly,minor,rework,159.55,13.7
3207,20260216,2026-02-16,2026,2,February,,,,,Painting - Station 04,Painting,cosmetic,minor,rework,9.77,25.8
3208,20260216,2026-02-16,2026,2,February,,,,,Painting - Station 05,Painting,cosmetic,minor,rework,5.72,15.1
3209,20260216,2026-02-16,2026,2,February,Brake Caliper v4,Chassis,Blair PLC,99.0,Chassis Assembly - Station 08,Chassis Assembly,assembly,minor,rework,161.53,18.9
3210,20260216,2026-02-16,2026,2,February,Crash Sensor v5,Safety,"Rodriguez, Figueroa and Sanchez",88.0,Safety Systems - Station 17,Safety Systems,functional,minor,rework,91.97,17.5
3211,20260217,2026-02-17,2026,2,February,Shock Absorber v3,Chassis,Wyatt Inc,85.8,Chassis Assembly - Station 09,Chassis Assembly,assembly,major,rework,166.17,39.2
3212,20260217,2026-02-17,2026,2,February,Headliner v2,Interior,Rhodes PLC,80.3,Interior Assembly - Station 12,Interior Assembly,assembly,minor,rework,142.48,13.6
3213,20260217,2026-02-17,2026,2,February,Wiring Harness v6,Electrical,Bernard LLC,84.8,Electrical Assembly - Station 14,Electrical Assembly,electrical,major,rework,103.7,71.7
3214,20260217,2026-02-17,2026,2,February,Shock Absorber v3,Chassis,Wyatt Inc,85.8,Chassis Assembly - Station 09,Chassis Assembly,assembly,major,rework,174.63,61.6
3215,20260217,2026-02-17,2026,2,February,Shock Absorber v3,Chassis,Wyatt Inc,85.8,Chassis Assembly - Station 08,Chassis Assembly,assembly,major,rework,167.46,42.7
3216,20260217,2026-02-17,2026,2,February,,,,,Painting - Station 05,Painting,cosmetic,minor,rework,4.46,11.8
3217,20260217,2026-02-17,2026,2,February,Electric Motor v6,Powertrain,Wyatt Inc,85.8,Powertrain Assembly - Station 06,Powertrain Assembly,functional,minor,rework,664.68,13.5
3218,20260217,2026-02-17,2026,2,February,Shock Absorber v3,Chassis,Wyatt Inc,85.8,Chassis Assembly - Station 08,Chassis Assembly,assembly,critical,rework,186.76,93.7
3219,20260218,2026-02-18,2026,2,February,,,,,Painting - Station 05,Painting,cosmetic,critical,accepted_with_deviation,10.28,135.9
3220,20260218,2026-02-18,2026,2,February,Brake Caliper v4,Chassis,Blair PLC,99.0,Chassis Assembly - Station 09,Chassis Assembly,assembly,minor,rework,159.89,14.6
3221,20260218,2026-02-18,2026,2,February,Electric Motor v6,Powertrain,Wyatt Inc,85.8,Powertrain Assembly - Station 07,Powertrain Assembly,functional,minor,rework,664.3,12.5
3222,20260218,2026-02-18,2026,2,February,Battery Pack v2,Electrical,Wolfe LLC,91.2,Electrical Assembly - Station 14,Electrical Assembly,electrical,critical,scrap,379.84,89.0
3223,20260218,2026-02-18,2026,2,February,,,,,Welding - Station 01,Welding,dimensional,major,rework,24.9,65.8
3224,20260218,2026-02-18,2026,2,February,,,,,Welding - Station 01,Welding,dimensional,critical,rework,48.68,128.7
3225,20260218,2026-02-18,2026,2,February,Shock Absorber v3,Chassis,Wyatt Inc,85.8,Chassis Assembly - Station 09,Chassis Assembly,assembly,critical,scrap,653.17,126.6
3226,20260218,2026-02-18,2026,2,February,Battery Pack v2,Electrical,Wolfe LLC,91.2,Electrical Assembly - Station 13,Electrical Assembly,electrical,minor,rework,91.78,13.8
3227,20260218,2026-02-18,2026,2,February,Shock Absorber v3,Chassis,Wyatt Inc,85.8,Chassis Assembly - Station 09,Chassis Assembly,assembly,minor,rework,156.56,13.9
3228,20260219,2026-02-19,2026,2,February,Headliner v2,Interior,Rhodes PLC,80.3,Interior Assembly - Station 10,Interior Assembly,assembly,critical,rework,187.23,131.9
3229,20260219,2026-02-19,2026,2,February,Backup Camera v6,Safety,Cole LLC,99.0,Safety Systems - Station 17,Safety Systems,functional,minor,rework,110.77,28.6
3230,20260219,2026-02-19,2026,2,February,Headliner v2,Interior,Rhodes PLC,80.3,Interior Assembly - Station 10,Interior Assembly,assembly,minor,rework,144.62,19.3
3231,20260219,2026-02-19,2026,2,February,Backup Camera v6,Safety,Cole LLC,99.0,Safety Systems - Station 17,Safety Systems,functional,major,rework,112.53,33.2
3232,20260219,2026-02-19,2026,2,February,Electric Motor v6,Powertrain,Wyatt Inc,85.8,Powertrain Assembly - Station 06,Powertrain Assembly,functional,critical,accepted_with_deviation,5.69,75.1
3233,20260219,2026-02-19,2026,2,February,Dashboard Panel v5,Interior,Davis-Abbott,83.4,Interior Assembly - Station 11,Interior Assembly,assembly,minor,rework,123.41,11.6
3234,20260219,2026-02-19,2026,2,February,,,,,Welding - Station 02,Welding,dimensional,minor,rework,7.24,19.1
3235,20260220,2026-02-20,2026,2,February,,,,,Welding - Station 03,Welding,dimensional,minor,accepted_with_deviation,1.83,24.1
3236,20260220,2026-02-20,2026,2,February,,,,,Welding - Station 03,Welding,dimensional,minor,rework,8.72,23.1
3237,20260220,2026-02-20,2026,2,February,,,,,Welding - Station 01,Welding,dimensional,minor,rework,10.68,28.2
3238,20260220,2026-02-20,2026,2,February,Shock Absorber v3,Chassis,Wyatt Inc,85.8,Chassis Assembly - Station 09,Chassis Assembly,assembly,minor,rework,161.46,26.8
3239,20260220,2026-02-20,2026,2,February,Battery Pack v2,Electrical,Wolfe LLC,91.2,Electrical Assembly - Station 14,Electrical Assembly,electrical,minor,rework,93.42,18.2
3240,20260220,2026-02-20,2026,2,February,Grille v2,Exterior,Arnold Ltd,99.0,Exterior Trim - Station 15,Exterior Trim,cosmetic,minor,rework,123.08,26.2
3241,20260220,2026-02-20,2026,2,February,,,,,Welding - Station 03,Welding,dimensional,minor,rework,7.4,19.6
3242,20260221,2026-02-21,2026,2,February,,,,,Painting - Station 04,Painting,cosmetic,minor,rework,10.97,29.0
3243,20260222,2026-02-22,2026,2,February,Shock Absorber v3,Chassis,Wyatt Inc,85.8,Chassis Assembly - Station 09,Chassis Assembly,assembly,major,rework,164.86,35.8
3244,20260222,2026-02-22,2026,2,February,Electric Motor v6,Powertrain,Wyatt Inc,85.8,Powertrain Assembly - Station 06,Powertrain Assembly,functional,major,rework,686.77,71.9
3245,20260223,2026-02-23,2026,2,February,Dashboard Panel v5,Interior,Davis-Abbott,83.4,Interior Assembly - Station 12,Interior Assembly,assembly,minor,rework,128.99,26.3
3246,20260223,2026-02-23,2026,2,February,,,,,Painting - Station 05,Painting,cosmetic,minor,accepted_with_deviation,1.62,21.3
3247,20260223,2026-02-23,2026,2,February,Shock Absorber v3,Chassis,Wyatt Inc,85.8,Chassis Assembly - Station 09,Chassis Assembly,assembly,minor,rework,158.56,19.1
3248,20260223,2026-02-23,2026,2,February,Center Console,Interior,Rhodes PLC,80.3,Interior Assembly - Station 10,Interior Assembly,assembly,minor,rework,173.26,18.0
3249,20260224,2026-02-24,2026,2,February,Dashboard Panel v5,Interior,Davis-Abbott,83.4,Interior Assembly - Station 10,Interior Assembly,assembly,minor,rework,129.21,26.9
3250,20260224,2026-02-24,2026,2,February,Shock Absorber v3,Chassis,Wyatt Inc,85.8,Chassis Assembly - Station 08,Chassis Assembly,assembly,minor,rework,155.52,11.1
3251,20260224,2026-02-24,2026,2,February,,,,,Welding - Station 01,Welding,dimensional,minor,rework,6.63,17.5
3252,20260224,2026-02-24,2026,2,February,,,,,Painting - Station 05,Painting,cosmetic,minor,rework,7.18,19.0
3253,20260224,2026-02-24,2026,2,February,Rear Bumper v5,Exterior,Wolfe LLC,91.2,Exterior Trim - Station 15,Exterior Trim,cosmetic,minor,rework,118.51,16.4
3254,20260224,2026-02-24,2026,2,February,Wiring Harness v6,Electrical,Bernard LLC,84.8,Electrical Assembly - Station 13,Electrical Assembly,electrical,major,rework,94.97,48.7
3255,20260224,2026-02-24,2026,2,February,Grille v2,Exterior,Arnold Ltd,99.0,Exterior Trim - Station 16,Exterior Trim,cosmetic,minor,rework,120.27,18.8
3256,20260225,2026-02-25,2026,2,February,Grille v2,Exterior,Arnold Ltd,99.0,Exterior Trim - Station 16,Exterior Trim,cosmetic,minor,rework,120.43,19.2
3257,20260225,2026-02-25,2026,2,February,ECU Module v7,Electrical,"Rodriguez, Figueroa and Sanchez",88.0,Electrical Assembly - Station 14,Electrical Assembly,electrical,minor,rework,50.71,23.3
3258,20260225,2026-02-25,2026,2,February,Brake Caliper v4,Chassis,Blair PLC,99.0,Chassis Assembly - Station 08,Chassis Assembly,assembly,minor,rework,159.84,14.5
3259,20260225,2026-02-25,2026,2,February,Battery Pack v2,Electrical,Wolfe LLC,91.2,Electrical Assembly - Station 14,Electrical Assembly,electrical,major,scrap,370.38,64.0
3260,20260225,2026-02-25,2026,2,February,Center Console,Interior,Rhodes PLC,80.3,Interior Assembly - Station 12,Interior Assembly,assembly,minor,rework,176.71,27.1
3261,20260225,2026-02-25,2026,2,February,Shock Absorber v3,Chassis,Wyatt Inc,85.8,Chassis Assembly - Station 08,Chassis Assembly,assembly,major,rework,165.52,37.5
3262,20260225,2026-02-25,2026,2,February,Headliner v2,Interior,Rhodes PLC,80.3,Interior Assembly - Station 11,Interior Assembly,assembly,minor,rework,143.43,16.1
3263,20260225,2026-02-25,2026,2,February,,,,,Welding - Station 01,Welding,dimensional,major,rework,11.76,31.1
3264,20260226,2026-02-26,2026,2,February,,,,,Quality Check - Station 19,Quality Check,dimensional,major,rework,20.84,55.1
3265,20260226,2026-02-26,2026,2,February,Headliner v2,Interior,Rhodes PLC,80.3,Interior Assembly - Station 12,Interior Assembly,assembly,minor,rework,143.78,17.0
3266,20260226,2026-02-26,2026,2,February,Grille v2,Exterior,Arnold Ltd,99.0,Exterior Trim - Station 16,Exterior Trim,cosmetic,major,rework,127.49,37.8
3267,20260226,2026-02-26,2026,2,February,Battery Pack v2,Electrical,Wolfe LLC,91.2,Electrical Assembly - Station 13,Electrical Assembly,electrical,major,rework,111.22,65.2
3268,20260226,2026-02-26,2026,2,February,Headliner v2,Interior,Rhodes PLC,80.3,Interior Assembly - Station 10,Interior Assembly,assembly,minor,rework,146.68,24.7
3269,20260226,2026-02-26,2026,2,February,ABS Unit v4,Safety,"Rodriguez, Figueroa and Sanchez",88.0,Safety Systems - Station 17,Safety Systems,functional,minor,rework,83.4,24.6
3270,20260226,2026-02-26,2026,2,February,Brake Caliper v4,Chassis,Blair PLC,99.0,Chassis Assembly - Station 09,Chassis Assembly,assembly,minor,rework,162.63,21.8
3271,20260226,2026-02-26,2026,2,February,Headliner v2,Interior,Rhodes PLC,80.3,Interior Assembly - Station 12,Interior Assembly,assembly,minor,rework,141.14,10.1
3272,20260226,2026-02-26,2026,2,February,,,,,Painting - Station 05,Painting,cosmetic,minor,rework,6.09,16.1
3273,20260226,2026-02-26,2026,2,February,ECU Module v7,Electrical,"Rodriguez, Figueroa and Sanchez",88.0,Electrical Assembly - Station 14,Electrical Assembly,electrical,critical,rework,69.86,73.9
3274,20260227,2026-02-27,2026,2,February,,,,,Painting - Station 04,Painting,cosmetic,minor,rework,11.08,29.3
3275,20260227,2026-02-27,2026,2,February,Electric Motor v6,Powertrain,Wyatt Inc,85.8,Powertrain Assembly - Station 07,Powertrain Assembly,functional,minor,rework,670.71,29.4
3276,20260227,2026-02-27,2026,2,February,ABS Unit v4,Safety,"Rodriguez, Figueroa and Sanchez",88.0,Safety Systems - Station 17,Safety Systems,functional,minor,rework,84.26,26.9
3277,20260227,2026-02-27,2026,2,February,Headliner v2,Interior,Rhodes PLC,80.3,Interior Assembly - Station 11,Interior Assembly,assembly,minor,rework,145.97,22.8
3278,20260227,2026-02-27,2026,2,February,Headliner v2,Interior,Rhodes PLC,80.3,Interior Assembly - Station 10,Interior Assembly,assembly,minor,rework,141.22,10.3
3279,20260227,2026-02-27,2026,2,February,Shock Absorber v3,Chassis,Wyatt Inc,85.8,Chassis Assembly - Station 08,Chassis Assembly,assembly,minor,rework,162.04,28.3
3280,20260228,2026-02-28,2026,2,February,Rear Bumper v5,Exterior,Wolfe LLC,91.2,Exterior Trim - Station 16,Exterior Trim,cosmetic,minor,rework,123.3,29.0
3281,20260228,2026-02-28,2026,2,February,Electric Motor v6,Powertrain,Wyatt Inc,85.8,Powertrain Assembly - Station 06,Powertrain Assembly,functional,minor,rework,665.29,15.1
3282,20260228,2026-02-28,2026,2,February,Electric Motor v6,Powertrain,Wyatt Inc,85.8,Powertrain Assembly - Station 06,Powertrain Assembly,functional,major,rework,674.96,40.7
3283,20260228,2026-02-28,2026,2,February,Rear Bumper v5,Exterior,Wolfe LLC,91.2,Exterior Trim - Station 16,Exterior Trim,cosmetic,minor,rework,119.19,18.2
3284,20260301,2026-03-01,2026,3,March,,,,,Welding - Station 01,Welding,dimensional,minor,rework,5.47,14.4
3285,20260301,2026-03-01,2026,3,March,Shock Absorber v3,Chassis,Wyatt Inc,85.8,Chassis Assembly - Station 09,Chassis Assembly,assembly,major,rework,167.25,42.1
3286,20260301,2026-03-01,2026,3,March,ABS Unit v4,Safety,"Rodriguez, Figueroa and Sanchez",88.0,Safety Systems - Station 17,Safety Systems,functional,minor,rework,79.14,13.4
3287,20260301,2026-03-01,2026,3,March,Battery Pack v2,Electrical,Wolfe LLC,91.2,Electrical Assembly - Station 13,Electrical Assembly,electrical,major,rework,101.57,39.7
3288,20260301,2026-03-01,2026,3,March,Headliner v2,Interior,Rhodes PLC,80.3,Interior Assembly - Station 12,Interior Assembly,assembly,minor,rework,145.43,21.4
3289,20260302,2026-03-02,2026,3,March,Electric Motor v6,Powertrain,Wyatt Inc,85.8,Powertrain Assembly - Station 07,Powertrain Assembly,functional,major,accepted_with_deviation,4.77,63.0
3290,20260302,2026-03-02,2026,3,March,Door Trim v7,Interior,"Johnson, Gonzalez and Santos",85.8,Interior Assembly - Station 10,Interior Assembly,assembly,major,rework,93.96,72.4
3291,20260302,2026-03-02,2026,3,March,Shock Absorber v3,Chassis,Wyatt Inc,85.8,Chassis Assembly - Station 09,Chassis Assembly,assembly,critical,rework,207.98,149.8
3292,20260302,2026-03-02,2026,3,March,Electric Motor v6,Powertrain,Wyatt Inc,85.8,Powertrain Assembly - Station 07,Powertrain Assembly,functional,minor,rework,664.3,12.5
3293,20260302,2026-03-02,2026,3,March,Door Trim v7,Interior,"Johnson, Gonzalez and Santos",85.8,Interior Assembly - Station 10,Interior Assembly,assembly,minor,rework,70.75,11.1
3294,20260302,2026-03-02,2026,3,March,,,,,Painting - Station 04,Painting,cosmetic,minor,accepted_with_deviation,1.43,18.8
3295,20260302,2026-03-02,2026,3,March,Grille v2,Exterior,Arnold Ltd,99.0,Exterior Trim - Station 15,Exterior Trim,cosmetic,major,rework,141.28,74.3
3296,20260302,2026-03-02,2026,3,March,Shock Absorber v3,Chassis,Wyatt Inc,85.8,Chassis Assembly - Station 09,Chassis Assembly,assembly,minor,accepted_with_deviation,2.25,29.7
3297,20260302,2026-03-02,2026,3,March,Battery Pack v2,Electrical,Wolfe LLC,91.2,Electrical Assembly - Station 14,Electrical Assembly,electrical,minor,rework,94.25,20.4
3298,20260302,2026-03-02,2026,3,March,,,,,Welding - Station 02,Welding,dimensional,minor,rework,4.93,13.0
3299,20260303,2026-03-03,2026,3,March,ABS Unit v4,Safety,"Rodriguez, Figueroa and Sanchez",88.0,Safety Systems - Station 17,Safety Systems,functional,major,rework,89.44,40.6
3300,20260303,2026-03-03,2026,3,March,Crash Sensor v5,Safety,"Rodriguez, Figueroa and Sanchez",88.0,Safety Systems - Station 17,Safety Systems,functional,major,scrap,354.79,35.2
3301,20260303,2026-03-03,2026,3,March,Brake Caliper v4,Chassis,Blair PLC,99.0,Chassis Assembly - Station 08,Chassis Assembly,assembly,major,rework,181.82,72.5
3302,20260303,2026-03-03,2026,3,March,,,,,Welding - Station 03,Welding,dimensional,minor,rework,9.14,24.2
3303,20260304,2026-03-04,2026,3,March,Rear Bumper v5,Exterior,Wolfe LLC,91.2,Exterior Trim - Station 15,Exterior Trim,cosmetic,minor,rework,119.51,19.0
3304,20260304,2026-03-04,2026,3,March,Rear Bumper v5,Exterior,Wolfe LLC,91.2,Exterior Trim - Station 15,Exterior Trim,cosmetic,minor,rework,123.64,29.9
3305,20260304,2026-03-04,2026,3,March,Electric Motor v6,Powertrain,Wyatt Inc,85.8,Powertrain Assembly - Station 06,Powertrain Assembly,functional,minor,rework,669.22,25.5
3306,20260304,2026-03-04,2026,3,March,Shock Absorber v3,Chassis,Wyatt Inc,85.8,Chassis Assembly - Station 09,Chassis Assembly,assembly,major,rework,171.69,53.8
3307,20260304,2026-03-04,2026,3,March,Electric Motor v6,Powertrain,Wyatt Inc,85.8,Powertrain Assembly - Station 07,Powertrain Assembly,functional,minor,rework,666.53,18.4
3308,20260304,2026-03-04,2026,3,March,,,,,Painting - Station 05,Painting,cosmetic,minor,rework,6.59,17.4
3309,20260304,2026-03-04,2026,3,March,Brake Caliper v4,Chassis,Blair PLC,99.0,Chassis Assembly - Station 09,Chassis Assembly,assembly,major,rework,172.41,47.7
3310,20260304,2026-03-04,2026,3,March,,,,,Painting - Station 04,Painting,cosmetic,major,rework,12.06,31.9
3311,20260304,2026-03-04,2026,3,March,,,,,Painting - Station 05,Painting,cosmetic,minor,rework,11.24,29.7
3312,20260305,2026-03-05,2026,3,March,,,,,Welding - Station 03,Welding,dimensional,major,accepted_with_deviation,2.9,38.3
3313,20260305,2026-03-05,2026,3,March,Headliner v2,Interior,Rhodes PLC,80.3,Interior Assembly - Station 10,Interior Assembly,assembly,major,rework,157.82,54.1
3314,20260305,2026-03-05,2026,3,March,,,,,Final Assembly - Station 18,Final Assembly,assembly,minor,rework,10.15,26.8
3315,20260305,2026-03-05,2026,3,March,Brake Caliper v4,Chassis,Blair PLC,99.0,Chassis Assembly - Station 09,Chassis Assembly,assembly,minor,rework,163.69,24.6
3316,20260305,2026-03-05,2026,3,March,Headliner v2,Interior,Rhodes PLC,80.3,Interior Assembly - Station 10,Interior Assembly,assembly,minor,rework,143.84,17.2
3317,20260305,2026-03-05,2026,3,March,Battery Pack v2,Electrical,Wolfe LLC,91.2,Electrical Assembly - Station 14,Electrical Assembly,electrical,minor,rework,97.52,29.0
3318,20260305,2026-03-05,2026,3,March,Electric Motor v6,Powertrain,Wyatt Inc,85.8,Powertrain Assembly - Station 06,Powertrain Assembly,functional,minor,rework,664.12,12.0
3319,20260305,2026-03-05,2026,3,March,ABS Unit v4,Safety,"Rodriguez, Figueroa and Sanchez",88.0,Safety Systems - Station 17,Safety Systems,functional,minor,rework,82.4,22.0
3320,20260306,2026-03-06,2026,3,March,Grille v2,Exterior,Arnold Ltd,99.0,Exterior Trim - Station 15,Exterior Trim,cosmetic,minor,rework,117.23,10.7
3321,20260306,2026-03-06,2026,3,March,Backup Camera v6,Safety,Cole LLC,99.0,Safety Systems - Station 17,Safety Systems,functional,minor,rework,106.14,16.3
3322,20260306,2026-03-06,2026,3,March,ABS Unit v4,Safety,"Rodriguez, Figueroa and Sanchez",88.0,Safety Systems - Station 17,Safety Systems,functional,minor,rework,78.34,11.3
3323,20260306,2026-03-06,2026,3,March,Center Console,Interior,Rhodes PLC,80.3,Interior Assembly - Station 10,Interior Assembly,assembly,minor,rework,173.07,17.5
3324,20260306,2026-03-06,2026,3,March,Headliner v2,Interior,Rhodes PLC,80.3,Interior Assembly - Station 10,Interior Assembly,assembly,minor,rework,145.64,21.9
3325,20260306,2026-03-06,2026,3,March,,,,,Welding - Station 03,Welding,dimensional,minor,rework,10.77,28.5
3326,20260308,2026-03-08,2026,3,March,,,,,Welding - Station 02,Welding,dimensional,minor,rework,10.85,28.7
3327,20260308,2026-03-08,2026,3,March,Brake Caliper v4,Chassis,Blair PLC,99.0,Chassis Assembly - Station 08,Chassis Assembly,assembly,minor,rework,163.9,25.2
3328,20260308,2026-03-08,2026,3,March,Battery Pack v2,Electrical,Wolfe LLC,91.2,Electrical Assembly - Station 14,Electrical Assembly,electrical,minor,rework,91.07,12.0
3329,20260309,2026-03-09,2026,3,March,,,,,Quality Check - Station 19,Quality Check,dimensional,minor,rework,6.84,18.1
3330,20260309,2026-03-09,2026,3,March,Grille v2,Exterior,Arnold Ltd,99.0,Exterior Trim - Station 16,Exterior Trim,cosmetic,critical,scrap,485.86,87.7
3331,20260309,2026-03-09,2026,3,March,Backup Camera v6,Safety,Cole LLC,99.0,Safety Systems - Station 17,Safety Systems,functional,minor,rework,107.07,18.8
3332,20260309,2026-03-09,2026,3,March,Electric Motor v6,Powertrain,Wyatt Inc,85.8,Powertrain Assembly - Station 06,Powertrain Assembly,functional,minor,rework,669.45,26.1
3333,20260309,2026-03-09,2026,3,March,,,,,Painting - Station 05,Painting,cosmetic,minor,rework,9.54,25.2
3334,20260309,2026-03-09,2026,3,March,Dashboard Panel v5,Interior,Davis-Abbott,83.4,Interior Assembly - Station 10,Interior Assembly,assembly,minor,rework,130.26,29.6
3335,20260309,2026-03-09,2026,3,March,Brake Caliper v4,Chassis,Blair PLC,99.0,Chassis Assembly - Station 09,Chassis Assembly,assembly,major,rework,171.81,46.1
3336,20260309,2026-03-09,2026,3,March,ABS Unit v4,Safety,"Rodriguez, Figueroa and Sanchez",88.0,Safety Systems - Station 17,Safety Systems,functional,minor,rework,79.28,13.7
3337,20260310,2026-03-10,2026,3,March,Backup Camera v6,Safety,Cole LLC,99.0,Safety Systems - Station 17,Safety Systems,functional,major,rework,115.12,40.0
3338,20260310,2026-03-10,2026,3,March,Grille v2,Exterior,Arnold Ltd,99.0,Exterior Trim - Station 15,Exterior Trim,cosmetic,minor,rework,120.67,19.8
3339,20260310,2026-03-10,2026,3,March,Grille v2,Exterior,Arnold Ltd,99.0,Exterior Trim - Station 15,Exterior Trim,cosmetic,minor,rework,119.42,16.5
3340,20260310,2026-03-10,2026,3,March,Grille v2,Exterior,Arnold Ltd,99.0,Exterior Trim - Station 16,Exterior Trim,cosmetic,minor,rework,121.48,22.0
3341,20260310,2026-03-10,2026,3,March,Electric Motor v6,Powertrain,Wyatt Inc,85.8,Powertrain Assembly - Station 07,Powertrain Assembly,functional,minor,rework,667.64,21.3
3342,20260310,2026-03-10,2026,3,March,ABS Unit v4,Safety,"Rodriguez, Figueroa and Sanchez",88.0,Safety Systems - Station 17,Safety Systems,functional,minor,rework,85.36,29.8
3343,20260311,2026-03-11,2026,3,March,,,,,Final Assembly - Station 18,Final Assembly,assembly,minor,rework,9.73,25.7
3344,20260311,2026-03-11,2026,3,March,Electric Motor v6,Powertrain,Wyatt Inc,85.8,Powertrain Assembly - Station 06,Powertrain Assembly,functional,minor,rework,664.85,13.9
3345,20260311,2026-03-11,2026,3,March,Electric Motor v6,Powertrain,Wyatt Inc,85.8,Powertrain Assembly - Station 07,Powertrain Assembly,functional,minor,rework,665.26,15.0
3346,20260311,2026-03-11,2026,3,March,Dashboard Panel v5,Interior,Davis-Abbott,83.4,Interior Assembly - Station 11,Interior Assembly,assembly,minor,rework,126.36,19.4
3347,20260311,2026-03-11,2026,3,March,,,,,Painting - Station 04,Painting,cosmetic,minor,rework,9.03,23.9
3348,20260311,2026-03-11,2026,3,March,Headliner v2,Interior,Rhodes PLC,80.3,Interior Assembly - Station 10,Interior Assembly,assembly,minor,rework,145.04,20.4
3349,20260311,2026-03-11,2026,3,March,Dashboard Panel v5,Interior,Davis-Abbott,83.4,Interior Assembly - Station 12,Interior Assembly,assembly,major,rework,143.73,65.2
3350,20260311,2026-03-11,2026,3,March,Drive Shaft v4,Powertrain,"Rodriguez, Figueroa and Sanchez",88.0,Powertrain Assembly - Station 06,Powertrain Assembly,functional,critical,scrap,2165.33,77.3
3351,20260311,2026-03-11,2026,3,March,Electric Motor v6,Powertrain,Wyatt Inc,85.8,Powertrain Assembly - Station 06,Powertrain Assembly,functional,minor,rework,664.55,13.2
3352,20260311,2026-03-11,2026,3,March,Headliner v2,Interior,Rhodes PLC,80.3,Interior Assembly - Station 12,Interior Assembly,assembly,major,rework,151.48,37.4
3353,20260311,2026-03-11,2026,3,March,Grille v2,Exterior,Arnold Ltd,99.0,Exterior Trim - Station 16,Exterior Trim,cosmetic,minor,rework,120.18,18.5
3354,20260312,2026-03-12,2026,3,March,Drive Shaft v4,Powertrain,"Rodriguez, Figueroa and Sanchez",88.0,Powertrain Assembly - Station 07,Powertrain Assembly,functional,minor,rework,543.15,24.1
3355,20260312,2026-03-12,2026,3,March,ABS Unit v4,Safety,"Rodriguez, Figueroa and Sanchez",88.0,Safety Systems - Station 17,Safety Systems,functional,minor,rework,81.99,20.9
3356,20260312,2026-03-12,2026,3,March,,,,,Welding - Station 02,Welding,dimensional,minor,rework,7.36,19.5
3357,20260312,2026-03-12,2026,3,March,ABS Unit v4,Safety,"Rodriguez, Figueroa and Sanchez",88.0,Safety Systems - Station 17,Safety Systems,functional,minor,accepted_with_deviation,1.2,15.8
3358,20260312,2026-03-12,2026,3,March,,,,,Welding - Station 01,Welding,dimensional,major,rework,20.19,53.4
3359,20260312,2026-03-12,2026,3,March,ABS Unit v4,Safety,"Rodriguez, Figueroa and Sanchez",88.0,Safety Systems - Station 17,Safety Systems,functional,major,rework,87.82,36.3
3360,20260312,2026-03-12,2026,3,March,Battery Pack v2,Electrical,Wolfe LLC,91.2,Electrical Assembly - Station 14,Electrical Assembly,electrical,major,rework,112.89,69.6
3361,20260312,2026-03-12,2026,3,March,Shock Absorber v3,Chassis,Wyatt Inc,85.8,Chassis Assembly - Station 09,Chassis Assembly,assembly,major,rework,169.76,48.7
3362,20260313,2026-03-13,2026,3,March,Shock Absorber v3,Chassis,Wyatt Inc,85.8,Chassis Assembly - Station 08,Chassis Assembly,assembly,minor,rework,156.3,13.2
3363,20260313,2026-03-13,2026,3,March,Center Console,Interior,Rhodes PLC,80.3,Interior Assembly - Station 10,Interior Assembly,assembly,minor,rework,176.41,26.4
3364,20260313,2026-03-13,2026,3,March,,,,,Painting - Station 05,Painting,cosmetic,minor,rework,10.15,26.8
3365,20260313,2026-03-13,2026,3,March,,,,,Welding - Station 01,Welding,dimensional,minor,rework,7.61,20.1
3366,20260313,2026-03-13,2026,3,March,Door Trim v7,Interior,"Johnson, Gonzalez and Santos",85.8,Interior Assembly - Station 12,Interior Assembly,assembly,minor,rework,72.74,16.4
3367,20260313,2026-03-13,2026,3,March,Electric Motor v6,Powertrain,Wyatt Inc,85.8,Powertrain Assembly - Station 06,Powertrain Assembly,functional,major,rework,687.67,74.2
3368,20260313,2026-03-13,2026,3,March,Shock Absorber v3,Chassis,Wyatt Inc,85.8,Chassis Assembly - Station 09,Chassis Assembly,assembly,critical,rework,177.35,68.8
3369,20260313,2026-03-13,2026,3,March,Battery Pack v2,Electrical,Wolfe LLC,91.2,Electrical Assembly - Station 13,Electrical Assembly,electrical,minor,rework,93.61,18.7
3370,20260313,2026-03-13,2026,3,March,Headliner v2,Interior,Rhodes PLC,80.3,Interior Assembly - Station 12,Interior Assembly,assembly,minor,rework,141.72,11.6
3371,20260315,2026-03-15,2026,3,March,,,,,Painting - Station 05,Painting,cosmetic,minor,accepted_with_deviation,2.25,29.8
3372,20260315,2026-03-15,2026,3,March,Electric Motor v6,Powertrain,Wyatt Inc,85.8,Powertrain Assembly - Station 06,Powertrain Assembly,functional,critical,rework,696.81,98.4
3373,20260316,2026-03-16,2026,3,March,Electric Motor v6,Powertrain,Wyatt Inc,85.8,Powertrain Assembly - Station 07,Powertrain Assembly,functional,major,rework,678.23,49.3
3374,20260316,2026-03-16,2026,3,March,Center Console,Interior,Rhodes PLC,80.3,Interior Assembly - Station 10,Interior Assembly,assembly,minor,rework,176.55,26.7
3375,20260316,2026-03-16,2026,3,March,Headliner v2,Interior,Rhodes PLC,80.3,Interior Assembly - Station 11,Interior Assembly,assembly,major,rework,158.67,56.4
3376,20260316,2026-03-16,2026,3,March,ABS Unit v4,Safety,"Rodriguez, Figueroa and Sanchez",88.0,Safety Systems - Station 17,Safety Systems,functional,minor,rework,81.53,19.7
3377,20260316,2026-03-16,2026,3,March,Electric Motor v6,Powertrain,Wyatt Inc,85.8,Powertrain Assembly - Station 06,Powertrain Assembly,functional,minor,rework,666.15,17.4
3378,20260316,2026-03-16,2026,3,March,Battery Pack v2,Electrical,Wolfe LLC,91.2,Electrical Assembly - Station 13,Electrical Assembly,electrical,major,rework,102.1,41.1
3379,20260316,2026-03-16,2026,3,March,,,,,Quality Check - Station 19,Quality Check,dimensional,minor,rework,11.24,29.7
3380,20260316,2026-03-16,2026,3,March,Headliner v2,Interior,Rhodes PLC,80.3,Interior Assembly - Station 12,Interior Assembly,assembly,minor,rework,143.59,16.5
3381,20260316,2026-03-16,2026,3,March,,,,,Painting - Station 04,Painting,cosmetic,minor,rework,8.98,23.7
3382,20260316,2026-03-16,2026,3,March,Backup Camera v6,Safety,Cole LLC,99.0,Safety Systems - Station 17,Safety Systems,functional,minor,rework,109.8,26.0
3383,20260316,2026-03-16,2026,3,March,Center Console,Interior,Rhodes PLC,80.3,Interior Assembly - Station 10,Interior Assembly,assembly,minor,rework,173.66,19.1
3384,20260316,2026-03-16,2026,3,March,,,,,Painting - Station 04,Painting,cosmetic,major,rework,22.01,58.2
3385,20260316,2026-03-16,2026,3,March,ABS Unit v4,Safety,"Rodriguez, Figueroa and Sanchez",88.0,Safety Systems - Station 17,Safety Systems,functional,major,rework,97.2,61.1
3386,20260317,2026-03-17,2026,3,March,Shock Absorber v3,Chassis,Wyatt Inc,85.8,Chassis Assembly - Station 08,Chassis Assembly,assembly,major,rework,165.94,38.6
3387,20260317,2026-03-17,2026,3,March,,,,,Painting - Station 05,Painting,cosmetic,minor,rework,4.36,11.5
3388,20260317,2026-03-17,2026,3,March,Battery Pack v2,Electrical,Wolfe LLC,91.2,Electrical Assembly - Station 14,Electrical Assembly,electrical,major,rework,105.57,50.3
3389,20260317,2026-03-17,2026,3,March,,,,,Quality Check - Station 20,Quality Check,dimensional,minor,rework,4.97,13.1
3390,20260317,2026-03-17,2026,3,March,Brake Caliper v4,Chassis,Blair PLC,99.0,Chassis Assembly - Station 09,Chassis Assembly,assembly,minor,rework,161.18,18.0
3391,20260317,2026-03-17,2026,3,March,Electric Motor v6,Powertrain,Wyatt Inc,85.8,Powertrain Assembly - Station 07,Powertrain Assembly,functional,minor,rework,668.01,22.3
3392,20260317,2026-03-17,2026,3,March,Headliner v2,Interior,Rhodes PLC,80.3,Interior Assembly - Station 11,Interior Assembly,assembly,minor,rework,144.56,19.1
3393,20260317,2026-03-17,2026,3,March,Battery Pack v2,Electrical,Wolfe LLC,91.2,Electrical Assembly - Station 13,Electrical Assembly,electrical,minor,rework,92.98,17.0
3394,20260317,2026-03-17,2026,3,March,,,,,Painting - Station 05,Painting,cosmetic,minor,rework,5.24,13.8
3395,20260318,2026-03-18,2026,3,March,Electric Motor v6,Powertrain,Wyatt Inc,85.8,Powertrain Assembly - Station 07,Powertrain Assembly,functional,minor,rework,668.43,23.4
3396,20260318,2026-03-18,2026,3,March,Electric Motor v6,Powertrain,Wyatt Inc,85.8,Powertrain Assembly - Station 06,Powertrain Assembly,functional,minor,rework,667.48,20.9
3397,20260318,2026-03-18,2026,3,March,Headliner v2,Interior,Rhodes PLC,80.3,Interior Assembly - Station 10,Interior Assembly,assembly,minor,rework,144.4,18.7
3398,20260318,2026-03-18,2026,3,March,,,,,Welding - Station 03,Welding,dimensional,minor,rework,9.09,24.0
3399,20260318,2026-03-18,2026,3,March,Grille v2,Exterior,Arnold Ltd,99.0,Exterior Trim - Station 15,Exterior Trim,cosmetic,minor,rework,120.35,19.0
3400,20260318,2026-03-18,2026,3,March,ABS Unit v4,Safety,"Rodriguez, Figueroa and Sanchez",88.0,Safety Systems - Station 17,Safety Systems,functional,critical,rework,120.17,121.8
3401,20260319,2026-03-19,2026,3,March,Brake Caliper v4,Chassis,Blair PLC,99.0,Chassis Assembly - Station 09,Chassis Assembly,assembly,minor,rework,164.3,26.3
3402,20260319,2026-03-19,2026,3,March,Shock Absorber v3,Chassis,Wyatt Inc,85.8,Chassis Assembly - Station 09,Chassis Assembly,assembly,major,rework,163.97,33.4
3403,20260319,2026-03-19,2026,3,March,,,,,Welding - Station 01,Welding,dimensional,major,rework,15.09,39.9
3404,20260319,2026-03-19,2026,3,March,Battery Pack v2,Electrical,Wolfe LLC,91.2,Electrical Assembly - Station 14,Electrical Assembly,electrical,critical,scrap,394.83,128.6
3405,20260319,2026-03-19,2026,3,March,,,,,Painting - Station 04,Painting,cosmetic,major,rework,19.51,51.6
3406,20260319,2026-03-19,2026,3,March,ECU Module v7,Electrical,"Rodriguez, Figueroa and Sanchez",88.0,Electrical Assembly - Station 13,Electrical Assembly,electrical,major,rework,58.23,43.1
3407,20260319,2026-03-19,2026,3,March,,,,,Welding - Station 01,Welding,dimensional,major,rework,16.78,44.3
3408,20260319,2026-03-19,2026,3,March,Dashboard Panel v5,Interior,Davis-Abbott,83.4,Interior Assembly - Station 12,Interior Assembly,assembly,minor,rework,123.26,11.1
3409,20260319,2026-03-19,2026,3,March,Grille v2,Exterior,Arnold Ltd,99.0,Exterior Trim - Station 15,Exterior Trim,cosmetic,minor,rework,118.44,13.9
3410,20260319,2026-03-19,2026,3,March,Rear Bumper v5,Exterior,Wolfe LLC,91.2,Exterior Trim - Station 16,Exterior Trim,cosmetic,minor,rework,117.74,14.4
3411,20260320,2026-03-20,2026,3,March,,,,,Final Assembly - Station 18,Final Assembly,assembly,minor,rework,5.84,15.4
3412,20260320,2026-03-20,2026,3,March,Drive Shaft v4,Powertrain,"Rodriguez, Figueroa and Sanchez",88.0,Powertrain Assembly - Station 06,Powertrain Assembly,functional,critical,scrap,2183.67,125.8
3413,20260320,2026-03-20,2026,3,March,Headliner v2,Interior,Rhodes PLC,80.3,Interior Assembly - Station 11,Interior Assembly,assembly,major,rework,159.84,59.5
3414,20260320,2026-03-20,2026,3,March,Center Console,Interior,Rhodes PLC,80.3,Interior Assembly - Station 12,Interior Assembly,assembly,major,rework,177.92,30.4
3415,20260320,2026-03-20,2026,3,March,Headliner v2,Interior,Rhodes PLC,80.3,Interior Assembly - Station 12,Interior Assembly,assembly,major,scrap,566.19,44.5
3416,20260320,2026-03-20,2026,3,March,,,,,Welding - Station 02,Welding,dimensional,minor,rework,9.75,25.8
3417,20260320,2026-03-20,2026,3,March,ABS Unit v4,Safety,"Rodriguez, Figueroa and Sanchez",88.0,Safety Systems - Station 17,Safety Systems,functional,critical,scrap,346.04,131.4
3418,20260320,2026-03-20,2026,3,March,,,,,Welding - Station 03,Welding,dimensional,minor,rework,6.89,18.2
3419,20260320,2026-03-20,2026,3,March,Rear Bumper v5,Exterior,Wolfe LLC,91.2,Exterior Trim - Station 16,Exterior Trim,cosmetic,minor,rework,121.12,23.3
3420,20260320,2026-03-20,2026,3,March,ABS Unit v4,Safety,"Rodriguez, Figueroa and Sanchez",88.0,Safety Systems - Station 17,Safety Systems,functional,major,accepted_with_deviation,3.31,43.7
3421,20260321,2026-03-21,2026,3,March,,,,,Welding - Station 03,Welding,dimensional,major,rework,28.12,74.3
3422,20260321,2026-03-21,2026,3,March,,,,,Welding - Station 03,Welding,dimensional,critical,rework,31.3,82.7
3423,20260322,2026-03-22,2026,3,March,,,,,Painting - Station 04,Painting,cosmetic,minor,rework,6.26,16.5
3424,20260322,2026-03-22,2026,3,March,Brake Caliper v4,Chassis,Blair PLC,99.0,Chassis Assembly - Station 08,Chassis Assembly,assembly,minor,rework,158.95,12.1
3425,20260323,2026-03-23,2026,3,March,,,,,Quality Check - Station 19,Quality Check,dimensional,major,rework,19.3,51.0
3426,20260323,2026-03-23,2026,3,March,Headliner v2,Interior,Rhodes PLC,80.3,Interior Assembly - Station 12,Interior Assembly,assembly,minor,rework,141.36,10.6
3427,20260323,2026-03-23,2026,3,March,,,,,Quality Check - Station 19,Quality Check,dimensional,minor,rework,10.29,27.2
3428,20260323,2026-03-23,2026,3,March,Headliner v2,Interior,Rhodes PLC,80.3,Interior Assembly - Station 11,Interior Assembly,assembly,minor,rework,144.61,19.2
3429,20260323,2026-03-23,2026,3,March,Door Trim v7,Interior,"Johnson, Gonzalez and Santos",85.8,Interior Assembly - Station 12,Interior Assembly,assembly,major,rework,87.23,54.6
3430,20260323,2026-03-23,2026,3,March,Brake Caliper v4,Chassis,Blair PLC,99.0,Chassis Assembly - Station 09,Chassis Assembly,assembly,critical,scrap,673.78,148.8
3431,20260323,2026-03-23,2026,3,March,Headliner v2,Interior,Rhodes PLC,80.3,Interior Assembly - Station 11,Interior Assembly,assembly,major,rework,158.98,57.2
3432,20260323,2026-03-23,2026,3,March,,,,,Painting - Station 05,Painting,cosmetic,minor,accepted_with_deviation,1.2,15.8
3433,20260324,2026-03-24,2026,3,March,Brake Caliper v4,Chassis,Blair PLC,99.0,Chassis Assembly - Station 08,Chassis Assembly,assembly,minor,rework,164.49,26.7
3434,20260324,2026-03-24,2026,3,March,Battery Pack v2,Electrical,Wolfe LLC,91.2,Electrical Assembly - Station 13,Electrical Assembly,electrical,critical,rework,129.36,113.2
3435,20260324,2026-03-24,2026,3,March,Dashboard Panel v5,Interior,Davis-Abbott,83.4,Interior Assembly - Station 12,Interior Assembly,assembly,major,rework,146.4,72.3
3436,20260324,2026-03-24,2026,3,March,Electric Motor v6,Powertrain,Wyatt Inc,85.8,Powertrain Assembly - Station 07,Powertrain Assembly,functional,minor,rework,670.87,29.9
3437,20260325,2026-03-25,2026,3,March,Rear Bumper v5,Exterior,Wolfe LLC,91.2,Exterior Trim - Station 15,Exterior Trim,cosmetic,minor,rework,119.33,18.5
3438,20260325,2026-03-25,2026,3,March,Battery Pack v2,Electrical,Wolfe LLC,91.2,Electrical Assembly - Station 14,Electrical Assembly,electrical,minor,rework,92.15,14.8
3439,20260325,2026-03-25,2026,3,March,Electric Motor v6,Powertrain,Wyatt Inc,85.8,Powertrain Assembly - Station 06,Powertrain Assembly,functional,minor,rework,663.59,10.6
3440,20260326,2026-03-26,2026,3,March,Headliner v2,Interior,Rhodes PLC,80.3,Interior Assembly - Station 10,Interior Assembly,assembly,critical,rework,192.58,146.0
3441,20260326,2026-03-26,2026,3,March,Grille v2,Exterior,Arnold Ltd,99.0,Exterior Trim - Station 15,Exterior Trim,cosmetic,minor,rework,124.46,29.8
3442,20260326,2026-03-26,2026,3,March,,,,,Final Assembly - Station 18,Final Assembly,assembly,minor,rework,10.21,27.0
3443,20260326,2026-03-26,2026,3,March,Headliner v2,Interior,Rhodes PLC,80.3,Interior Assembly - Station 12,Interior Assembly,assembly,minor,rework,147.95,28.1
3444,20260326,2026-03-26,2026,3,March,,,,,Welding - Station 01,Welding,dimensional,minor,rework,6.93,18.3
3445,20260326,2026-03-26,2026,3,March,Headliner v2,Interior,Rhodes PLC,80.3,Interior Assembly - Station 10,Interior Assembly,assembly,major,rework,160.72,61.8
3446,20260326,2026-03-26,2026,3,March,,,,,Welding - Station 03,Welding,dimensional,minor,rework,10.29,27.2
3447,20260326,2026-03-26,2026,3,March,Battery Pack v2,Electrical,Wolfe LLC,91.2,Electrical Assembly - Station 13,Electrical Assembly,electrical,minor,rework,95.6,23.9
3448,20260326,2026-03-26,2026,3,March,ABS Unit v4,Safety,"Rodriguez, Figueroa and Sanchez",88.0,Safety Systems - Station 17,Safety Systems,functional,minor,rework,82.34,21.8
3449,20260327,2026-03-27,2026,3,March,Brake Caliper v4,Chassis,Blair PLC,99.0,Chassis Assembly - Station 08,Chassis Assembly,assembly,minor,accepted_with_deviation,0.91,12.1
3450,20260327,2026-03-27,2026,3,March,,,,,Welding - Station 01,Welding,dimensional,minor,rework,8.85,23.4
3451,20260327,2026-03-27,2026,3,March,Grille v2,Exterior,Arnold Ltd,99.0,Exterior Trim - Station 16,Exterior Trim,cosmetic,major,scrap,475.14,59.4
3452,20260327,2026-03-27,2026,3,March,Electric Motor v6,Powertrain,Wyatt Inc,85.8,Powertrain Assembly - Station 07,Powertrain Assembly,functional,minor,rework,664.97,14.3
3453,20260327,2026-03-27,2026,3,March,Shock Absorber v3,Chassis,Wyatt Inc,85.8,Chassis Assembly - Station 08,Chassis Assembly,assembly,minor,rework,157.88,17.3
3454,20260327,2026-03-27,2026,3,March,Drive Shaft v4,Powertrain,"Rodriguez, Figueroa and Sanchez",88.0,Powertrain Assembly - Station 06,Powertrain Assembly,functional,major,accepted_with_deviation,5.54,73.2
3455,20260327,2026-03-27,2026,3,March,,,,,Quality Check - Station 20,Quality Check,dimensional,major,rework,25.6,67.7
3456,20260327,2026-03-27,2026,3,March,,,,,Final Assembly - Station 18,Final Assembly,assembly,minor,rework,6.62,17.5
3457,20260327,2026-03-27,2026,3,March,Grille v2,Exterior,Arnold Ltd,99.0,Exterior Trim - Station 16,Exterior Trim,cosmetic,major,rework,127.14,36.9
3458,20260327,2026-03-27,2026,3,March,Battery Pack v2,Electrical,Wolfe LLC,91.2,Electrical Assembly - Station 13,Electrical Assembly,electrical,minor,rework,96.38,26.0
3459,20260327,2026-03-27,2026,3,March,,,,,Final Assembly - Station 18,Final Assembly,assembly,minor,rework,7.83,20.7
3460,20260327,2026-03-27,2026,3,March,,,,,Final Assembly - Station 18,Final Assembly,assembly,major,rework,24.93,65.9
3461,20260327,2026-03-27,2026,3,March,Battery Pack v2,Electrical,Wolfe LLC,91.2,Electrical Assembly - Station 13,Electrical Assembly,electrical,minor,rework,93.11,17.4
3462,20260328,2026-03-28,2026,3,March,,,,,Painting - Station 05,Painting,cosmetic,major,rework,19.2,50.7
3463,20260328,2026-03-28,2026,3,March,Wiring Harness v6,Electrical,Bernard LLC,84.8,Electrical Assembly - Station 13,Electrical Assembly,electrical,minor,rework,85.63,24.0
3464,20260329,2026-03-29,2026,3,March,Crash Sensor v5,Safety,"Rodriguez, Figueroa and Sanchez",88.0,Safety Systems - Station 17,Safety Systems,functional,critical,scrap,389.1,125.9
3465,20260329,2026-03-29,2026,3,March,,,,,Painting - Station 05,Painting,cosmetic,minor,rework,6.88,18.2
3466,20260329,2026-03-29,2026,3,March,Electric Motor v6,Powertrain,Wyatt Inc,85.8,Powertrain Assembly - Station 06,Powertrain Assembly,functional,critical,rework,683.29,62.7
3467,20260329,2026-03-29,2026,3,March,Brake Caliper v4,Chassis,Blair PLC,99.0,Chassis Assembly - Station 09,Chassis Assembly,assembly,major,rework,166.74,32.7
3468,20260330,2026-03-30,2026,3,March,Shock Absorber v3,Chassis,Wyatt Inc,85.8,Chassis Assembly - Station 09,Chassis Assembly,assembly,major,rework,164.56,35.0
3469,20260330,2026-03-30,2026,3,March,Drive Shaft v4,Powertrain,"Rodriguez, Figueroa and Sanchez",88.0,Powertrain Assembly - Station 07,Powertrain Assembly,functional,critical,accepted_with_deviation,11.12,146.9
3470,20260330,2026-03-30,2026,3,March,Wiring Harness v6,Electrical,Bernard LLC,84.8,Electrical Assembly - Station 13,Electrical Assembly,electrical,major,scrap,324.98,49.6
3471,20260330,2026-03-30,2026,3,March,Door Trim v7,Interior,"Johnson, Gonzalez and Santos",85.8,Interior Assembly - Station 10,Interior Assembly,assembly,minor,rework,77.74,29.6
3472,20260330,2026-03-30,2026,3,March,Electric Motor v6,Powertrain,Wyatt Inc,85.8,Powertrain Assembly - Station 06,Powertrain Assembly,functional,major,rework,682.97,61.8
3473,20260330,2026-03-30,2026,3,March,Brake Caliper v4,Chassis,Blair PLC,99.0,Chassis Assembly - Station 08,Chassis Assembly,assembly,minor,rework,162.8,22.3
3474,20260330,2026-03-30,2026,3,March,Headliner v2,Interior,Rhodes PLC,80.3,Interior Assembly - Station 11,Interior Assembly,assembly,minor,rework,144.41,18.7
3475,20260330,2026-03-30,2026,3,March,,,,,Painting - Station 04,Painting,cosmetic,minor,rework,8.26,21.8
3476,20260330,2026-03-30,2026,3,March,Grille v2,Exterior,Arnold Ltd,99.0,Exterior Trim - Station 16,Exterior Trim,cosmetic,minor,rework,122.53,24.8
3477,20260331,2026-03-31,2026,3,March,Headliner v2,Interior,Rhodes PLC,80.3,Interior Assembly - Station 10,Interior Assembly,assembly,critical,scrap,573.67,64.3
3478,20260331,2026-03-31,2026,3,March,ABS Unit v4,Safety,"Rodriguez, Figueroa and Sanchez",88.0,Safety Systems - Station 17,Safety Systems,functional,minor,rework,84.16,26.6
3479,20260331,2026-03-31,2026,3,March,,,,,Painting - Station 05,Painting,cosmetic,major,rework,21.34,56.4
3480,20260331,2026-03-31,2026,3,March,Headliner v2,Interior,Rhodes PLC,80.3,Interior Assembly - Station 12,Interior Assembly,assembly,minor,rework,148.62,29.8
3481,20260331,2026-03-31,2026,3,March,Battery Pack v2,Electrical,Wolfe LLC,91.2,Electrical Assembly - Station 14,Electrical Assembly,electrical,major,rework,100.67,37.3
3482,20260331,2026-03-31,2026,3,March,Electric Motor v6,Powertrain,Wyatt Inc,85.8,Powertrain Assembly - Station 06,Powertrain Assembly,functional,major,rework,685.51,68.6
3483,20260331,2026-03-31,2026,3,March,Brake Caliper v4,Chassis,Blair PLC,99.0,Chassis Assembly - Station 08,Chassis Assembly,assembly,minor,rework,160.81,17.0
3484,20260331,2026-03-31,2026,3,March,ECU Module v7,Electrical,"Rodriguez, Figueroa and Sanchez",88.0,Electrical Assembly - Station 14,Electrical Assembly,electrical,minor,rework,47.57,15.0
3485,20260331,2026-03-31,2026,3,March,Drive Shaft v4,Powertrain,"Rodriguez, Figueroa and Sanchez",88.0,Powertrain Assembly - Station 06,Powertrain Assembly,functional,minor,rework,542.74,23.1
3486,20260331,2026-03-31,2026,3,March,Brake Caliper v4,Chassis,Blair PLC,99.0,Chassis Assembly - Station 09,Chassis Assembly,assembly,minor,rework,163.68,24.6
3487,20260331,2026-03-31,2026,3,March,ABS Unit v4,Safety,"Rodriguez, Figueroa and Sanchez",88.0,Safety Systems - Station 17,Safety Systems,functional,major,rework,102.17,74.2
3488,20260401,2026-04-01,2026,4,April,Headliner v2,Interior,Rhodes PLC,80.3,Interior Assembly - Station 12,Interior Assembly,assembly,minor,rework,145.34,21.2
3489,20260401,2026-04-01,2026,4,April,,,,,Painting - Station 04,Painting,cosmetic,critical,rework,56.12,148.3
3490,20260401,2026-04-01,2026,4,April,Dashboard Panel v5,Interior,Davis-Abbott,83.4,Interior Assembly - Station 12,Interior Assembly,assembly,major,scrap,495.59,51.3
3491,20260401,2026-04-01,2026,4,April,Electric Motor v6,Powertrain,Wyatt Inc,85.8,Powertrain Assembly - Station 06,Powertrain Assembly,functional,major,rework,672.81,35.0
3492,20260401,2026-04-01,2026,4,April,Headliner v2,Interior,Rhodes PLC,80.3,Interior Assembly - Station 10,Interior Assembly,assembly,minor,rework,143.01,15.0
3493,20260401,2026-04-01,2026,4,April,,,,,Welding - Station 02,Welding,dimensional,critical,scrap,24.11,63.7
3494,20260401,2026-04-01,2026,4,April,Brake Caliper v4,Chassis,Blair PLC,99.0,Chassis Assembly - Station 08,Chassis Assembly,assembly,major,rework,180.61,69.4
3495,20260401,2026-04-01,2026,4,April,Shock Absorber v3,Chassis,Wyatt Inc,85.8,Chassis Assembly - Station 09,Chassis Assembly,assembly,minor,rework,157.61,16.6
3496,20260401,2026-04-01,2026,4,April,ECU Module v7,Electrical,"Rodriguez, Figueroa and Sanchez",88.0,Electrical Assembly - Station 14,Electrical Assembly,electrical,minor,rework,51.03,24.1
3497,20260402,2026-04-02,2026,4,April,Shock Absorber v3,Chassis,Wyatt Inc,85.8,Chassis Assembly - Station 09,Chassis Assembly,assembly,major,rework,171.91,54.4
3498,20260402,2026-04-02,2026,4,April,Electric Motor v6,Powertrain,Wyatt Inc,85.8,Powertrain Assembly - Station 06,Powertrain Assembly,functional,major,scrap,2663.02,65.3
3499,20260402,2026-04-02,2026,4,April,Shock Absorber v3,Chassis,Wyatt Inc,85.8,Chassis Assembly - Station 09,Chassis Assembly,assembly,critical,rework,194.42,113.9
3500,20260402,2026-04-02,2026,4,April,,,,,Painting - Station 04,Painting,cosmetic,minor,rework,4.36,11.5
3501,20260402,2026-04-02,2026,4,April,Battery Pack v2,Electrical,Wolfe LLC,91.2,Electrical Assembly - Station 13,Electrical Assembly,electrical,major,rework,111.13,65.0
3502,20260402,2026-04-02,2026,4,April,Grille v2,Exterior,Arnold Ltd,99.0,Exterior Trim - Station 15,Exterior Trim,cosmetic,minor,rework,121.13,21.0
3503,20260402,2026-04-02,2026,4,April,,,,,Welding - Station 01,Welding,dimensional,minor,rework,5.96,15.8
3504,20260402,2026-04-02,2026,4,April,ECU Module v7,Electrical,"Rodriguez, Figueroa and Sanchez",88.0,Electrical Assembly - Station 13,Electrical Assembly,electrical,minor,rework,47.57,15.0
3505,20260402,2026-04-02,2026,4,April,Rear Bumper v5,Exterior,Wolfe LLC,91.2,Exterior Trim - Station 16,Exterior Trim,cosmetic,minor,rework,123.63,29.9
3506,20260402,2026-04-02,2026,4,April,Grille v2,Exterior,Arnold Ltd,99.0,Exterior Trim - Station 16,Exterior Trim,cosmetic,minor,rework,118.1,13.0
3507,20260403,2026-04-03,2026,4,April,Wiring Harness v6,Electrical,Bernard LLC,84.8,Electrical Assembly - Station 13,Electrical Assembly,electrical,minor,rework,85.23,22.9
3508,20260403,2026-04-03,2026,4,April,,,,,Quality Check - Station 20,Quality Check,dimensional,minor,rework,9.07,24.0
3509,20260403,2026-04-03,2026,4,April,Shock Absorber v3,Chassis,Wyatt Inc,85.8,Chassis Assembly - Station 08,Chassis Assembly,assembly,critical,rework,206.29,145.3
3510,20260404,2026-04-04,2026,4,April,Brake Caliper v4,Chassis,Blair PLC,99.0,Chassis Assembly - Station 09,Chassis Assembly,assembly,minor,rework,160.26,15.6
3511,20260404,2026-04-04,2026,4,April,Grille v2,Exterior,Arnold Ltd,99.0,Exterior Trim - Station 16,Exterior Trim,cosmetic,major,rework,128.94,41.7
3512,20260404,2026-04-04,2026,4,April,Shock Absorber v3,Chassis,Wyatt Inc,85.8,Chassis Assembly - Station 09,Chassis Assembly,assembly,minor,rework,159.48,21.6
3513,20260405,2026-04-05,2026,4,April,,,,,Welding - Station 01,Welding,dimensional,minor,rework,10.93,28.9
3514,20260405,2026-04-05,2026,4,April,Grille v2,Exterior,Arnold Ltd,99.0,Exterior Trim - Station 15,Exterior Trim,cosmetic,minor,accepted_with_deviation,2.25,29.7
3515,20260405,2026-04-05,2026,4,April,Dashboard Panel v5,Interior,Davis-Abbott,83.4,Interior Assembly - Station 10,Interior Assembly,assembly,critical,accepted_with_deviation,10.48,138.4
3516,20260406,2026-04-06,2026,4,April,ABS Unit v4,Safety,"Rodriguez, Figueroa and Sanchez",88.0,Safety Systems - Station 17,Safety Systems,functional,major,rework,87.89,36.5
3517,20260406,2026-04-06,2026,4,April,Shock Absorber v3,Chassis,Wyatt Inc,85.8,Chassis Assembly - Station 08,Chassis Assembly,assembly,major,rework,168.82,46.3
3518,20260406,2026-04-06,2026,4,April,Brake Caliper v4,Chassis,Blair PLC,99.0,Chassis Assembly - Station 08,Chassis Assembly,assembly,minor,rework,159.95,14.8
3519,20260407,2026-04-07,2026,4,April,,,,,Painting - Station 05,Painting,cosmetic,minor,rework,5.89,15.6
3520,20260407,2026-04-07,2026,4,April,Backup Camera v6,Safety,Cole LLC,99.0,Safety Systems - Station 17,Safety Systems,functional,minor,rework,106.13,16.3
3521,20260407,2026-04-07,2026,4,April,Electric Motor v6,Powertrain,Wyatt Inc,85.8,Powertrain Assembly - Station 06,Powertrain Assembly,functional,minor,rework,664.49,13.0
3522,20260407,2026-04-07,2026,4,April,Shock Absorber v3,Chassis,Wyatt Inc,85.8,Chassis Assembly - Station 08,Chassis Assembly,assembly,major,rework,166.08,39.0
3523,20260407,2026-04-07,2026,4,April,,,,,Welding - Station 01,Welding,dimensional,major,scrap,26.9,71.1
3524,20260407,2026-04-07,2026,4,April,Center Console,Interior,Rhodes PLC,80.3,Interior Assembly - Station 12,Interior Assembly,assembly,minor,rework,172.34,15.6
3525,20260407,2026-04-07,2026,4,April,Grille v2,Exterior,Arnold Ltd,99.0,Exterior Trim - Station 15,Exterior Trim,cosmetic,minor,rework,119.89,17.8
3526,20260407,2026-04-07,2026,4,April,Grille v2,Exterior,Arnold Ltd,99.0,Exterior Trim - Station 15,Exterior Trim,cosmetic,minor,rework,123.68,27.8
3527,20260407,2026-04-07,2026,4,April,Drive Shaft v4,Powertrain,"Rodriguez, Figueroa and Sanchez",88.0,Powertrain Assembly - Station 06,Powertrain Assembly,functional,minor,rework,540.99,18.4
3528,20260408,2026-04-08,2026,4,April,Electric Motor v6,Powertrain,Wyatt Inc,85.8,Powertrain Assembly - Station 07,Powertrain Assembly,functional,minor,rework,667.64,21.3
3529,20260408,2026-04-08,2026,4,April,,,,,Quality Check - Station 20,Quality Check,dimensional,minor,rework,3.97,10.5
3530,20260408,2026-04-08,2026,4,April,,,,,Welding - Station 03,Welding,dimensional,critical,rework,38.31,101.2
3531,20260408,2026-04-08,2026,4,April,,,,,Final Assembly - Station 18,Final Assembly,assembly,minor,rework,4.69,12.4
3532,20260408,2026-04-08,2026,4,April,Headliner v2,Interior,Rhodes PLC,80.3,Interior Assembly - Station 10,Interior Assembly,assembly,minor,rework,144.96,20.2
3533,20260408,2026-04-08,2026,4,April,,,,,Quality Check - Station 20,Quality Check,dimensional,minor,rework,5.06,13.4
3534,20260408,2026-04-08,2026,4,April,,,,,Welding - Station 03,Welding,dimensional,minor,rework,7.78,20.6
3535,20260409,2026-04-09,2026,4,April,Headliner v2,Interior,Rhodes PLC,80.3,Interior Assembly - Station 11,Interior Assembly,assembly,minor,rework,142.02,12.4
3536,20260409,2026-04-09,2026,4,April,Grille v2,Exterior,Arnold Ltd,99.0,Exterior Trim - Station 16,Exterior Trim,cosmetic,minor,rework,118.54,14.2
3537,20260409,2026-04-09,2026,4,April,Electric Motor v6,Powertrain,Wyatt Inc,85.8,Powertrain Assembly - Station 06,Powertrain Assembly,functional,minor,rework,664.34,12.6
3538,20260409,2026-04-09,2026,4,April,Wiring Harness v6,Electrical,Bernard LLC,84.8,Electrical Assembly - Station 14,Electrical Assembly,electrical,minor,rework,80.48,10.4
3539,20260409,2026-04-09,2026,4,April,,,,,Welding - Station 01,Welding,dimensional,minor,rework,8.02,21.2
3540,20260409,2026-04-09,2026,4,April,,,,,Painting - Station 05,Painting,cosmetic,minor,rework,7.72,20.4
3541,20260409,2026-04-09,2026,4,April,,,,,Final Assembly - Station 18,Final Assembly,assembly,minor,accepted_with_deviation,0.83,11.0
3542,20260409,2026-04-09,2026,4,April,Headliner v2,Interior,Rhodes PLC,80.3,Interior Assembly - Station 10,Interior Assembly,assembly,major,rework,159.15,57.7
3543,20260409,2026-04-09,2026,4,April,,,,,Welding - Station 02,Welding,dimensional,minor,rework,9.51,25.1
3544,20260409,2026-04-09,2026,4,April,Battery Pack v2,Electrical,Wolfe LLC,91.2,Electrical Assembly - Station 14,Electrical Assembly,electrical,major,rework,109.82,61.5
3545,20260409,2026-04-09,2026,4,April,Door Trim v7,Interior,"Johnson, Gonzalez and Santos",85.8,Interior Assembly - Station 11,Interior Assembly,assembly,minor,rework,77.31,28.4
3546,20260410,2026-04-10,2026,4,April,Grille v2,Exterior,Arnold Ltd,99.0,Exterior Trim - Station 16,Exterior Trim,cosmetic,major,rework,135.02,57.8
3547,20260410,2026-04-10,2026,4,April,Rear Bumper v5,Exterior,Wolfe LLC,91.2,Exterior Trim - Station 16,Exterior Trim,cosmetic,major,rework,129.81,46.2
3548,20260410,2026-04-10,2026,4,April,Electric Motor v6,Powertrain,Wyatt Inc,85.8,Powertrain Assembly - Station 06,Powertrain Assembly,functional,minor,rework,665.75,16.3
3549,20260410,2026-04-10,2026,4,April,Battery Pack v2,Electrical,Wolfe LLC,91.2,Electrical Assembly - Station 13,Electrical Assembly,electrical,minor,rework,94.36,20.7
3550,20260410,2026-04-10,2026,4,April,,,,,Welding - Station 03,Welding,dimensional,minor,rework,7.57,20.0
3551,20260410,2026-04-10,2026,4,April,Dashboard Panel v5,Interior,Davis-Abbott,83.4,Interior Assembly - Station 11,Interior Assembly,assembly,major,rework,133.1,37.1
3552,20260410,2026-04-10,2026,4,April,Dashboard Panel v5,Interior,Davis-Abbott,83.4,Interior Assembly - Station 10,Interior Assembly,assembly,major,rework,146.5,72.6
3553,20260410,2026-04-10,2026,4,April,Rear Bumper v5,Exterior,Wolfe LLC,91.2,Exterior Trim - Station 15,Exterior Trim,cosmetic,minor,rework,121.87,25.3
3554,20260410,2026-04-10,2026,4,April,Electric Motor v6,Powertrain,Wyatt Inc,85.8,Powertrain Assembly - Station 06,Powertrain Assembly,functional,minor,rework,667.21,20.2
3555,20260410,2026-04-10,2026,4,April,Brake Caliper v4,Chassis,Blair PLC,99.0,Chassis Assembly - Station 08,Chassis Assembly,assembly,major,rework,169.53,40.1
3556,20260410,2026-04-10,2026,4,April,Rear Bumper v5,Exterior,Wolfe LLC,91.2,Exterior Trim - Station 15,Exterior Trim,cosmetic,minor,rework,117.5,13.7
3557,20260410,2026-04-10,2026,4,April,Rear Bumper v5,Exterior,Wolfe LLC,91.2,Exterior Trim - Station 16,Exterior Trim,cosmetic,minor,rework,122.39,26.6
3558,20260411,2026-04-11,2026,4,April,Dashboard Panel v5,Interior,Davis-Abbott,83.4,Interior Assembly - Station 12,Interior Assembly,assembly,major,rework,133.74,38.8
3559,20260411,2026-04-11,2026,4,April,Shock Absorber v3,Chassis,Wyatt Inc,85.8,Chassis Assembly - Station 09,Chassis Assembly,assembly,major,rework,170.66,51.1
3560,20260412,2026-04-12,2026,4,April,Shock Absorber v3,Chassis,Wyatt Inc,85.8,Chassis Assembly - Station 09,Chassis Assembly,assembly,minor,rework,156.09,12.6
3561,20260412,2026-04-12,2026,4,April,Headliner v2,Interior,Rhodes PLC,80.3,Interior Assembly - Station 10,Interior Assembly,assembly,critical,scrap,580.17,81.5
3562,20260412,2026-04-12,2026,4,April,Crash Sensor v5,Safety,"Rodriguez, Figueroa and Sanchez",88.0,Safety Systems - Station 17,Safety Systems,functional,minor,rework,96.61,29.7
3563,20260412,2026-04-12,2026,4,April,Electric Motor v6,Powertrain,Wyatt Inc,85.8,Powertrain Assembly - Station 06,Powertrain Assembly,functional,minor,rework,670.72,29.5
3564,20260412,2026-04-12,2026,4,April,Rear Bumper v5,Exterior,Wolfe LLC,91.2,Exterior Trim - Station 16,Exterior Trim,cosmetic,minor,rework,122.91,28.0
3565,20260412,2026-04-12,2026,4,April,Door Trim v7,Interior,"Johnson, Gonzalez and Santos",85.8,Interior Assembly - Station 12,Interior Assembly,assembly,minor,rework,77.32,28.5
3566,20260412,2026-04-12,2026,4,April,,,,,Painting - Station 04,Painting,cosmetic,major,rework,17.04,45.0
3567,20260412,2026-04-12,2026,4,April,Shock Absorber v3,Chassis,Wyatt Inc,85.8,Chassis Assembly - Station 09,Chassis Assembly,assembly,critical,rework,181.62,80.1
3568,20260412,2026-04-12,2026,4,April,Drive Shaft v4,Powertrain,"Rodriguez, Figueroa and Sanchez",88.0,Powertrain Assembly - Station 06,Powertrain Assembly,functional,critical,rework,560.55,70.1
3569,20260412,2026-04-12,2026,4,April,,,,,Painting - Station 05,Painting,cosmetic,minor,rework,9.63,25.5
3570,20260413,2026-04-13,2026,4,April,Battery Pack v2,Electrical,Wolfe LLC,91.2,Electrical Assembly - Station 13,Electrical Assembly,electrical,major,rework,112.62,68.9
3571,20260413,2026-04-13,2026,4,April,Backup Camera v6,Safety,Cole LLC,99.0,Safety Systems - Station 17,Safety Systems,functional,minor,rework,105.72,15.2
3572,20260413,2026-04-13,2026,4,April,,,,,Welding - Station 03,Welding,dimensional,major,rework,24.89,65.8
3573,20260413,2026-04-13,2026,4,April,Grille v2,Exterior,Arnold Ltd,99.0,Exterior Trim - Station 15,Exterior Trim,cosmetic,major,rework,139.32,69.1
3574,20260414,2026-04-14,2026,4,April,Electric Motor v6,Powertrain,Wyatt Inc,85.8,Powertrain Assembly - Station 06,Powertrain Assembly,functional,major,rework,673.78,37.5
3575,20260414,2026-04-14,2026,4,April,Electric Motor v6,Powertrain,Wyatt Inc,85.8,Powertrain Assembly - Station 06,Powertrain Assembly,functional,minor,rework,664.77,13.7
3576,20260414,2026-04-14,2026,4,April,Brake Caliper v4,Chassis,Blair PLC,99.0,Chassis Assembly - Station 09,Chassis Assembly,assembly,minor,rework,162.56,21.6
3577,20260414,2026-04-14,2026,4,April,,,,,Welding - Station 03,Welding,dimensional,minor,rework,5.19,13.7
3578,20260414,2026-04-14,2026,4,April,Grille v2,Exterior,Arnold Ltd,99.0,Exterior Trim - Station 16,Exterior Trim,cosmetic,major,rework,128.14,39.6
3579,20260414,2026-04-14,2026,4,April,Headliner v2,Interior,Rhodes PLC,80.3,Interior Assembly - Station 10,Interior Assembly,assembly,minor,rework,147.64,27.2
3580,20260415,2026-04-15,2026,4,April,Grille v2,Exterior,Arnold Ltd,99.0,Exterior Trim - Station 16,Exterior Trim,cosmetic,major,rework,126.28,34.7
3581,20260415,2026-04-15,2026,4,April,Dashboard Panel v5,Interior,Davis-Abbott,83.4,Interior Assembly - Station 12,Interior Assembly,assembly,critical,rework,169.0,132.0
3582,20260415,2026-04-15,2026,4,April,,,,,Quality Check - Station 20,Quality Check,dimensional,minor,rework,7.42,19.6
3583,20260415,2026-04-15,2026,4,April,,,,,Painting - Station 05,Painting,cosmetic,minor,rework,3.91,10.3
3584,20260415,2026-04-15,2026,4,April,ECU Module v7,Electrical,"Rodriguez, Figueroa and Sanchez",88.0,Electrical Assembly - Station 14,Electrical Assembly,electrical,minor,accepted_with_deviation,1.76,23.3
3585,20260416,2026-04-16,2026,4,April,Center Console,Interior,Rhodes PLC,80.3,Interior Assembly - Station 11,Interior Assembly,assembly,minor,rework,177.31,28.7
3586,20260416,2026-04-16,2026,4,April,Brake Caliper v4,Chassis,Blair PLC,99.0,Chassis Assembly - Station 09,Chassis Assembly,assembly,minor,rework,159.85,14.5
3587,20260416,2026-04-16,2026,4,April,Headliner v2,Interior,Rhodes PLC,80.3,Interior Assembly - Station 10,Interior Assembly,assembly,major,rework,162.93,67.7
3588,20260416,2026-04-16,2026,4,April,Door Trim v7,Interior,"Johnson, Gonzalez and Santos",85.8,Interior Assembly - Station 10,Interior Assembly,assembly,minor,rework,72.62,16.0
3589,20260416,2026-04-16,2026,4,April,Headliner v2,Interior,Rhodes PLC,80.3,Interior Assembly - Station 12,Interior Assembly,assembly,minor,rework,141.84,11.9
3590,20260416,2026-04-16,2026,4,April,Brake Caliper v4,Chassis,Blair PLC,99.0,Chassis Assembly - Station 08,Chassis Assembly,assembly,minor,rework,163.51,24.2
3591,20260416,2026-04-16,2026,4,April,Battery Pack v2,Electrical,Wolfe LLC,91.2,Electrical Assembly - Station 13,Electrical Assembly,electrical,minor,accepted_with_deviation,1.54,20.4
3592,20260416,2026-04-16,2026,4,April,,,,,Welding - Station 02,Welding,dimensional,minor,rework,4.01,10.6
3593,20260416,2026-04-16,2026,4,April,,,,,Painting - Station 04,Painting,cosmetic,minor,rework,10.65,28.2
3594,20260417,2026-04-17,2026,4,April,,,,,Welding - Station 02,Welding,dimensional,minor,rework,6.59,17.4
3595,20260417,2026-04-17,2026,4,April,,,,,Welding - Station 02,Welding,dimensional,major,rework,23.03,60.9
3596,20260417,2026-04-17,2026,4,April,Headliner v2,Interior,Rhodes PLC,80.3,Interior Assembly - Station 12,Interior Assembly,assembly,minor,accepted_with_deviation,1.55,20.4
3597,20260417,2026-04-17,2026,4,April,,,,,Welding - Station 03,Welding,dimensional,minor,rework,8.45,22.3
3598,20260417,2026-04-17,2026,4,April,Headliner v2,Interior,Rhodes PLC,80.3,Interior Assembly - Station 12,Interior Assembly,assembly,minor,rework,147.32,26.4
3599,20260417,2026-04-17,2026,4,April,Electric Motor v6,Powertrain,Wyatt Inc,85.8,Powertrain Assembly - Station 06,Powertrain Assembly,functional,major,scrap,2660.07,57.5
3600,20260417,2026-04-17,2026,4,April,Electric Motor v6,Powertrain,Wyatt Inc,85.8,Powertrain Assembly - Station 07,Powertrain Assembly,functional,major,rework,677.96,48.6
3601,20260417,2026-04-17,2026,4,April,Electric Motor v6,Powertrain,Wyatt Inc,85.8,Powertrain Assembly - Station 07,Powertrain Assembly,functional,major,rework,680.6,55.6
3602,20260417,2026-04-17,2026,4,April,Grille v2,Exterior,Arnold Ltd,99.0,Exterior Trim - Station 16,Exterior Trim,cosmetic,minor,accepted_with_deviation,2.16,28.6
3603,20260417,2026-04-17,2026,4,April,Grille v2,Exterior,Arnold Ltd,99.0,Exterior Trim - Station 15,Exterior Trim,cosmetic,minor,rework,118.49,14.1
3604,20260417,2026-04-17,2026,4,April,Center Console,Interior,Rhodes PLC,80.3,Interior Assembly - Station 12,Interior Assembly,assembly,minor,rework,176.52,26.6
3605,20260417,2026-04-17,2026,4,April,ECU Module v7,Electrical,"Rodriguez, Figueroa and Sanchez",88.0,Electrical Assembly - Station 13,Electrical Assembly,electrical,minor,rework,49.8,20.8
3606,20260417,2026-04-17,2026,4,April,Headliner v2,Interior,Rhodes PLC,80.3,Interior Assembly - Station 11,Interior Assembly,assembly,minor,rework,147.36,26.5
3607,20260417,2026-04-17,2026,4,April,Electric Motor v6,Powertrain,Wyatt Inc,85.8,Powertrain Assembly - Station 06,Powertrain Assembly,functional,minor,rework,667.73,21.6
3608,20260418,2026-04-18,2026,4,April,,,,,Welding - Station 02,Welding,dimensional,major,rework,25.47,67.3
3609,20260418,2026-04-18,2026,4,April,Rear Bumper v5,Exterior,Wolfe LLC,91.2,Exterior Trim - Station 16,Exterior Trim,cosmetic,minor,rework,119.28,18.4
3610,20260418,2026-04-18,2026,4,April,,,,,Welding - Station 03,Welding,dimensional,major,rework,16.57,43.8
3611,20260418,2026-04-18,2026,4,April,Grille v2,Exterior,Arnold Ltd,99.0,Exterior Trim - Station 16,Exterior Trim,cosmetic,minor,rework,117.94,12.6
3612,20260419,2026-04-19,2026,4,April,Grille v2,Exterior,Arnold Ltd,99.0,Exterior Trim - Station 16,Exterior Trim,cosmetic,minor,rework,121.34,21.6
3613,20260419,2026-04-19,2026,4,April,,,,,Welding - Station 03,Welding,dimensional,minor,rework,4.36,11.5
3614,20260420,2026-04-20,2026,4,April,Shock Absorber v3,Chassis,Wyatt Inc,85.8,Chassis Assembly - Station 08,Chassis Assembly,assembly,major,rework,170.04,49.5
3615,20260420,2026-04-20,2026,4,April,Electric Motor v6,Powertrain,Wyatt Inc,85.8,Powertrain Assembly - Station 07,Powertrain Assembly,functional,minor,accepted_with_deviation,1.36,18.0
3616,20260420,2026-04-20,2026,4,April,Battery Pack v2,Electrical,Wolfe LLC,91.2,Electrical Assembly - Station 13,Electrical Assembly,electrical,major,rework,102.32,41.7
3617,20260420,2026-04-20,2026,4,April,,,,,Painting - Station 04,Painting,cosmetic,minor,rework,8.71,23.0
3618,20260420,2026-04-20,2026,4,April,,,,,Welding - Station 01,Welding,dimensional,minor,rework,5.1,13.5
3619,20260420,2026-04-20,2026,4,April,Electric Motor v6,Powertrain,Wyatt Inc,85.8,Powertrain Assembly - Station 07,Powertrain Assembly,functional,minor,rework,667.02,19.7
3620,20260420,2026-04-20,2026,4,April,Grille v2,Exterior,Arnold Ltd,99.0,Exterior Trim - Station 15,Exterior Trim,cosmetic,critical,rework,140.06,71.1
3621,20260421,2026-04-21,2026,4,April,Dashboard Panel v5,Interior,Davis-Abbott,83.4,Interior Assembly - Station 10,Interior Assembly,assembly,major,rework,132.53,35.7
3622,20260421,2026-04-21,2026,4,April,Headliner v2,Interior,Rhodes PLC,80.3,Interior Assembly - Station 11,Interior Assembly,assembly,minor,rework,146.43,24.0
3623,20260421,2026-04-21,2026,4,April,Drive Shaft v4,Powertrain,"Rodriguez, Figueroa and Sanchez",88.0,Powertrain Assembly - Station 06,Powertrain Assembly,functional,minor,rework,541.27,19.1
3624,20260421,2026-04-21,2026,4,April,Headliner v2,Interior,Rhodes PLC,80.3,Interior Assembly - Station 11,Interior Assembly,assembly,minor,rework,144.92,20.0
3625,20260421,2026-04-21,2026,4,April,ABS Unit v4,Safety,"Rodriguez, Figueroa and Sanchez",88.0,Safety Systems - Station 17,Safety Systems,functional,major,rework,92.97,49.9
3626,20260421,2026-04-21,2026,4,April,,,,,Welding - Station 01,Welding,dimensional,minor,rework,10.62,28.1
3627,20260421,2026-04-21,2026,4,April,Grille v2,Exterior,Arnold Ltd,99.0,Exterior Trim - Station 15,Exterior Trim,cosmetic,major,rework,133.85,54.7
3628,20260421,2026-04-21,2026,4,April,,,,,Welding - Station 01,Welding,dimensional,minor,rework,9.45,25.0
3629,20260422,2026-04-22,2026,4,April,Battery Pack v2,Electrical,Wolfe LLC,91.2,Electrical Assembly - Station 13,Electrical Assembly,electrical,minor,rework,91.82,14.0
3630,20260422,2026-04-22,2026,4,April,Grille v2,Exterior,Arnold Ltd,99.0,Exterior Trim - Station 16,Exterior Trim,cosmetic,minor,rework,122.42,24.5
3631,20260422,2026-04-22,2026,4,April,Electric Motor v6,Powertrain,Wyatt Inc,85.8,Powertrain Assembly - Station 06,Powertrain Assembly,functional,minor,rework,668.96,24.8
3632,20260422,2026-04-22,2026,4,April,,,,,Painting - Station 05,Painting,cosmetic,minor,rework,5.39,14.3
3633,20260422,2026-04-22,2026,4,April,Electric Motor v6,Powertrain,Wyatt Inc,85.8,Powertrain Assembly - Station 06,Powertrain Assembly,functional,minor,rework,665.73,16.3
3634,20260422,2026-04-22,2026,4,April,Grille v2,Exterior,Arnold Ltd,99.0,Exterior Trim - Station 16,Exterior Trim,cosmetic,minor,rework,123.61,27.6
3635,20260422,2026-04-22,2026,4,April,,,,,Painting - Station 05,Painting,cosmetic,minor,rework,4.82,12.7
3636,20260422,2026-04-22,2026,4,April,Headliner v2,Interior,Rhodes PLC,80.3,Interior Assembly - Station 12,Interior Assembly,assembly,minor,accepted_with_deviation,1.52,20.0
3637,20260422,2026-04-22,2026,4,April,Shock Absorber v3,Chassis,Wyatt Inc,85.8,Chassis Assembly - Station 09,Chassis Assembly,assembly,minor,rework,156.59,13.9
3638,20260422,2026-04-22,2026,4,April,Door Trim v7,Interior,"Johnson, Gonzalez and Santos",85.8,Interior Assembly - Station 12,Interior Assembly,assembly,minor,rework,75.03,22.4
3639,20260422,2026-04-22,2026,4,April,,,,,Welding - Station 01,Welding,dimensional,minor,rework,5.66,15.0
3640,20260423,2026-04-23,2026,4,April,,,,,Welding - Station 03,Welding,dimensional,minor,rework,5.38,14.2
3641,20260423,2026-04-23,2026,4,April,Drive Shaft v4,Powertrain,"Rodriguez, Figueroa and Sanchez",88.0,Powertrain Assembly - Station 06,Powertrain Assembly,functional,minor,rework,539.54,14.6
3642,20260423,2026-04-23,2026,4,April,Brake Caliper v4,Chassis,Blair PLC,99.0,Chassis Assembly - Station 09,Chassis Assembly,assembly,minor,rework,161.68,19.3
3643,20260423,2026-04-23,2026,4,April,ECU Module v7,Electrical,"Rodriguez, Figueroa and Sanchez",88.0,Electrical Assembly - Station 13,Electrical Assembly,electrical,minor,rework,46.0,10.8
3644,20260423,2026-04-23,2026,4,April,Battery Pack v2,Electrical,Wolfe LLC,91.2,Electrical Assembly - Station 14,Electrical Assembly,electrical,major,rework,112.12,67.6
3645,20260424,2026-04-24,2026,4,April,,,,,Welding - Station 03,Welding,dimensional,minor,rework,7.51,19.8
3646,20260424,2026-04-24,2026,4,April,Headliner v2,Interior,Rhodes PLC,80.3,Interior Assembly - Station 10,Interior Assembly,assembly,minor,rework,144.7,19.5
3647,20260424,2026-04-24,2026,4,April,Shock Absorber v3,Chassis,Wyatt Inc,85.8,Chassis Assembly - Station 09,Chassis Assembly,assembly,minor,rework,162.27,29.0
3648,20260424,2026-04-24,2026,4,April,,,,,Painting - Station 05,Painting,cosmetic,minor,rework,6.25,16.5
3649,20260424,2026-04-24,2026,4,April,Brake Caliper v4,Chassis,Blair PLC,99.0,Chassis Assembly - Station 09,Chassis Assembly,assembly,major,rework,168.95,38.5
3650,20260424,2026-04-24,2026,4,April,Headliner v2,Interior,Rhodes PLC,80.3,Interior Assembly - Station 12,Interior Assembly,assembly,minor,rework,148.35,29.1
3651,20260425,2026-04-25,2026,4,April,Electric Motor v6,Powertrain,Wyatt Inc,85.8,Powertrain Assembly - Station 06,Powertrain Assembly,functional,minor,rework,669.1,25.2
3652,20260425,2026-04-25,2026,4,April,,,,,Painting - Station 04,Painting,cosmetic,minor,rework,6.23,16.5
3653,20260425,2026-04-25,2026,4,April,Grille v2,Exterior,Arnold Ltd,99.0,Exterior Trim - Station 15,Exterior Trim,cosmetic,minor,rework,121.96,23.2
3654,20260425,2026-04-25,2026,4,April,Brake Caliper v4,Chassis,Blair PLC,99.0,Chassis Assembly - Station 09,Chassis Assembly,assembly,minor,rework,162.55,21.6
3655,20260425,2026-04-25,2026,4,April,,,,,Final Assembly - Station 18,Final Assembly,assembly,minor,accepted_with_deviation,2.09,27.6
3656,20260425,2026-04-25,2026,4,April,Headliner v2,Interior,Rhodes PLC,80.3,Interior Assembly - Station 10,Interior Assembly,assembly,minor,rework,141.71,11.6
3657,20260426,2026-04-26,2026,4,April,Rear Bumper v5,Exterior,Wolfe LLC,91.2,Exterior Trim - Station 16,Exterior Trim,cosmetic,minor,rework,119.1,17.9
3658,20260426,2026-04-26,2026,4,April,Battery Pack v2,Electrical,Wolfe LLC,91.2,Electrical Assembly - Station 13,Electrical Assembly,electrical,major,rework,114.12,72.9
3659,20260426,2026-04-26,2026,4,April,Rear Bumper v5,Exterior,Wolfe LLC,91.2,Exterior Trim - Station 15,Exterior Trim,cosmetic,minor,accepted_with_deviation,1.93,25.5
3660,20260426,2026-04-26,2026,4,April,Grille v2,Exterior,Arnold Ltd,99.0,Exterior Trim - Station 16,Exterior Trim,cosmetic,major,rework,134.08,55.3
3661,20260427,2026-04-27,2026,4,April,Headliner v2,Interior,Rhodes PLC,80.3,Interior Assembly - Station 12,Interior Assembly,assembly,minor,rework,144.75,19.6
3662,20260427,2026-04-27,2026,4,April,Dashboard Panel v5,Interior,Davis-Abbott,83.4,Interior Assembly - Station 11,Interior Assembly,assembly,minor,rework,125.2,16.3
3663,20260427,2026-04-27,2026,4,April,Dashboard Panel v5,Interior,Davis-Abbott,83.4,Interior Assembly - Station 10,Interior Assembly,assembly,minor,rework,125.09,16.0
3664,20260428,2026-04-28,2026,4,April,,,,,Welding - Station 01,Welding,dimensional,major,rework,16.3,43.1
3665,20260428,2026-04-28,2026,4,April,Backup Camera v6,Safety,Cole LLC,99.0,Safety Systems - Station 17,Safety Systems,functional,minor,rework,109.84,26.1
3666,20260428,2026-04-28,2026,4,April,Grille v2,Exterior,Arnold Ltd,99.0,Exterior Trim - Station 15,Exterior Trim,cosmetic,minor,rework,122.46,24.6
3667,20260428,2026-04-28,2026,4,April,,,,,Painting - Station 05,Painting,cosmetic,major,rework,17.1,45.2
3668,20260428,2026-04-28,2026,4,April,Dashboard Panel v5,Interior,Davis-Abbott,83.4,Interior Assembly - Station 12,Interior Assembly,assembly,major,rework,130.42,30.1
3669,20260428,2026-04-28,2026,4,April,,,,,Welding - Station 03,Welding,dimensional,minor,rework,5.98,15.8
3670,20260428,2026-04-28,2026,4,April,,,,,Final Assembly - Station 18,Final Assembly,assembly,minor,rework,9.32,24.6
3671,20260428,2026-04-28,2026,4,April,Grille v2,Exterior,Arnold Ltd,99.0,Exterior Trim - Station 15,Exterior Trim,cosmetic,minor,rework,122.38,24.4
3672,20260429,2026-04-29,2026,4,April,Headliner v2,Interior,Rhodes PLC,80.3,Interior Assembly - Station 10,Interior Assembly,assembly,minor,accepted_with_deviation,1.98,26.2
3673,20260429,2026-04-29,2026,4,April,Brake Caliper v4,Chassis,Blair PLC,99.0,Chassis Assembly - Station 09,Chassis Assembly,assembly,minor,rework,164.01,25.5
3674,20260429,2026-04-29,2026,4,April,Grille v2,Exterior,Arnold Ltd,99.0,Exterior Trim - Station 15,Exterior Trim,cosmetic,minor,accepted_with_deviation,1.8,23.8
3675,20260429,2026-04-29,2026,4,April,Shock Absorber v3,Chassis,Wyatt Inc,85.8,Chassis Assembly - Station 08,Chassis Assembly,assembly,minor,rework,158.4,18.7
3676,20260429,2026-04-29,2026,4,April,Battery Pack v2,Electrical,Wolfe LLC,91.2,Electrical Assembly - Station 14,Electrical Assembly,electrical,minor,rework,94.73,21.6
3677,20260429,2026-04-29,2026,4,April,Headliner v2,Interior,Rhodes PLC,80.3,Interior Assembly - Station 11,Interior Assembly,assembly,major,rework,160.41,61.0
3678,20260430,2026-04-30,2026,4,April,Headliner v2,Interior,Rhodes PLC,80.3,Interior Assembly - Station 12,Interior Assembly,assembly,minor,rework,143.64,16.7
3679,20260430,2026-04-30,2026,4,April,Shock Absorber v3,Chassis,Wyatt Inc,85.8,Chassis Assembly - Station 09,Chassis Assembly,assembly,major,accepted_with_deviation,4.17,55.1
3680,20260430,2026-04-30,2026,4,April,Grille v2,Exterior,Arnold Ltd,99.0,Exterior Trim - Station 15,Exterior Trim,cosmetic,minor,rework,120.34,19.0
3681,20260430,2026-04-30,2026,4,April,Electric Motor v6,Powertrain,Wyatt Inc,85.8,Powertrain Assembly - Station 06,Powertrain Assembly,functional,major,rework,671.71,32.1
3682,20260430,2026-04-30,2026,4,April,,,,,Welding - Station 03,Welding,dimensional,major,rework,12.39,32.8
3683,20260430,2026-04-30,2026,4,April,Rear Bumper v5,Exterior,Wolfe LLC,91.2,Exterior Trim - Station 15,Exterior Trim,cosmetic,major,rework,138.76,69.9
3684,20260430,2026-04-30,2026,4,April,Headliner v2,Interior,Rhodes PLC,80.3,Interior Assembly - Station 10,Interior Assembly,assembly,minor,rework,147.97,28.1
3685,20260430,2026-04-30,2026,4,April,,,,,Welding - Station 03,Welding,dimensional,major,rework,12.28,32.4
3686,20260430,2026-04-30,2026,4,April,Brake Caliper v4,Chassis,Blair PLC,99.0,Chassis Assembly - Station 08,Chassis Assembly,assembly,minor,rework,159.31,13.1
3687,20260430,2026-04-30,2026,4,April,,,,,Final Assembly - Station 18,Final Assembly,assembly,minor,rework,8.31,22.0
3688,20260501,2026-05-01,2026,5,May,Shock Absorber v3,Chassis,Wyatt Inc,85.8,Chassis Assembly - Station 08,Chassis Assembly,assembly,minor,rework,155.56,11.2
3689,20260501,2026-05-01,2026,5,May,Battery Pack v2,Electrical,Wolfe LLC,91.2,Electrical Assembly - Station 13,Electrical Assembly,electrical,major,rework,109.35,60.3
3690,20260501,2026-05-01,2026,5,May,Brake Caliper v4,Chassis,Blair PLC,99.0,Chassis Assembly - Station 09,Chassis Assembly,assembly,minor,rework,159.56,13.7
3691,20260501,2026-05-01,2026,5,May,Brake Caliper v4,Chassis,Blair PLC,99.0,Chassis Assembly - Station 09,Chassis Assembly,assembly,major,rework,178.08,62.7
3692,20260501,2026-05-01,2026,5,May,Electric Motor v6,Powertrain,Wyatt Inc,85.8,Powertrain Assembly - Station 06,Powertrain Assembly,functional,major,rework,672.52,34.2
3693,20260501,2026-05-01,2026,5,May,,,,,Welding - Station 02,Welding,dimensional,minor,rework,5.11,13.5
3694,20260502,2026-05-02,2026,5,May,Headliner v2,Interior,Rhodes PLC,80.3,Interior Assembly - Station 10,Interior Assembly,assembly,minor,rework,142.68,14.1
3695,20260503,2026-05-03,2026,5,May,Brake Caliper v4,Chassis,Blair PLC,99.0,Chassis Assembly - Station 09,Chassis Assembly,assembly,minor,rework,159.92,14.7
3696,20260503,2026-05-03,2026,5,May,,,,,Welding - Station 03,Welding,dimensional,minor,rework,5.16,13.6
3697,20260503,2026-05-03,2026,5,May,ABS Unit v4,Safety,"Rodriguez, Figueroa and Sanchez",88.0,Safety Systems - Station 17,Safety Systems,functional,minor,accepted_with_deviation,1.19,15.8
3698,20260503,2026-05-03,2026,5,May,Electric Motor v6,Powertrain,Wyatt Inc,85.8,Powertrain Assembly - Station 06,Powertrain Assembly,functional,major,rework,675.74,42.7
3699,20260503,2026-05-03,2026,5,May,Drive Shaft v4,Powertrain,"Rodriguez, Figueroa and Sanchez",88.0,Powertrain Assembly - Station 06,Powertrain Assembly,functional,major,rework,554.54,54.2
3700,20260503,2026-05-03,2026,5,May,,,,,Welding - Station 02,Welding,dimensional,major,rework,13.45,35.5
3701,20260504,2026-05-04,2026,5,May,Battery Pack v2,Electrical,Wolfe LLC,91.2,Electrical Assembly - Station 13,Electrical Assembly,electrical,major,rework,100.26,36.3
3702,20260504,2026-05-04,2026,5,May,,,,,Painting - Station 05,Painting,cosmetic,minor,rework,10.39,27.5
3703,20260504,2026-05-04,2026,5,May,Backup Camera v6,Safety,Cole LLC,99.0,Safety Systems - Station 17,Safety Systems,functional,minor,rework,107.27,19.3
3704,20260504,2026-05-04,2026,5,May,Shock Absorber v3,Chassis,Wyatt Inc,85.8,Chassis Assembly - Station 09,Chassis Assembly,assembly,critical,scrap,630.87,67.6
3705,20260504,2026-05-04,2026,5,May,Brake Caliper v4,Chassis,Blair PLC,99.0,Chassis Assembly - Station 09,Chassis Assembly,assembly,minor,rework,160.11,15.2
3706,20260504,2026-05-04,2026,5,May,Battery Pack v2,Electrical,Wolfe LLC,91.2,Electrical Assembly - Station 13,Electrical Assembly,electrical,minor,rework,93.18,17.5
3707,20260504,2026-05-04,2026,5,May,,,,,Quality Check - Station 19,Quality Check,dimensional,major,rework,12.43,32.9
3708,20260505,2026-05-05,2026,5,May,Electric Motor v6,Powertrain,Wyatt Inc,85.8,Powertrain Assembly - Station 07,Powertrain Assembly,functional,major,scrap,2650.94,33.4
3709,20260505,2026-05-05,2026,5,May,,,,,Painting - Station 05,Painting,cosmetic,minor,rework,7.11,18.8
3710,20260505,2026-05-05,2026,5,May,Grille v2,Exterior,Arnold Ltd,99.0,Exterior Trim - Station 16,Exterior Trim,cosmetic,minor,rework,121.42,21.8
3711,20260505,2026-05-05,2026,5,May,,,,,Welding - Station 02,Welding,dimensional,minor,rework,11.01,29.1
3712,20260505,2026-05-05,2026,5,May,Headliner v2,Interior,Rhodes PLC,80.3,Interior Assembly - Station 11,Interior Assembly,assembly,critical,scrap,594.59,119.6
3713,20260505,2026-05-05,2026,5,May,Grille v2,Exterior,Arnold Ltd,99.0,Exterior Trim - Station 16,Exterior Trim,cosmetic,critical,rework,154.59,109.5
3714,20260505,2026-05-05,2026,5,May,Wiring Harness v6,Electrical,Bernard LLC,84.8,Electrical Assembly - Station 14,Electrical Assembly,electrical,minor,rework,83.03,17.1
3715,20260505,2026-05-05,2026,5,May,Headliner v2,Interior,Rhodes PLC,80.3,Interior Assembly - Station 10,Interior Assembly,assembly,minor,rework,146.25,23.6
3716,20260505,2026-05-05,2026,5,May,Dashboard Panel v5,Interior,Davis-Abbott,83.4,Interior Assembly - Station 11,Interior Assembly,assembly,minor,rework,122.86,10.1
3717,20260505,2026-05-05,2026,5,May,Electric Motor v6,Powertrain,Wyatt Inc,85.8,Powertrain Assembly - Station 06,Powertrain Assembly,functional,critical,scrap,2680.42,111.3
3718,20260505,2026-05-05,2026,5,May,Dashboard Panel v5,Interior,Davis-Abbott,83.4,Interior Assembly - Station 11,Interior Assembly,assembly,minor,rework,128.08,23.9
3719,20260506,2026-05-06,2026,5,May,,,,,Painting - Station 05,Painting,cosmetic,major,rework,17.15,45.3
3720,20260506,2026-05-06,2026,5,May,Electric Motor v6,Powertrain,Wyatt Inc,85.8,Powertrain Assembly - Station 06,Powertrain Assembly,functional,minor,rework,667.0,19.6
3721,20260506,2026-05-06,2026,5,May,Wiring Harness v6,Electrical,Bernard LLC,84.8,Electrical Assembly - Station 14,Electrical Assembly,electrical,minor,rework,82.1,14.7
3722,20260506,2026-05-06,2026,5,May,Battery Pack v2,Electrical,Wolfe LLC,91.2,Electrical Assembly - Station 13,Electrical Assembly,electrical,minor,rework,90.5,10.5
3723,20260506,2026-05-06,2026,5,May,Battery Pack v2,Electrical,Wolfe LLC,91.2,Electrical Assembly - Station 14,Electrical Assembly,electrical,minor,rework,91.18,12.3
3724,20260506,2026-05-06,2026,5,May,Electric Motor v6,Powertrain,Wyatt Inc,85.8,Powertrain Assembly - Station 06,Powertrain Assembly,functional,major,rework,671.51,31.5
3725,20260506,2026-05-06,2026,5,May,Headliner v2,Interior,Rhodes PLC,80.3,Interior Assembly - Station 12,Interior Assembly,assembly,major,rework,162.08,65.4
3726,20260506,2026-05-06,2026,5,May,,,,,Painting - Station 05,Painting,cosmetic,minor,rework,8.01,21.2
3727,20260506,2026-05-06,2026,5,May,,,,,Welding - Station 02,Welding,dimensional,minor,rework,4.66,12.3
3728,20260506,2026-05-06,2026,5,May,Dashboard Panel v5,Interior,Davis-Abbott,83.4,Interior Assembly - Station 11,Interior Assembly,assembly,minor,rework,128.9,26.0
3729,20260506,2026-05-06,2026,5,May,Headliner v2,Interior,Rhodes PLC,80.3,Interior Assembly - Station 10,Interior Assembly,assembly,minor,rework,144.0,17.6
3730,20260506,2026-05-06,2026,5,May,,,,,Painting - Station 05,Painting,cosmetic,minor,rework,4.39,11.6
3731,20260506,2026-05-06,2026,5,May,,,,,Welding - Station 01,Welding,dimensional,minor,rework,5.54,14.6
3732,20260507,2026-05-07,2026,5,May,Drive Shaft v4,Powertrain,"Rodriguez, Figueroa and Sanchez",88.0,Powertrain Assembly - Station 07,Powertrain Assembly,functional,critical,scrap,2179.34,114.3
3733,20260507,2026-05-07,2026,5,May,,,,,Welding - Station 02,Welding,dimensional,minor,rework,8.39,22.2
3734,20260507,2026-05-07,2026,5,May,,,,,Painting - Station 05,Painting,cosmetic,minor,rework,4.82,12.7
3735,20260507,2026-05-07,2026,5,May,Brake Caliper v4,Chassis,Blair PLC,99.0,Chassis Assembly - Station 09,Chassis Assembly,assembly,minor,rework,160.58,16.4
3736,20260507,2026-05-07,2026,5,May,Battery Pack v2,Electrical,Wolfe LLC,91.2,Electrical Assembly - Station 14,Electrical Assembly,electrical,minor,rework,91.95,14.3
3737,20260507,2026-05-07,2026,5,May,Brake Caliper v4,Chassis,Blair PLC,99.0,Chassis Assembly - Station 09,Chassis Assembly,assembly,minor,accepted_with_deviation,2.01,26.5
3738,20260507,2026-05-07,2026,5,May,Rear Bumper v5,Exterior,Wolfe LLC,91.2,Exterior Trim - Station 15,Exterior Trim,cosmetic,minor,rework,120.39,21.4
3739,20260507,2026-05-07,2026,5,May,Battery Pack v2,Electrical,Wolfe LLC,91.2,Electrical Assembly - Station 13,Electrical Assembly,electrical,minor,rework,97.7,29.5
3740,20260508,2026-05-08,2026,5,May,Dashboard Panel v5,Interior,Davis-Abbott,83.4,Interior Assembly - Station 11,Interior Assembly,assembly,major,scrap,492.66,43.6
3741,20260508,2026-05-08,2026,5,May,Grille v2,Exterior,Arnold Ltd,99.0,Exterior Trim - Station 16,Exterior Trim,cosmetic,minor,accepted_with_deviation,1.86,24.5
3742,20260508,2026-05-08,2026,5,May,Brake Caliper v4,Chassis,Blair PLC,99.0,Chassis Assembly - Station 09,Chassis Assembly,assembly,minor,rework,162.96,22.7
3743,20260508,2026-05-08,2026,5,May,Center Console,Interior,Rhodes PLC,80.3,Interior Assembly - Station 10,Interior Assembly,assembly,major,rework,186.61,53.3
3744,20260508,2026-05-08,2026,5,May,,,,,Quality Check - Station 20,Quality Check,dimensional,minor,rework,4.87,12.9
3745,20260509,2026-05-09,2026,5,May,Shock Absorber v3,Chassis,Wyatt Inc,85.8,Chassis Assembly - Station 09,Chassis Assembly,assembly,critical,rework,183.52,85.1
3746,20260509,2026-05-09,2026,5,May,Grille v2,Exterior,Arnold Ltd,99.0,Exterior Trim - Station 16,Exterior Trim,cosmetic,critical,scrap,505.25,139.0
3747,20260509,2026-05-09,2026,5,May,,,,,Painting - Station 05,Painting,cosmetic,minor,rework,8.0,21.1
3748,20260509,2026-05-09,2026,5,May,Electric Motor v6,Powertrain,Wyatt Inc,85.8,Powertrain Assembly - Station 07,Powertrain Assembly,functional,minor,rework,666.5,18.3
3749,20260510,2026-05-10,2026,5,May,Electric Motor v6,Powertrain,Wyatt Inc,85.8,Powertrain Assembly - Station 06,Powertrain Assembly,functional,critical,scrap,2685.62,125.1
3750,20260510,2026-05-10,2026,5,May,Battery Pack v2,Electrical,Wolfe LLC,91.2,Electrical Assembly - Station 13,Electrical Assembly,electrical,major,rework,101.64,39.9
3751,20260511,2026-05-11,2026,5,May,,,,,Welding - Station 03,Welding,dimensional,minor,rework,8.4,22.2
3752,20260511,2026-05-11,2026,5,May,,,,,Painting - Station 05,Painting,cosmetic,major,rework,28.06,74.2
3753,20260511,2026-05-11,2026,5,May,Battery Pack v2,Electrical,Wolfe LLC,91.2,Electrical Assembly - Station 14,Electrical Assembly,electrical,major,rework,105.78,50.9
3754,20260511,2026-05-11,2026,5,May,,,,,Welding - Station 03,Welding,dimensional,minor,rework,8.17,21.6
3755,20260511,2026-05-11,2026,5,May,,,,,Painting - Station 05,Painting,cosmetic,major,rework,19.53,51.6
3756,20260511,2026-05-11,2026,5,May,,,,,Painting - Station 05,Painting,cosmetic,minor,rework,11.11,29.4
3757,20260511,2026-05-11,2026,5,May,Grille v2,Exterior,Arnold Ltd,99.0,Exterior Trim - Station 15,Exterior Trim,cosmetic,critical,rework,168.85,147.2
3758,20260512,2026-05-12,2026,5,May,Dashboard Panel v5,Interior,Davis-Abbott,83.4,Interior Assembly - Station 10,Interior Assembly,assembly,major,rework,143.6,64.9
3759,20260512,2026-05-12,2026,5,May,Dashboard Panel v5,Interior,Davis-Abbott,83.4,Interior Assembly - Station 10,Interior Assembly,assembly,minor,accepted_with_deviation,1.78,23.5
3760,20260512,2026-05-12,2026,5,May,Door Trim v7,Interior,"Johnson, Gonzalez and Santos",85.8,Interior Assembly - Station 10,Interior Assembly,assembly,minor,rework,70.39,10.1
3761,20260512,2026-05-12,2026,5,May,Grille v2,Exterior,Arnold Ltd,99.0,Exterior Trim - Station 15,Exterior Trim,cosmetic,minor,rework,124.15,29.0
3762,20260512,2026-05-12,2026,5,May,Headliner v2,Interior,Rhodes PLC,80.3,Interior Assembly - Station 10,Interior Assembly,assembly,minor,rework,144.41,18.7
3763,20260512,2026-05-12,2026,5,May,,,,,Painting - Station 05,Painting,cosmetic,minor,rework,10.81,28.6
3764,20260512,2026-05-12,2026,5,May,Rear Bumper v5,Exterior,Wolfe LLC,91.2,Exterior Trim - Station 16,Exterior Trim,cosmetic,minor,rework,122.16,26.0
3765,20260513,2026-05-13,2026,5,May,,,,,Welding - Station 02,Welding,dimensional,major,rework,26.55,70.2
3766,20260513,2026-05-13,2026,5,May,Shock Absorber v3,Chassis,Wyatt Inc,85.8,Chassis Assembly - Station 09,Chassis Assembly,assembly,minor,rework,161.54,27.0
3767,20260513,2026-05-13,2026,5,May,Battery Pack v2,Electrical,Wolfe LLC,91.2,Electrical Assembly - Station 13,Electrical Assembly,electrical,minor,rework,93.6,18.7
3768,20260513,2026-05-13,2026,5,May,Battery Pack v2,Electrical,Wolfe LLC,91.2,Electrical Assembly - Station 14,Electrical Assembly,electrical,critical,rework,136.5,132.0
3769,20260513,2026-05-13,2026,5,May,,,,,Welding - Station 02,Welding,dimensional,minor,rework,7.45,19.7
3770,20260513,2026-05-13,2026,5,May,Backup Camera v6,Safety,Cole LLC,99.0,Safety Systems - Station 17,Safety Systems,functional,minor,rework,110.43,27.6
3771,20260513,2026-05-13,2026,5,May,Grille v2,Exterior,Arnold Ltd,99.0,Exterior Trim - Station 16,Exterior Trim,cosmetic,major,rework,126.16,34.3
3772,20260514,2026-05-14,2026,5,May,Grille v2,Exterior,Arnold Ltd,99.0,Exterior Trim - Station 16,Exterior Trim,cosmetic,major,rework,130.82,46.6
3773,20260514,2026-05-14,2026,5,May,Grille v2,Exterior,Arnold Ltd,99.0,Exterior Trim - Station 15,Exterior Trim,cosmetic,major,rework,124.97,31.2
3774,20260514,2026-05-14,2026,5,May,Headliner v2,Interior,Rhodes PLC,80.3,Interior Assembly - Station 10,Interior Assembly,assembly,minor,rework,145.47,21.5
3775,20260514,2026-05-14,2026,5,May,,,,,Welding - Station 01,Welding,dimensional,major,rework,13.96,36.9
3776,20260514,2026-05-14,2026,5,May,Drive Shaft v4,Powertrain,"Rodriguez, Figueroa and Sanchez",88.0,Powertrain Assembly - Station 06,Powertrain Assembly,functional,critical,rework,565.29,82.6
3777,20260514,2026-05-14,2026,5,May,Drive Shaft v4,Powertrain,"Rodriguez, Figueroa and Sanchez",88.0,Powertrain Assembly - Station 07,Powertrain Assembly,functional,minor,rework,542.09,21.3
3778,20260514,2026-05-14,2026,5,May,Rear Bumper v5,Exterior,Wolfe LLC,91.2,Exterior Trim - Station 16,Exterior Trim,cosmetic,minor,rework,116.58,11.3
3779,20260514,2026-05-14,2026,5,May,,,,,Final Assembly - Station 18,Final Assembly,assembly,minor,rework,4.85,12.8
3780,20260515,2026-05-15,2026,5,May,,,,,Welding - Station 03,Welding,dimensional,minor,rework,7.6,20.1
3781,20260515,2026-05-15,2026,5,May,Brake Caliper v4,Chassis,Blair PLC,99.0,Chassis Assembly - Station 09,Chassis Assembly,assembly,critical,scrap,666.86,130.5
3782,20260515,2026-05-15,2026,5,May,Electric Motor v6,Powertrain,Wyatt Inc,85.8,Powertrain Assembly - Station 06,Powertrain Assembly,functional,major,rework,681.51,58.0
3783,20260515,2026-05-15,2026,5,May,,,,,Painting - Station 05,Painting,cosmetic,minor,rework,5.45,14.4
3784,20260515,2026-05-15,2026,5,May,Shock Absorber v3,Chassis,Wyatt Inc,85.8,Chassis Assembly - Station 09,Chassis Assembly,assembly,minor,accepted_with_deviation,1.52,20.0
3785,20260515,2026-05-15,2026,5,May,ABS Unit v4,Safety,"Rodriguez, Figueroa and Sanchez",88.0,Safety Systems - Station 17,Safety Systems,functional,major,rework,93.13,50.3
3786,20260515,2026-05-15,2026,5,May,Shock Absorber v3,Chassis,Wyatt Inc,85.8,Chassis Assembly - Station 09,Chassis Assembly,assembly,minor,rework,160.75,24.9
3787,20260515,2026-05-15,2026,5,May,Battery Pack v2,Electrical,Wolfe LLC,91.2,Electrical Assembly - Station 14,Electrical Assembly,electrical,minor,rework,92.87,16.7
3788,20260515,2026-05-15,2026,5,May,Battery Pack v2,Electrical,Wolfe LLC,91.2,Electrical Assembly - Station 14,Electrical Assembly,electrical,critical,scrap,391.22,119.1
3789,20260515,2026-05-15,2026,5,May,,,,,Welding - Station 03,Welding,dimensional,minor,rework,10.6,28.0
3790,20260515,2026-05-15,2026,5,May,Shock Absorber v3,Chassis,Wyatt Inc,85.8,Chassis Assembly - Station 09,Chassis Assembly,assembly,minor,rework,161.71,27.5
3791,20260516,2026-05-16,2026,5,May,Electric Motor v6,Powertrain,Wyatt Inc,85.8,Powertrain Assembly - Station 06,Powertrain Assembly,functional,minor,rework,669.09,25.1
3792,20260516,2026-05-16,2026,5,May,,,,,Painting - Station 04,Painting,cosmetic,minor,rework,6.71,17.7
3793,20260516,2026-05-16,2026,5,May,Electric Motor v6,Powertrain,Wyatt Inc,85.8,Powertrain Assembly - Station 06,Powertrain Assembly,functional,minor,rework,670.35,28.5
3794,20260516,2026-05-16,2026,5,May,Headliner v2,Interior,Rhodes PLC,80.3,Interior Assembly - Station 10,Interior Assembly,assembly,major,accepted_with_deviation,5.53,73.0
3795,20260517,2026-05-17,2026,5,May,,,,,Welding - Station 02,Welding,dimensional,minor,rework,6.47,17.1
3796,20260517,2026-05-17,2026,5,May,Rear Bumper v5,Exterior,Wolfe LLC,91.2,Exterior Trim - Station 16,Exterior Trim,cosmetic,minor,rework,119.36,18.6
3797,20260518,2026-05-18,2026,5,May,,,,,Painting - Station 04,Painting,cosmetic,major,accepted_with_deviation,2.37,31.3
3798,20260518,2026-05-18,2026,5,May,Drive Shaft v4,Powertrain,"Rodriguez, Figueroa and Sanchez",88.0,Powertrain Assembly - Station 06,Powertrain Assembly,functional,minor,rework,540.77,17.8
3799,20260518,2026-05-18,2026,5,May,,,,,Final Assembly - Station 18,Final Assembly,assembly,major,rework,23.46,62.0
3800,20260518,2026-05-18,2026,5,May,,,,,Welding - Station 03,Welding,dimensional,minor,rework,7.67,20.3
3801,20260518,2026-05-18,2026,5,May,,,,,Quality Check - Station 20,Quality Check,dimensional,minor,rework,6.39,16.9
3802,20260518,2026-05-18,2026,5,May,Electric Motor v6,Powertrain,Wyatt Inc,85.8,Powertrain Assembly - Station 06,Powertrain Assembly,functional,minor,rework,663.7,10.9
3803,20260519,2026-05-19,2026,5,May,Battery Pack v2,Electrical,Wolfe LLC,91.2,Electrical Assembly - Station 13,Electrical Assembly,electrical,major,scrap,367.86,57.3
3804,20260519,2026-05-19,2026,5,May,Electric Motor v6,Powertrain,Wyatt Inc,85.8,Powertrain Assembly - Station 07,Powertrain Assembly,functional,major,rework,678.17,49.1
3805,20260519,2026-05-19,2026,5,May,,,,,Painting - Station 05,Painting,cosmetic,minor,rework,11.25,29.7
3806,20260519,2026-05-19,2026,5,May,Headliner v2,Interior,Rhodes PLC,80.3,Interior Assembly - Station 11,Interior Assembly,assembly,minor,rework,142.17,12.8
3807,20260519,2026-05-19,2026,5,May,Headliner v2,Interior,Rhodes PLC,80.3,Interior Assembly - Station 12,Interior Assembly,assembly,major,rework,158.1,54.9
3808,20260519,2026-05-19,2026,5,May,Shock Absorber v3,Chassis,Wyatt Inc,85.8,Chassis Assembly - Station 09,Chassis Assembly,assembly,minor,rework,162.14,28.6
3809,20260520,2026-05-20,2026,5,May,Headliner v2,Interior,Rhodes PLC,80.3,Interior Assembly - Station 10,Interior Assembly,assembly,minor,rework,143.91,17.4
3810,20260520,2026-05-20,2026,5,May,Drive Shaft v4,Powertrain,"Rodriguez, Figueroa and Sanchez",88.0,Powertrain Assembly - Station 07,Powertrain Assembly,functional,major,rework,552.69,49.3
3811,20260520,2026-05-20,2026,5,May,Backup Camera v6,Safety,Cole LLC,99.0,Safety Systems - Station 17,Safety Systems,functional,minor,accepted_with_deviation,2.19,28.9
3812,20260520,2026-05-20,2026,5,May,Battery Pack v2,Electrical,Wolfe LLC,91.2,Electrical Assembly - Station 14,Electrical Assembly,electrical,minor,rework,94.5,21.0
3813,20260520,2026-05-20,2026,5,May,Battery Pack v2,Electrical,Wolfe LLC,91.2,Electrical Assembly - Station 13,Electrical Assembly,electrical,minor,rework,90.8,11.3
3814,20260520,2026-05-20,2026,5,May,Rear Bumper v5,Exterior,Wolfe LLC,91.2,Exterior Trim - Station 15,Exterior Trim,cosmetic,minor,rework,118.27,15.7
3815,20260520,2026-05-20,2026,5,May,,,,,Welding - Station 01,Welding,dimensional,major,rework,20.28,53.6
3816,20260520,2026-05-20,2026,5,May,Grille v2,Exterior,Arnold Ltd,99.0,Exterior Trim - Station 15,Exterior Trim,cosmetic,minor,rework,119.92,17.8
3817,20260520,2026-05-20,2026,5,May,Shock Absorber v3,Chassis,Wyatt Inc,85.8,Chassis Assembly - Station 08,Chassis Assembly,assembly,minor,rework,158.41,18.7
3818,20260520,2026-05-20,2026,5,May,Electric Motor v6,Powertrain,Wyatt Inc,85.8,Powertrain Assembly - Station 06,Powertrain Assembly,functional,minor,rework,668.75,24.3
3819,20260520,2026-05-20,2026,5,May,Grille v2,Exterior,Arnold Ltd,99.0,Exterior Trim - Station 15,Exterior Trim,cosmetic,minor,rework,123.95,28.5
3820,20260520,2026-05-20,2026,5,May,,,,,Welding - Station 02,Welding,dimensional,minor,rework,7.6,20.1
3821,20260521,2026-05-21,2026,5,May,,,,,Final Assembly - Station 18,Final Assembly,assembly,major,rework,14.34,37.9
3822,20260521,2026-05-21,2026,5,May,,,,,Painting - Station 04,Painting,cosmetic,major,rework,17.81,47.1
3823,20260521,2026-05-21,2026,5,May,Shock Absorber v3,Chassis,Wyatt Inc,85.8,Chassis Assembly - Station 08,Chassis Assembly,assembly,minor,rework,162.23,28.8
3824,20260521,2026-05-21,2026,5,May,Brake Caliper v4,Chassis,Blair PLC,99.0,Chassis Assembly - Station 09,Chassis Assembly,assembly,minor,rework,158.91,12.0
3825,20260521,2026-05-21,2026,5,May,,,,,Welding - Station 03,Welding,dimensional,minor,rework,5.68,15.0
3826,20260521,2026-05-21,2026,5,May,,,,,Final Assembly - Station 18,Final Assembly,assembly,minor,rework,10.57,27.9
3827,20260521,2026-05-21,2026,5,May,,,,,Painting - Station 05,Painting,cosmetic,minor,rework,10.65,28.2
3828,20260521,2026-05-21,2026,5,May,,,,,Final Assembly - Station 18,Final Assembly,assembly,minor,accepted_with_deviation,0.93,12.3
3829,20260521,2026-05-21,2026,5,May,Shock Absorber v3,Chassis,Wyatt Inc,85.8,Chassis Assembly - Station 08,Chassis Assembly,assembly,minor,rework,157.98,17.6
3830,20260522,2026-05-22,2026,5,May,,,,,Painting - Station 05,Painting,cosmetic,minor,accepted_with_deviation,0.88,11.7
3831,20260522,2026-05-22,2026,5,May,Backup Camera v6,Safety,Cole LLC,99.0,Safety Systems - Station 17,Safety Systems,functional,minor,rework,106.99,18.6
3832,20260522,2026-05-22,2026,5,May,Drive Shaft v4,Powertrain,"Rodriguez, Figueroa and Sanchez",88.0,Powertrain Assembly - Station 06,Powertrain Assembly,functional,minor,rework,544.6,28.0
3833,20260522,2026-05-22,2026,5,May,Headliner v2,Interior,Rhodes PLC,80.3,Interior Assembly - Station 11,Interior Assembly,assembly,minor,rework,142.07,12.5
3834,20260522,2026-05-22,2026,5,May,Electric Motor v6,Powertrain,Wyatt Inc,85.8,Powertrain Assembly - Station 07,Powertrain Assembly,functional,minor,rework,669.24,25.6
3835,20260522,2026-05-22,2026,5,May,ECU Module v7,Electrical,"Rodriguez, Figueroa and Sanchez",88.0,Electrical Assembly - Station 14,Electrical Assembly,electrical,minor,rework,46.98,13.4
3836,20260522,2026-05-22,2026,5,May,Dashboard Panel v5,Interior,Davis-Abbott,83.4,Interior Assembly - Station 10,Interior Assembly,assembly,critical,rework,145.57,70.1
3837,20260522,2026-05-22,2026,5,May,Rear Bumper v5,Exterior,Wolfe LLC,91.2,Exterior Trim - Station 15,Exterior Trim,cosmetic,minor,rework,117.42,13.5
3838,20260522,2026-05-22,2026,5,May,Electric Motor v6,Powertrain,Wyatt Inc,85.8,Powertrain Assembly - Station 06,Powertrain Assembly,functional,minor,rework,664.41,12.8
3839,20260522,2026-05-22,2026,5,May,Backup Camera v6,Safety,Cole LLC,99.0,Safety Systems - Station 17,Safety Systems,functional,minor,rework,105.25,14.0
3840,20260522,2026-05-22,2026,5,May,Rear Bumper v5,Exterior,Wolfe LLC,91.2,Exterior Trim - Station 15,Exterior Trim,cosmetic,minor,rework,116.13,10.1
3841,20260522,2026-05-22,2026,5,May,ECU Module v7,Electrical,"Rodriguez, Figueroa and Sanchez",88.0,Electrical Assembly - Station 13,Electrical Assembly,electrical,major,rework,63.11,56.0
3842,20260523,2026-05-23,2026,5,May,Brake Caliper v4,Chassis,Blair PLC,99.0,Chassis Assembly - Station 08,Chassis Assembly,assembly,major,rework,166.49,32.0
3843,20260523,2026-05-23,2026,5,May,ECU Module v7,Electrical,"Rodriguez, Figueroa and Sanchez",88.0,Electrical Assembly - Station 14,Electrical Assembly,electrical,major,rework,58.18,43.0
3844,20260523,2026-05-23,2026,5,May,Battery Pack v2,Electrical,Wolfe LLC,91.2,Electrical Assembly - Station 13,Electrical Assembly,electrical,minor,rework,97.44,28.8
3845,20260524,2026-05-24,2026,5,May,Headliner v2,Interior,Rhodes PLC,80.3,Interior Assembly - Station 11,Interior Assembly,assembly,minor,rework,142.44,13.5
3846,20260524,2026-05-24,2026,5,May,Battery Pack v2,Electrical,Wolfe LLC,91.2,Electrical Assembly - Station 14,Electrical Assembly,electrical,minor,accepted_with_deviation,2.03,26.8
3847,20260524,2026-05-24,2026,5,May,Grille v2,Exterior,Arnold Ltd,99.0,Exterior Trim - Station 16,Exterior Trim,cosmetic,major,rework,141.33,74.4
3848,20260524,2026-05-24,2026,5,May,Grille v2,Exterior,Arnold Ltd,99.0,Exterior Trim - Station 16,Exterior Trim,cosmetic,major,rework,139.14,68.6
3849,20260525,2026-05-25,2026,5,May,,,,,Welding - Station 03,Welding,dimensional,minor,rework,9.66,25.5
3850,20260525,2026-05-25,2026,5,May,Center Console,Interior,Rhodes PLC,80.3,Interior Assembly - Station 10,Interior Assembly,assembly,minor,accepted_with_deviation,0.87,11.5
3851,20260525,2026-05-25,2026,5,May,,,,,Final Assembly - Station 18,Final Assembly,assembly,minor,rework,9.99,26.4
3852,20260525,2026-05-25,2026,5,May,Headliner v2,Interior,Rhodes PLC,80.3,Interior Assembly - Station 12,Interior Assembly,assembly,major,rework,156.96,51.9
3853,20260525,2026-05-25,2026,5,May,ECU Module v7,Electrical,"Rodriguez, Figueroa and Sanchez",88.0,Electrical Assembly - Station 14,Electrical Assembly,electrical,minor,rework,50.35,22.3
3854,20260525,2026-05-25,2026,5,May,Headliner v2,Interior,Rhodes PLC,80.3,Interior Assembly - Station 12,Interior Assembly,assembly,minor,rework,147.41,26.6
3855,20260525,2026-05-25,2026,5,May,Door Trim v7,Interior,"Johnson, Gonzalez and Santos",85.8,Interior Assembly - Station 11,Interior Assembly,assembly,minor,rework,70.84,11.3
3856,20260525,2026-05-25,2026,5,May,Dashboard Panel v5,Interior,Davis-Abbott,83.4,Interior Assembly - Station 10,Interior Assembly,assembly,minor,accepted_with_deviation,1.33,17.5
3857,20260525,2026-05-25,2026,5,May,Rear Bumper v5,Exterior,Wolfe LLC,91.2,Exterior Trim - Station 15,Exterior Trim,cosmetic,minor,accepted_with_deviation,1.93,25.5
3858,20260525,2026-05-25,2026,5,May,ABS Unit v4,Safety,"Rodriguez, Figueroa and Sanchez",88.0,Safety Systems - Station 17,Safety Systems,functional,minor,rework,79.45,14.2
3859,20260525,2026-05-25,2026,5,May,Headliner v2,Interior,Rhodes PLC,80.3,Interior Assembly - Station 10,Interior Assembly,assembly,minor,accepted_with_deviation,1.83,24.2
3860,20260525,2026-05-25,2026,5,May,Grille v2,Exterior,Arnold Ltd,99.0,Exterior Trim - Station 15,Exterior Trim,cosmetic,minor,rework,122.91,25.8
3861,20260525,2026-05-25,2026,5,May,,,,,Painting - Station 04,Painting,cosmetic,minor,rework,5.82,15.4
3862,20260526,2026-05-26,2026,5,May,Headliner v2,Interior,Rhodes PLC,80.3,Interior Assembly - Station 10,Interior Assembly,assembly,minor,rework,146.28,23.6
3863,20260526,2026-05-26,2026,5,May,Battery Pack v2,Electrical,Wolfe LLC,91.2,Electrical Assembly - Station 14,Electrical Assembly,electrical,minor,rework,95.03,22.4
3864,20260526,2026-05-26,2026,5,May,Battery Pack v2,Electrical,Wolfe LLC,91.2,Electrical Assembly - Station 13,Electrical Assembly,electrical,major,scrap,373.55,72.4
3865,20260527,2026-05-27,2026,5,May,,,,,Welding - Station 02,Welding,dimensional,minor,accepted_with_deviation,1.88,24.8
3866,20260527,2026-05-27,2026,5,May,Electric Motor v6,Powertrain,Wyatt Inc,85.8,Powertrain Assembly - Station 07,Powertrain Assembly,functional,minor,rework,666.18,17.4
3867,20260528,2026-05-28,2026,5,May,Headliner v2,Interior,Rhodes PLC,80.3,Interior Assembly - Station 10,Interior Assembly,assembly,minor,rework,148.06,28.3
3868,20260528,2026-05-28,2026,5,May,Headliner v2,Interior,Rhodes PLC,80.3,Interior Assembly - Station 12,Interior Assembly,assembly,major,rework,160.33,60.8
3869,20260528,2026-05-28,2026,5,May,Backup Camera v6,Safety,Cole LLC,99.0,Safety Systems - Station 17,Safety Systems,functional,minor,rework,103.95,10.5
3870,20260528,2026-05-28,2026,5,May,Headliner v2,Interior,Rhodes PLC,80.3,Interior Assembly - Station 11,Interior Assembly,assembly,minor,rework,146.15,23.3
3871,20260528,2026-05-28,2026,5,May,Shock Absorber v3,Chassis,Wyatt Inc,85.8,Chassis Assembly - Station 08,Chassis Assembly,assembly,major,rework,176.17,65.7
3872,20260528,2026-05-28,2026,5,May,Brake Caliper v4,Chassis,Blair PLC,99.0,Chassis Assembly - Station 08,Chassis Assembly,assembly,minor,rework,163.93,25.3
3873,20260528,2026-05-28,2026,5,May,,,,,Welding - Station 01,Welding,dimensional,major,rework,22.64,59.8
3874,20260528,2026-05-28,2026,5,May,Electric Motor v6,Powertrain,Wyatt Inc,85.8,Powertrain Assembly - Station 06,Powertrain Assembly,functional,minor,rework,663.37,10.0
3875,20260529,2026-05-29,2026,5,May,,,,,Painting - Station 04,Painting,cosmetic,minor,rework,9.19,24.3
3876,20260529,2026-05-29,2026,5,May,Battery Pack v2,Electrical,Wolfe LLC,91.2,Electrical Assembly - Station 13,Electrical Assembly,electrical,major,rework,101.82,40.4
3877,20260529,2026-05-29,2026,5,May,,,,,Welding - Station 01,Welding,dimensional,minor,rework,10.02,26.5
3878,20260529,2026-05-29,2026,5,May,Battery Pack v2,Electrical,Wolfe LLC,91.2,Electrical Assembly - Station 14,Electrical Assembly,electrical,critical,rework,138.15,136.4
3879,20260529,2026-05-29,2026,5,May,Dashboard Panel v5,Interior,Davis-Abbott,83.4,Interior Assembly - Station 10,Interior Assembly,assembly,major,rework,136.48,46.1
3880,20260529,2026-05-29,2026,5,May,Backup Camera v6,Safety,Cole LLC,99.0,Safety Systems - Station 17,Safety Systems,functional,minor,rework,108.04,21.3
3881,20260529,2026-05-29,2026,5,May,,,,,Welding - Station 01,Welding,dimensional,minor,rework,7.24,19.1
3882,20260529,2026-05-29,2026,5,May,Headliner v2,Interior,Rhodes PLC,80.3,Interior Assembly - Station 11,Interior Assembly,assembly,major,rework,162.62,66.8
3883,20260530,2026-05-30,2026,5,May,Electric Motor v6,Powertrain,Wyatt Inc,85.8,Powertrain Assembly - Station 07,Powertrain Assembly,functional,minor,rework,667.33,20.5
3884,20260530,2026-05-30,2026,5,May,Door Trim v7,Interior,"Johnson, Gonzalez and Santos",85.8,Interior Assembly - Station 10,Interior Assembly,assembly,minor,rework,72.69,16.2
3885,20260531,2026-05-31,2026,5,May,Grille v2,Exterior,Arnold Ltd,99.0,Exterior Trim - Station 15,Exterior Trim,cosmetic,major,rework,138.93,68.1
3886,20260531,2026-05-31,2026,5,May,ABS Unit v4,Safety,"Rodriguez, Figueroa and Sanchez",88.0,Safety Systems - Station 17,Safety Systems,functional,critical,rework,116.19,111.3
3887,20260531,2026-05-31,2026,5,May,Headliner v2,Interior,Rhodes PLC,80.3,Interior Assembly - Station 11,Interior Assembly,assembly,minor,rework,147.0,25.5
3888,20260531,2026-05-31,2026,5,May,Headliner v2,Interior,Rhodes PLC,80.3,Interior Assembly - Station 12,Interior Assembly,assembly,minor,accepted_with_deviation,1.15,15.2
3889,20260601,2026-06-01,2026,6,June,Electric Motor v6,Powertrain,Wyatt Inc,85.8,Powertrain Assembly - Station 06,Powertrain Assembly,functional,critical,rework,690.88,82.7
3890,20260601,2026-06-01,2026,6,June,,,,,Painting - Station 04,Painting,cosmetic,minor,rework,9.51,25.1
3891,20260601,2026-06-01,2026,6,June,,,,,Painting - Station 05,Painting,cosmetic,major,rework,23.96,63.3
3892,20260601,2026-06-01,2026,6,June,Brake Caliper v4,Chassis,Blair PLC,99.0,Chassis Assembly - Station 09,Chassis Assembly,assembly,minor,accepted_with_deviation,1.75,23.1
3893,20260601,2026-06-01,2026,6,June,Rear Bumper v5,Exterior,Wolfe LLC,91.2,Exterior Trim - Station 16,Exterior Trim,cosmetic,minor,rework,117.79,14.5
3894,20260601,2026-06-01,2026,6,June,Dashboard Panel v5,Interior,Davis-Abbott,83.4,Interior Assembly - Station 10,Interior Assembly,assembly,minor,rework,130.1,29.2
3895,20260601,2026-06-01,2026,6,June,Backup Camera v6,Safety,Cole LLC,99.0,Safety Systems - Station 17,Safety Systems,functional,major,rework,112.48,33.1
3896,20260601,2026-06-01,2026,6,June,Battery Pack v2,Electrical,Wolfe LLC,91.2,Electrical Assembly - Station 13,Electrical Assembly,electrical,minor,rework,95.32,23.2
3897,20260601,2026-06-01,2026,6,June,Headliner v2,Interior,Rhodes PLC,80.3,Interior Assembly - Station 12,Interior Assembly,assembly,minor,rework,141.69,11.5
3898,20260601,2026-06-01,2026,6,June,,,,,Painting - Station 05,Painting,cosmetic,minor,rework,7.28,19.2
3899,20260601,2026-06-01,2026,6,June,Rear Bumper v5,Exterior,Wolfe LLC,91.2,Exterior Trim - Station 16,Exterior Trim,cosmetic,minor,rework,123.18,28.7
3900,20260602,2026-06-02,2026,6,June,Door Trim v7,Interior,"Johnson, Gonzalez and Santos",85.8,Interior Assembly - Station 10,Interior Assembly,assembly,minor,rework,75.54,23.8
3901,20260602,2026-06-02,2026,6,June,Shock Absorber v3,Chassis,Wyatt Inc,85.8,Chassis Assembly - Station 09,Chassis Assembly,assembly,minor,accepted_with_deviation,1.73,22.9
3902,20260602,2026-06-02,2026,6,June,Door Trim v7,Interior,"Johnson, Gonzalez and Santos",85.8,Interior Assembly - Station 11,Interior Assembly,assembly,minor,rework,71.99,14.4
3903,20260602,2026-06-02,2026,6,June,Door Trim v7,Interior,"Johnson, Gonzalez and Santos",85.8,Interior Assembly - Station 10,Interior Assembly,assembly,minor,rework,73.3,17.8
3904,20260603,2026-06-03,2026,6,June,Grille v2,Exterior,Arnold Ltd,99.0,Exterior Trim - Station 15,Exterior Trim,cosmetic,minor,rework,117.65,11.8
3905,20260603,2026-06-03,2026,6,June,Grille v2,Exterior,Arnold Ltd,99.0,Exterior Trim - Station 16,Exterior Trim,cosmetic,minor,rework,117.76,12.1
3906,20260603,2026-06-03,2026,6,June,,,,,Painting - Station 04,Painting,cosmetic,major,rework,22.55,59.6
3907,20260603,2026-06-03,2026,6,June,Brake Caliper v4,Chassis,Blair PLC,99.0,Chassis Assembly - Station 08,Chassis Assembly,assembly,minor,rework,159.25,12.9
3908,20260603,2026-06-03,2026,6,June,,,,,Welding - Station 02,Welding,dimensional,major,rework,25.98,68.7
3909,20260603,2026-06-03,2026,6,June,Grille v2,Exterior,Arnold Ltd,99.0,Exterior Trim - Station 15,Exterior Trim,cosmetic,minor,rework,118.89,15.1
3910,20260603,2026-06-03,2026,6,June,Battery Pack v2,Electrical,Wolfe LLC,91.2,Electrical Assembly - Station 14,Electrical Assembly,electrical,minor,rework,96.51,26.3
3911,20260603,2026-06-03,2026,6,June,Headliner v2,Interior,Rhodes PLC,80.3,Interior Assembly - Station 11,Interior Assembly,assembly,minor,rework,141.72,11.6
3912,20260604,2026-06-04,2026,6,June,Crash Sensor v5,Safety,"Rodriguez, Figueroa and Sanchez",88.0,Safety Systems - Station 17,Safety Systems,functional,major,rework,100.91,41.1
3913,20260604,2026-06-04,2026,6,June,Wiring Harness v6,Electrical,Bernard LLC,84.8,Electrical Assembly - Station 13,Electrical Assembly,electrical,major,rework,90.15,35.9
3914,20260604,2026-06-04,2026,6,June,Electric Motor v6,Powertrain,Wyatt Inc,85.8,Powertrain Assembly - Station 07,Powertrain Assembly,functional,major,rework,675.23,41.4
3915,20260604,2026-06-04,2026,6,June,,,,,Final Assembly - Station 18,Final Assembly,assembly,minor,rework,8.18,21.6
3916,20260604,2026-06-04,2026,6,June,Battery Pack v2,Electrical,Wolfe LLC,91.2,Electrical Assembly - Station 14,Electrical Assembly,electrical,minor,rework,91.91,14.2
3917,20260604,2026-06-04,2026,6,June,,,,,Welding - Station 03,Welding,dimensional,minor,accepted_with_deviation,1.92,25.4
3918,20260604,2026-06-04,2026,6,June,Electric Motor v6,Powertrain,Wyatt Inc,85.8,Powertrain Assembly - Station 06,Powertrain Assembly,functional,minor,rework,669.42,26.0
3919,20260604,2026-06-04,2026,6,June,,,,,Painting - Station 05,Painting,cosmetic,minor,rework,8.98,23.7
3920,20260604,2026-06-04,2026,6,June,ABS Unit v4,Safety,"Rodriguez, Figueroa and Sanchez",88.0,Safety Systems - Station 17,Safety Systems,functional,critical,rework,120.93,123.8
3921,20260604,2026-06-04,2026,6,June,,,,,Painting - Station 05,Painting,cosmetic,critical,rework,56.32,148.8
3922,20260605,2026-06-05,2026,6,June,,,,,Painting - Station 04,Painting,cosmetic,minor,accepted_with_deviation,1.31,17.3
3923,20260605,2026-06-05,2026,6,June,Headliner v2,Interior,Rhodes PLC,80.3,Interior Assembly - Station 10,Interior Assembly,assembly,minor,rework,143.52,16.3
3924,20260605,2026-06-05,2026,6,June,,,,,Welding - Station 01,Welding,dimensional,minor,accepted_with_deviation,1.76,23.3
3925,20260605,2026-06-05,2026,6,June,Grille v2,Exterior,Arnold Ltd,99.0,Exterior Trim - Station 15,Exterior Trim,cosmetic,minor,rework,117.45,11.3
3926,20260605,2026-06-05,2026,6,June,Grille v2,Exterior,Arnold Ltd,99.0,Exterior Trim - Station 16,Exterior Trim,cosmetic,major,rework,135.14,58.1
3927,20260605,2026-06-05,2026,6,June,Brake Caliper v4,Chassis,Blair PLC,99.0,Chassis Assembly - Station 09,Chassis Assembly,assembly,minor,rework,162.62,21.8
3928,20260605,2026-06-05,2026,6,June,,,,,Welding - Station 02,Welding,dimensional,minor,rework,6.6,17.5
3929,20260605,2026-06-05,2026,6,June,Headliner v2,Interior,Rhodes PLC,80.3,Interior Assembly - Station 11,Interior Assembly,assembly,minor,rework,146.19,23.4
3930,20260605,2026-06-05,2026,6,June,Battery Pack v2,Electrical,Wolfe LLC,91.2,Electrical Assembly - Station 13,Electrical Assembly,electrical,minor,rework,97.08,27.8
3931,20260605,2026-06-05,2026,6,June,Brake Caliper v4,Chassis,Blair PLC,99.0,Chassis Assembly - Station 08,Chassis Assembly,assembly,minor,rework,164.88,27.8
3932,20260605,2026-06-05,2026,6,June,ECU Module v7,Electrical,"Rodriguez, Figueroa and Sanchez",88.0,Electrical Assembly - Station 13,Electrical Assembly,electrical,critical,scrap,217.48,131.7
3933,20260607,2026-06-07,2026,6,June,,,,,Painting - Station 05,Painting,cosmetic,minor,rework,11.03,29.2
3934,20260607,2026-06-07,2026,6,June,Headliner v2,Interior,Rhodes PLC,80.3,Interior Assembly - Station 11,Interior Assembly,assembly,minor,rework,144.73,19.5
3935,20260608,2026-06-08,2026,6,June,Electric Motor v6,Powertrain,Wyatt Inc,85.8,Powertrain Assembly - Station 06,Powertrain Assembly,functional,minor,rework,668.55,23.7
3936,20260608,2026-06-08,2026,6,June,,,,,Welding - Station 02,Welding,dimensional,minor,rework,7.66,20.2
3937,20260608,2026-06-08,2026,6,June,,,,,Welding - Station 02,Welding,dimensional,minor,rework,3.88,10.2
3938,20260608,2026-06-08,2026,6,June,ECU Module v7,Electrical,"Rodriguez, Figueroa and Sanchez",88.0,Electrical Assembly - Station 14,Electrical Assembly,electrical,minor,rework,51.62,25.7
3939,20260608,2026-06-08,2026,6,June,Rear Bumper v5,Exterior,Wolfe LLC,91.2,Exterior Trim - Station 15,Exterior Trim,cosmetic,major,rework,139.38,71.5
3940,20260608,2026-06-08,2026,6,June,Headliner v2,Interior,Rhodes PLC,80.3,Interior Assembly - Station 11,Interior Assembly,assembly,minor,rework,148.13,28.5
3941,20260609,2026-06-09,2026,6,June,Shock Absorber v3,Chassis,Wyatt Inc,85.8,Chassis Assembly - Station 09,Chassis Assembly,assembly,major,rework,164.11,33.8
3942,20260609,2026-06-09,2026,6,June,,,,,Painting - Station 05,Painting,cosmetic,major,rework,12.62,33.4
3943,20260609,2026-06-09,2026,6,June,,,,,Painting - Station 05,Painting,cosmetic,minor,rework,8.5,22.5
3944,20260609,2026-06-09,2026,6,June,Door Trim v7,Interior,"Johnson, Gonzalez and Santos",85.8,Interior Assembly - Station 12,Interior Assembly,assembly,minor,accepted_with_deviation,1.78,23.5
3945,20260610,2026-06-10,2026,6,June,ECU Module v7,Electrical,"Rodriguez, Figueroa and Sanchez",88.0,Electrical Assembly - Station 14,Electrical Assembly,electrical,major,rework,53.41,30.4
3946,20260610,2026-06-10,2026,6,June,Battery Pack v2,Electrical,Wolfe LLC,91.2,Electrical Assembly - Station 14,Electrical Assembly,electrical,major,rework,111.62,66.3
3947,20260610,2026-06-10,2026,6,June,Grille v2,Exterior,Arnold Ltd,99.0,Exterior Trim - Station 16,Exterior Trim,cosmetic,major,rework,138.44,66.8
3948,20260610,2026-06-10,2026,6,June,,,,,Painting - Station 04,Painting,cosmetic,minor,rework,4.76,12.6
3949,20260610,2026-06-10,2026,6,June,Headliner v2,Interior,Rhodes PLC,80.3,Interior Assembly - Station 10,Interior Assembly,assembly,minor,rework,142.21,12.9
3950,20260610,2026-06-10,2026,6,June,Battery Pack v2,Electrical,Wolfe LLC,91.2,Electrical Assembly - Station 13,Electrical Assembly,electrical,major,rework,101.86,40.5
3951,20260610,2026-06-10,2026,6,June,,,,,Welding - Station 01,Welding,dimensional,minor,rework,10.64,28.1
3952,20260610,2026-06-10,2026,6,June,Rear Bumper v5,Exterior,Wolfe LLC,91.2,Exterior Trim - Station 15,Exterior Trim,cosmetic,minor,rework,118.24,15.7
3953,20260610,2026-06-10,2026,6,June,Electric Motor v6,Powertrain,Wyatt Inc,85.8,Powertrain Assembly - Station 07,Powertrain Assembly,functional,major,rework,686.25,70.5
3954,20260610,2026-06-10,2026,6,June,Brake Caliper v4,Chassis,Blair PLC,99.0,Chassis Assembly - Station 08,Chassis Assembly,assembly,minor,accepted_with_deviation,0.97,12.9
3955,20260610,2026-06-10,2026,6,June,,,,,Painting - Station 04,Painting,cosmetic,critical,rework,45.36,119.9
3956,20260610,2026-06-10,2026,6,June,,,,,Final Assembly - Station 18,Final Assembly,assembly,minor,rework,10.3,27.2
3957,20260610,2026-06-10,2026,6,June,Brake Caliper v4,Chassis,Blair PLC,99.0,Chassis Assembly - Station 08,Chassis Assembly,assembly,minor,rework,165.01,28.1
3958,20260610,2026-06-10,2026,6,June,Door Trim v7,Interior,"Johnson, Gonzalez and Santos",85.8,Interior Assembly - Station 12,Interior Assembly,assembly,minor,rework,71.71,13.6
3959,20260611,2026-06-11,2026,6,June,,,,,Final Assembly - Station 18,Final Assembly,assembly,minor,accepted_with_deviation,1.88,24.8
3960,20260611,2026-06-11,2026,6,June,,,,,Painting - Station 04,Painting,cosmetic,minor,rework,5.89,15.6
3961,20260611,2026-06-11,2026,6,June,,,,,Painting - Station 05,Painting,cosmetic,minor,rework,9.76,25.8
3962,20260611,2026-06-11,2026,6,June,,,,,Painting - Station 04,Painting,cosmetic,minor,rework,6.79,17.9
3963,20260611,2026-06-11,2026,6,June,,,,,Welding - Station 03,Welding,dimensional,minor,rework,4.36,11.5
3964,20260611,2026-06-11,2026,6,June,,,,,Painting - Station 04,Painting,cosmetic,critical,rework,49.66,131.2
3965,20260611,2026-06-11,2026,6,June,Battery Pack v2,Electrical,Wolfe LLC,91.2,Electrical Assembly - Station 14,Electrical Assembly,electrical,major,rework,109.47,60.6
3966,20260612,2026-06-12,2026,6,June,Grille v2,Exterior,Arnold Ltd,99.0,Exterior Trim - Station 15,Exterior Trim,cosmetic,minor,rework,122.09,23.6
3967,20260612,2026-06-12,2026,6,June,Dashboard Panel v5,Interior,Davis-Abbott,83.4,Interior Assembly - Station 10,Interior Assembly,assembly,major,rework,134.77,41.6
3968,20260612,2026-06-12,2026,6,June,ABS Unit v4,Safety,"Rodriguez, Figueroa and Sanchez",88.0,Safety Systems - Station 17,Safety Systems,functional,critical,accepted_with_deviation,5.72,75.6
3969,20260612,2026-06-12,2026,6,June,Dashboard Panel v5,Interior,Davis-Abbott,83.4,Interior Assembly - Station 12,Interior Assembly,assembly,critical,rework,161.27,111.6
3970,20260612,2026-06-12,2026,6,June,,,,,Painting - Station 04,Painting,cosmetic,minor,rework,6.2,16.4
3971,20260612,2026-06-12,2026,6,June,Electric Motor v6,Powertrain,Wyatt Inc,85.8,Powertrain Assembly - Station 07,Powertrain Assembly,functional,minor,rework,665.5,15.7
3972,20260612,2026-06-12,2026,6,June,Electric Motor v6,Powertrain,Wyatt Inc,85.8,Powertrain Assembly - Station 06,Powertrain Assembly,functional,minor,rework,670.59,29.1
3973,20260612,2026-06-12,2026,6,June,Backup Camera v6,Safety,Cole LLC,99.0,Safety Systems - Station 17,Safety Systems,functional,major,rework,114.92,39.5
3974,20260613,2026-06-13,2026,6,June,Drive Shaft v4,Powertrain,"Rodriguez, Figueroa and Sanchez",88.0,Powertrain Assembly - Station 07,Powertrain Assembly,functional,minor,rework,544.35,27.3
3975,20260613,2026-06-13,2026,6,June,,,,,Final Assembly - Station 18,Final Assembly,assembly,minor,rework,8.24,21.8
3976,20260613,2026-06-13,2026,6,June,Headliner v2,Interior,Rhodes PLC,80.3,Interior Assembly - Station 11,Interior Assembly,assembly,critical,accepted_with_deviation,8.04,106.3
3977,20260613,2026-06-13,2026,6,June,Electric Motor v6,Powertrain,Wyatt Inc,85.8,Powertrain Assembly - Station 07,Powertrain Assembly,functional,major,rework,683.57,63.4
3978,20260615,2026-06-15,2026,6,June,Rear Bumper v5,Exterior,Wolfe LLC,91.2,Exterior Trim - Station 15,Exterior Trim,cosmetic,minor,rework,123.13,28.6
3979,20260615,2026-06-15,2026,6,June,Drive Shaft v4,Powertrain,"Rodriguez, Figueroa and Sanchez",88.0,Powertrain Assembly - Station 06,Powertrain Assembly,functional,critical,rework,580.02,121.6
3980,20260615,2026-06-15,2026,6,June,Wiring Harness v6,Electrical,Bernard LLC,84.8,Electrical Assembly - Station 13,Electrical Assembly,electrical,minor,rework,86.44,26.1
3981,20260615,2026-06-15,2026,6,June,,,,,Quality Check - Station 19,Quality Check,dimensional,minor,rework,7.31,19.3
3982,20260615,2026-06-15,2026,6,June,Brake Caliper v4,Chassis,Blair PLC,99.0,Chassis Assembly - Station 09,Chassis Assembly,assembly,major,accepted_with_deviation,4.99,65.9
3983,20260615,2026-06-15,2026,6,June,Shock Absorber v3,Chassis,Wyatt Inc,85.8,Chassis Assembly - Station 08,Chassis Assembly,assembly,minor,rework,160.76,24.9
3984,20260616,2026-06-16,2026,6,June,,,,,Painting - Station 05,Painting,cosmetic,minor,rework,5.42,14.3
3985,20260616,2026-06-16,2026,6,June,Grille v2,Exterior,Arnold Ltd,99.0,Exterior Trim - Station 15,Exterior Trim,cosmetic,critical,rework,152.62,104.3
3986,20260616,2026-06-16,2026,6,June,,,,,Welding - Station 02,Welding,dimensional,major,rework,27.59,72.9
3987,20260616,2026-06-16,2026,6,June,Grille v2,Exterior,Arnold Ltd,99.0,Exterior Trim - Station 16,Exterior Trim,cosmetic,minor,rework,118.8,14.9
3988,20260616,2026-06-16,2026,6,June,,,,,Final Assembly - Station 18,Final Assembly,assembly,minor,rework,7.47,19.7
3989,20260616,2026-06-16,2026,6,June,Grille v2,Exterior,Arnold Ltd,99.0,Exterior Trim - Station 16,Exterior Trim,cosmetic,minor,rework,117.54,11.6
3990,20260616,2026-06-16,2026,6,June,Headliner v2,Interior,Rhodes PLC,80.3,Interior Assembly - Station 10,Interior Assembly,assembly,major,rework,161.76,64.6
3991,20260616,2026-06-16,2026,6,June,,,,,Painting - Station 05,Painting,cosmetic,minor,rework,8.32,22.0
3992,20260617,2026-06-17,2026,6,June,Brake Caliper v4,Chassis,Blair PLC,99.0,Chassis Assembly - Station 08,Chassis Assembly,assembly,minor,rework,163.43,24.0
3993,20260617,2026-06-17,2026,6,June,Headliner v2,Interior,Rhodes PLC,80.3,Interior Assembly - Station 10,Interior Assembly,assembly,major,rework,163.74,69.8
3994,20260617,2026-06-17,2026,6,June,Grille v2,Exterior,Arnold Ltd,99.0,Exterior Trim - Station 16,Exterior Trim,cosmetic,major,accepted_with_deviation,3.89,51.3
3995,20260618,2026-06-18,2026,6,June,Grille v2,Exterior,Arnold Ltd,99.0,Exterior Trim - Station 16,Exterior Trim,cosmetic,minor,rework,121.48,22.0
3996,20260618,2026-06-18,2026,6,June,Drive Shaft v4,Powertrain,"Rodriguez, Figueroa and Sanchez",88.0,Powertrain Assembly - Station 07,Powertrain Assembly,functional,minor,rework,544.1,26.6
3997,20260618,2026-06-18,2026,6,June,Headliner v2,Interior,Rhodes PLC,80.3,Interior Assembly - Station 10,Interior Assembly,assembly,minor,rework,147.92,28.0
3998,20260618,2026-06-18,2026,6,June,,,,,Painting - Station 05,Painting,cosmetic,minor,rework,10.34,27.3
3999,20260618,2026-06-18,2026,6,June,,,,,Welding - Station 01,Welding,dimensional,minor,rework,3.94,10.4
4000,20260618,2026-06-18,2026,6,June,Shock Absorber v3,Chassis,Wyatt Inc,85.8,Chassis Assembly - Station 09,Chassis Assembly,assembly,major,rework,172.79,56.7
4001,20260618,2026-06-18,2026,6,June,Electric Motor v6,Powertrain,Wyatt Inc,85.8,Powertrain Assembly - Station 06,Powertrain Assembly,functional,minor,rework,665.5,15.7
4002,20260618,2026-06-18,2026,6,June,Drive Shaft v4,Powertrain,"Rodriguez, Figueroa and Sanchez",88.0,Powertrain Assembly - Station 07,Powertrain Assembly,functional,minor,rework,541.86,20.7
4003,20260618,2026-06-18,2026,6,June,Electric Motor v6,Powertrain,Wyatt Inc,85.8,Powertrain Assembly - Station 06,Powertrain Assembly,functional,critical,accepted_with_deviation,7.09,93.6
4004,20260619,2026-06-19,2026,6,June,,,,,Painting - Station 05,Painting,cosmetic,minor,rework,4.06,10.7
4005,20260619,2026-06-19,2026,6,June,Electric Motor v6,Powertrain,Wyatt Inc,85.8,Powertrain Assembly - Station 06,Powertrain Assembly,functional,major,accepted_with_deviation,3.16,41.8
4006,20260619,2026-06-19,2026,6,June,Headliner v2,Interior,Rhodes PLC,80.3,Interior Assembly - Station 10,Interior Assembly,assembly,major,accepted_with_deviation,3.15,41.6
4007,20260619,2026-06-19,2026,6,June,Brake Caliper v4,Chassis,Blair PLC,99.0,Chassis Assembly - Station 09,Chassis Assembly,assembly,critical,scrap,667.6,132.5
4008,20260620,2026-06-20,2026,6,June,Brake Caliper v4,Chassis,Blair PLC,99.0,Chassis Assembly - Station 08,Chassis Assembly,assembly,major,rework,171.74,45.9
4009,20260620,2026-06-20,2026,6,June,Crash Sensor v5,Safety,"Rodriguez, Figueroa and Sanchez",88.0,Safety Systems - Station 17,Safety Systems,functional,major,rework,105.61,53.5
4010,20260622,2026-06-22,2026,6,June,,,,,Quality Check - Station 19,Quality Check,dimensional,critical,rework,51.3,135.6
4011,20260622,2026-06-22,2026,6,June,Shock Absorber v3,Chassis,Wyatt Inc,85.8,Chassis Assembly - Station 08,Chassis Assembly,assembly,minor,rework,162.53,29.6
4012,20260622,2026-06-22,2026,6,June,Brake Caliper v4,Chassis,Blair PLC,99.0,Chassis Assembly - Station 09,Chassis Assembly,assembly,major,rework,170.06,41.5
4013,20260622,2026-06-22,2026,6,June,Battery Pack v2,Electrical,Wolfe LLC,91.2,Electrical Assembly - Station 14,Electrical Assembly,electrical,major,rework,102.17,41.3
4014,20260622,2026-06-22,2026,6,June,Electric Motor v6,Powertrain,Wyatt Inc,85.8,Powertrain Assembly - Station 06,Powertrain Assembly,functional,critical,rework,714.05,144.0
4015,20260623,2026-06-23,2026,6,June,Battery Pack v2,Electrical,Wolfe LLC,91.2,Electrical Assembly - Station 13,Electrical Assembly,electrical,minor,rework,94.69,21.5
4016,20260623,2026-06-23,2026,6,June,Shock Absorber v3,Chassis,Wyatt Inc,85.8,Chassis Assembly - Station 09,Chassis Assembly,assembly,major,scrap,627.39,58.4
4017,20260623,2026-06-23,2026,6,June,Electric Motor v6,Powertrain,Wyatt Inc,85.8,Powertrain Assembly - Station 07,Powertrain Assembly,functional,minor,rework,666.34,17.9
4018,20260623,2026-06-23,2026,6,June,Dashboard Panel v5,Interior,Davis-Abbott,83.4,Interior Assembly - Station 11,Interior Assembly,assembly,minor,rework,125.37,16.7
4019,20260623,2026-06-23,2026,6,June,,,,,Welding - Station 01,Welding,dimensional,minor,rework,4.42,11.7
4020,20260623,2026-06-23,2026,6,June,,,,,Quality Check - Station 20,Quality Check,dimensional,minor,rework,9.96,26.3
4021,20260623,2026-06-23,2026,6,June,Wiring Harness v6,Electrical,Bernard LLC,84.8,Electrical Assembly - Station 14,Electrical Assembly,electrical,major,rework,89.06,33.0
4022,20260623,2026-06-23,2026,6,June,Electric Motor v6,Powertrain,Wyatt Inc,85.8,Powertrain Assembly - Station 06,Powertrain Assembly,functional,major,scrap,2650.3,31.7
4023,20260623,2026-06-23,2026,6,June,,,,,Welding - Station 02,Welding,dimensional,minor,rework,6.57,17.4
4024,20260623,2026-06-23,2026,6,June,Rear Bumper v5,Exterior,Wolfe LLC,91.2,Exterior Trim - Station 16,Exterior Trim,cosmetic,major,rework,126.83,38.4
4025,20260624,2026-06-24,2026,6,June,Electric Motor v6,Powertrain,Wyatt Inc,85.8,Powertrain Assembly - Station 06,Powertrain Assembly,functional,major,rework,683.79,64.0
4026,20260624,2026-06-24,2026,6,June,Brake Caliper v4,Chassis,Blair PLC,99.0,Chassis Assembly - Station 09,Chassis Assembly,assembly,minor,rework,163.36,23.8
4027,20260624,2026-06-24,2026,6,June,Brake Caliper v4,Chassis,Blair PLC,99.0,Chassis Assembly - Station 09,Chassis Assembly,assembly,major,rework,176.31,58.0
4028,20260624,2026-06-24,2026,6,June,Backup Camera v6,Safety,Cole LLC,99.0,Safety Systems - Station 17,Safety Systems,functional,minor,rework,109.94,26.4
4029,20260624,2026-06-24,2026,6,June,Brake Caliper v4,Chassis,Blair PLC,99.0,Chassis Assembly - Station 09,Chassis Assembly,assembly,minor,rework,160.83,17.1
4030,20260624,2026-06-24,2026,6,June,Grille v2,Exterior,Arnold Ltd,99.0,Exterior Trim - Station 15,Exterior Trim,cosmetic,major,rework,131.14,47.5
4031,20260624,2026-06-24,2026,6,June,Electric Motor v6,Powertrain,Wyatt Inc,85.8,Powertrain Assembly - Station 06,Powertrain Assembly,functional,minor,rework,668.36,23.2
4032,20260625,2026-06-25,2026,6,June,,,,,Final Assembly - Station 18,Final Assembly,assembly,minor,rework,5.36,14.2
4033,20260625,2026-06-25,2026,6,June,Electric Motor v6,Powertrain,Wyatt Inc,85.8,Powertrain Assembly - Station 07,Powertrain Assembly,functional,critical,scrap,2667.54,77.3
4034,20260625,2026-06-25,2026,6,June,Center Console,Interior,Rhodes PLC,80.3,Interior Assembly - Station 12,Interior Assembly,assembly,minor,rework,173.42,18.5
4035,20260626,2026-06-26,2026,6,June,Grille v2,Exterior,Arnold Ltd,99.0,Exterior Trim - Station 15,Exterior Trim,cosmetic,major,rework,136.14,60.7
4036,20260626,2026-06-26,2026,6,June,,,,,Welding - Station 03,Welding,dimensional,minor,rework,9.41,24.9
4037,20260626,2026-06-26,2026,6,June,Shock Absorber v3,Chassis,Wyatt Inc,85.8,Chassis Assembly - Station 08,Chassis Assembly,assembly,minor,rework,155.88,12.1
4038,20260626,2026-06-26,2026,6,June,Dashboard Panel v5,Interior,Davis-Abbott,83.4,Interior Assembly - Station 10,Interior Assembly,assembly,minor,rework,126.49,19.7
4039,20260626,2026-06-26,2026,6,June,,,,,Painting - Station 04,Painting,cosmetic,minor,rework,11.11,29.4
4040,20260626,2026-06-26,2026,6,June,Dashboard Panel v5,Interior,Davis-Abbott,83.4,Interior Assembly - Station 12,Interior Assembly,assembly,minor,rework,127.64,22.7
4041,20260626,2026-06-26,2026,6,June,Headliner v2,Interior,Rhodes PLC,80.3,Interior Assembly - Station 10,Interior Assembly,assembly,minor,rework,144.64,19.3
4042,20260626,2026-06-26,2026,6,June,,,,,Welding - Station 01,Welding,dimensional,minor,rework,5.55,14.7
4043,20260626,2026-06-26,2026,6,June,,,,,Welding - Station 01,Welding,dimensional,major,rework,26.04,68.8
4044,20260626,2026-06-26,2026,6,June,Grille v2,Exterior,Arnold Ltd,99.0,Exterior Trim - Station 15,Exterior Trim,cosmetic,major,rework,133.92,54.9
4045,20260626,2026-06-26,2026,6,June,Electric Motor v6,Powertrain,Wyatt Inc,85.8,Powertrain Assembly - Station 07,Powertrain Assembly,functional,minor,rework,667.13,20.0
4046,20260626,2026-06-26,2026,6,June,Brake Caliper v4,Chassis,Blair PLC,99.0,Chassis Assembly - Station 09,Chassis Assembly,assembly,minor,rework,159.27,13.0
4047,20260626,2026-06-26,2026,6,June,Electric Motor v6,Powertrain,Wyatt Inc,85.8,Powertrain Assembly - Station 07,Powertrain Assembly,functional,major,rework,677.81,48.2
4048,20260626,2026-06-26,2026,6,June,Battery Pack v2,Electrical,Wolfe LLC,91.2,Electrical Assembly - Station 13,Electrical Assembly,electrical,major,rework,106.9,53.8
4049,20260626,2026-06-26,2026,6,June,Battery Pack v2,Electrical,Wolfe LLC,91.2,Electrical Assembly - Station 14,Electrical Assembly,electrical,major,rework,100.58,37.1
4050,20260627,2026-06-27,2026,6,June,Backup Camera v6,Safety,Cole LLC,99.0,Safety Systems - Station 17,Safety Systems,functional,minor,rework,106.89,18.3
4051,20260627,2026-06-27,2026,6,June,Electric Motor v6,Powertrain,Wyatt Inc,85.8,Powertrain Assembly - Station 06,Powertrain Assembly,functional,major,rework,684.83,66.8
4052,20260627,2026-06-27,2026,6,June,,,,,Welding - Station 01,Welding,dimensional,minor,rework,11.07,29.3
4053,20260627,2026-06-27,2026,6,June,Headliner v2,Interior,Rhodes PLC,80.3,Interior Assembly - Station 10,Interior Assembly,assembly,minor,rework,142.83,14.5
4054,20260628,2026-06-28,2026,6,June,Battery Pack v2,Electrical,Wolfe LLC,91.2,Electrical Assembly - Station 13,Electrical Assembly,electrical,minor,rework,95.49,23.7
4055,20260628,2026-06-28,2026,6,June,Battery Pack v2,Electrical,Wolfe LLC,91.2,Electrical Assembly - Station 13,Electrical Assembly,electrical,critical,scrap,398.35,137.9
4056,20260629,2026-06-29,2026,6,June,,,,,Welding - Station 03,Welding,dimensional,minor,rework,4.01,10.6
4057,20260629,2026-06-29,2026,6,June,Electric Motor v6,Powertrain,Wyatt Inc,85.8,Powertrain Assembly - Station 06,Powertrain Assembly,functional,major,rework,687.58,74.0
4058,20260629,2026-06-29,2026,6,June,Electric Motor v6,Powertrain,Wyatt Inc,85.8,Powertrain Assembly - Station 06,Powertrain Assembly,functional,critical,rework,701.6,111.1
4059,20260629,2026-06-29,2026,6,June,Door Trim v7,Interior,"Johnson, Gonzalez and Santos",85.8,Interior Assembly - Station 12,Interior Assembly,assembly,critical,accepted_with_deviation,6.25,82.6
4060,20260629,2026-06-29,2026,6,June,Grille v2,Exterior,Arnold Ltd,99.0,Exterior Trim - Station 16,Exterior Trim,cosmetic,minor,rework,122.54,24.8
4061,20260629,2026-06-29,2026,6,June,Electric Motor v6,Powertrain,Wyatt Inc,85.8,Powertrain Assembly - Station 06,Powertrain Assembly,functional,major,rework,679.17,51.8
4062,20260630,2026-06-30,2026,6,June,Battery Pack v2,Electrical,Wolfe LLC,91.2,Electrical Assembly - Station 14,Electrical Assembly,electrical,minor,accepted_with_deviation,1.88,24.8
4063,20260630,2026-06-30,2026,6,June,Battery Pack v2,Electrical,Wolfe LLC,91.2,Electrical Assembly - Station 13,Electrical Assembly,electrical,minor,rework,93.4,18.1
4064,20260630,2026-06-30,2026,6,June,Center Console,Interior,Rhodes PLC,80.3,Interior Assembly - Station 12,Interior Assembly,assembly,major,rework,190.74,64.2
4065,20260630,2026-06-30,2026,6,June,Brake Caliper v4,Chassis,Blair PLC,99.0,Chassis Assembly - Station 09,Chassis Assembly,assembly,minor,rework,165.56,29.6
4066,20260630,2026-06-30,2026,6,June,Headliner v2,Interior,Rhodes PLC,80.3,Interior Assembly - Station 11,Interior Assembly,assembly,minor,accepted_with_deviation,1.33,17.5
4067,20260630,2026-06-30,2026,6,June,Brake Caliper v4,Chassis,Blair PLC,99.0,Chassis Assembly - Station 09,Chassis Assembly,assembly,minor,accepted_with_deviation,2.19,28.9
4068,20260630,2026-06-30,2026,6,June,Electric Motor v6,Powertrain,Wyatt Inc,85.8,Powertrain Assembly - Station 06,Powertrain Assembly,functional,major,rework,682.81,61.4
4069,20260630,2026-06-30,2026,6,June,Battery Pack v2,Electrical,Wolfe LLC,91.2,Electrical Assembly - Station 14,Electrical Assembly,electrical,minor,rework,96.34,25.9
4070,20260701,2026-07-01,2026,7,July,,,,,Welding - Station 01,Welding,dimensional,minor,rework,4.93,13.0
4071,20260701,2026-07-01,2026,7,July,Crash Sensor v5,Safety,"Rodriguez, Figueroa and Sanchez",88.0,Safety Systems - Station 17,Safety Systems,functional,major,rework,103.59,48.1
4072,20260701,2026-07-01,2026,7,July,Shock Absorber v3,Chassis,Wyatt Inc,85.8,Chassis Assembly - Station 09,Chassis Assembly,assembly,minor,rework,161.99,28.2
4073,20260701,2026-07-01,2026,7,July,,,,,Painting - Station 04,Painting,cosmetic,minor,rework,9.92,26.2
4074,20260702,2026-07-02,2026,7,July,Electric Motor v6,Powertrain,Wyatt Inc,85.8,Powertrain Assembly - Station 06,Powertrain Assembly,functional,minor,rework,665.94,16.8
4075,20260702,2026-07-02,2026,7,July,Dashboard Panel v5,Interior,Davis-Abbott,83.4,Interior Assembly - Station 11,Interior Assembly,assembly,major,rework,142.51,62.0
4076,20260702,2026-07-02,2026,7,July,Dashboard Panel v5,Interior,Davis-Abbott,83.4,Interior Assembly - Station 12,Interior Assembly,assembly,critical,scrap,524.37,127.4
4077,20260702,2026-07-02,2026,7,July,Battery Pack v2,Electrical,Wolfe LLC,91.2,Electrical Assembly - Station 14,Electrical Assembly,electrical,minor,rework,94.78,21.8
4078,20260702,2026-07-02,2026,7,July,Electric Motor v6,Powertrain,Wyatt Inc,85.8,Powertrain Assembly - Station 06,Powertrain Assembly,functional,major,rework,676.57,44.9
4079,20260703,2026-07-03,2026,7,July,Brake Caliper v4,Chassis,Blair PLC,99.0,Chassis Assembly - Station 09,Chassis Assembly,assembly,major,accepted_with_deviation,4.83,63.8
4080,20260703,2026-07-03,2026,7,July,,,,,Final Assembly - Station 18,Final Assembly,assembly,minor,rework,5.13,13.6
4081,20260703,2026-07-03,2026,7,July,,,,,Welding - Station 01,Welding,dimensional,minor,rework,3.84,10.1
4082,20260703,2026-07-03,2026,7,July,Battery Pack v2,Electrical,Wolfe LLC,91.2,Electrical Assembly - Station 14,Electrical Assembly,electrical,minor,rework,91.89,14.1
4083,20260703,2026-07-03,2026,7,July,Grille v2,Exterior,Arnold Ltd,99.0,Exterior Trim - Station 15,Exterior Trim,cosmetic,minor,rework,122.67,25.1
4084,20260703,2026-07-03,2026,7,July,Shock Absorber v3,Chassis,Wyatt Inc,85.8,Chassis Assembly - Station 09,Chassis Assembly,assembly,minor,rework,155.57,11.2
4085,20260703,2026-07-03,2026,7,July,Headliner v2,Interior,Rhodes PLC,80.3,Interior Assembly - Station 11,Interior Assembly,assembly,minor,rework,145.39,21.3
4086,20260704,2026-07-04,2026,7,July,,,,,Quality Check - Station 20,Quality Check,dimensional,major,scrap,22.4,59.2
4087,20260704,2026-07-04,2026,7,July,Dashboard Panel v5,Interior,Davis-Abbott,83.4,Interior Assembly - Station 11,Interior Assembly,assembly,minor,rework,123.57,12.0
4088,20260704,2026-07-04,2026,7,July,,,,,Painting - Station 05,Painting,cosmetic,major,rework,16.47,43.5
4089,20260704,2026-07-04,2026,7,July,,,,,Final Assembly - Station 18,Final Assembly,assembly,minor,rework,10.85,28.7
4090,20260704,2026-07-04,2026,7,July,Electric Motor v6,Powertrain,Wyatt Inc,85.8,Powertrain Assembly - Station 06,Powertrain Assembly,functional,major,rework,680.28,54.7
4091,20260705,2026-07-05,2026,7,July,Crash Sensor v5,Safety,"Rodriguez, Figueroa and Sanchez",88.0,Safety Systems - Station 17,Safety Systems,functional,major,rework,113.12,73.3
4092,20260705,2026-07-05,2026,7,July,Dashboard Panel v5,Interior,Davis-Abbott,83.4,Interior Assembly - Station 11,Interior Assembly,assembly,major,rework,135.98,44.8
4093,20260705,2026-07-05,2026,7,July,Electric Motor v6,Powertrain,Wyatt Inc,85.8,Powertrain Assembly - Station 07,Powertrain Assembly,functional,minor,rework,663.69,10.9
4094,20260705,2026-07-05,2026,7,July,Center Console,Interior,Rhodes PLC,80.3,Interior Assembly - Station 12,Interior Assembly,assembly,minor,rework,173.2,17.9
4095,20260706,2026-07-06,2026,7,July,,,,,Quality Check - Station 20,Quality Check,dimensional,critical,rework,29.91,79.0
4096,20260706,2026-07-06,2026,7,July,,,,,Welding - Station 03,Welding,dimensional,minor,rework,5.47,14.5
4097,20260706,2026-07-06,2026,7,July,Grille v2,Exterior,Arnold Ltd,99.0,Exterior Trim - Station 15,Exterior Trim,cosmetic,minor,rework,117.55,11.6
4098,20260706,2026-07-06,2026,7,July,Battery Pack v2,Electrical,Wolfe LLC,91.2,Electrical Assembly - Station 14,Electrical Assembly,electrical,major,rework,99.02,33.0
4099,20260706,2026-07-06,2026,7,July,Grille v2,Exterior,Arnold Ltd,99.0,Exterior Trim - Station 15,Exterior Trim,cosmetic,minor,rework,121.84,22.9
4100,20260706,2026-07-06,2026,7,July,Backup Camera v6,Safety,Cole LLC,99.0,Safety Systems - Station 17,Safety Systems,functional,minor,rework,105.7,15.2
4101,20260706,2026-07-06,2026,7,July,Battery Pack v2,Electrical,Wolfe LLC,91.2,Electrical Assembly - Station 14,Electrical Assembly,electrical,major,rework,112.61,68.9
4102,20260706,2026-07-06,2026,7,July,,,,,Final Assembly - Station 18,Final Assembly,assembly,minor,rework,7.25,19.2
4103,20260707,2026-07-07,2026,7,July,Door Trim v7,Interior,"Johnson, Gonzalez and Santos",85.8,Interior Assembly - Station 10,Interior Assembly,assembly,major,rework,89.49,60.6
4104,20260707,2026-07-07,2026,7,July,Door Trim v7,Interior,"Johnson, Gonzalez and Santos",85.8,Interior Assembly - Station 10,Interior Assembly,assembly,minor,rework,71.82,13.9
4105,20260707,2026-07-07,2026,7,July,,,,,Final Assembly - Station 18,Final Assembly,assembly,minor,rework,10.52,27.8
4106,20260707,2026-07-07,2026,7,July,Rear Bumper v5,Exterior,Wolfe LLC,91.2,Exterior Trim - Station 16,Exterior Trim,cosmetic,critical,rework,151.07,102.4
4107,20260707,2026-07-07,2026,7,July,Drive Shaft v4,Powertrain,"Rodriguez, Figueroa and Sanchez",88.0,Powertrain Assembly - Station 06,Powertrain Assembly,functional,minor,rework,544.94,28.8
4108,20260707,2026-07-07,2026,7,July,Electric Motor v6,Powertrain,Wyatt Inc,85.8,Powertrain Assembly - Station 07,Powertrain Assembly,functional,major,rework,680.04,54.1
4109,20260707,2026-07-07,2026,7,July,Rear Bumper v5,Exterior,Wolfe LLC,91.2,Exterior Trim - Station 15,Exterior Trim,cosmetic,minor,rework,118.33,15.9
4110,20260707,2026-07-07,2026,7,July,Shock Absorber v3,Chassis,Wyatt Inc,85.8,Chassis Assembly - Station 08,Chassis Assembly,assembly,major,rework,168.24,44.7
4111,20260707,2026-07-07,2026,7,July,Door Trim v7,Interior,"Johnson, Gonzalez and Santos",85.8,Interior Assembly - Station 10,Interior Assembly,assembly,minor,rework,73.82,19.2
4112,20260708,2026-07-08,2026,7,July,,,,,Welding - Station 03,Welding,dimensional,major,scrap,24.49,64.7
4113,20260708,2026-07-08,2026,7,July,,,,,Painting - Station 04,Painting,cosmetic,minor,rework,6.33,16.7
4114,20260708,2026-07-08,2026,7,July,,,,,Painting - Station 04,Painting,cosmetic,minor,rework,10.47,27.7
4115,20260708,2026-07-08,2026,7,July,Wiring Harness v6,Electrical,Bernard LLC,84.8,Electrical Assembly - Station 13,Electrical Assembly,electrical,minor,rework,87.51,29.0
4116,20260708,2026-07-08,2026,7,July,Backup Camera v6,Safety,Cole LLC,99.0,Safety Systems - Station 17,Safety Systems,functional,major,rework,113.48,35.7
4117,20260708,2026-07-08,2026,7,July,Dashboard Panel v5,Interior,Davis-Abbott,83.4,Interior Assembly - Station 11,Interior Assembly,assembly,critical,rework,173.84,144.8
4118,20260709,2026-07-09,2026,7,July,Shock Absorber v3,Chassis,Wyatt Inc,85.8,Chassis Assembly - Station 08,Chassis Assembly,assembly,major,rework,165.29,36.9
4119,20260709,2026-07-09,2026,7,July,Battery Pack v2,Electrical,Wolfe LLC,91.2,Electrical Assembly - Station 13,Electrical Assembly,electrical,major,rework,101.04,38.3
4120,20260709,2026-07-09,2026,7,July,,,,,Final Assembly - Station 18,Final Assembly,assembly,critical,rework,37.4,98.9
4121,20260709,2026-07-09,2026,7,July,Grille v2,Exterior,Arnold Ltd,99.0,Exterior Trim - Station 16,Exterior Trim,cosmetic,minor,rework,122.98,25.9
4122,20260709,2026-07-09,2026,7,July,,,,,Welding - Station 02,Welding,dimensional,minor,accepted_with_deviation,1.2,15.9
4123,20260709,2026-07-09,2026,7,July,Headliner v2,Interior,Rhodes PLC,80.3,Interior Assembly - Station 12,Interior Assembly,assembly,minor,rework,142.75,14.3
4124,20260709,2026-07-09,2026,7,July,Electric Motor v6,Powertrain,Wyatt Inc,85.8,Powertrain Assembly - Station 07,Powertrain Assembly,functional,major,rework,676.87,45.7
4125,20260709,2026-07-09,2026,7,July,Battery Pack v2,Electrical,Wolfe LLC,91.2,Electrical Assembly - Station 14,Electrical Assembly,electrical,minor,rework,95.2,22.9
4126,20260710,2026-07-10,2026,7,July,Crash Sensor v5,Safety,"Rodriguez, Figueroa and Sanchez",88.0,Safety Systems - Station 17,Safety Systems,functional,major,rework,113.46,74.3
4127,20260711,2026-07-11,2026,7,July,,,,,Welding - Station 03,Welding,dimensional,minor,accepted_with_deviation,2.04,27.0
4128,20260711,2026-07-11,2026,7,July,ABS Unit v4,Safety,"Rodriguez, Figueroa and Sanchez",88.0,Safety Systems - Station 17,Safety Systems,functional,major,rework,86.36,32.5
4129,20260712,2026-07-12,2026,7,July,Dashboard Panel v5,Interior,Davis-Abbott,83.4,Interior Assembly - Station 10,Interior Assembly,assembly,major,rework,142.72,62.6
4130,20260712,2026-07-12,2026,7,July,Center Console,Interior,Rhodes PLC,80.3,Interior Assembly - Station 10,Interior Assembly,assembly,minor,rework,171.86,14.3
4131,20260713,2026-07-13,2026,7,July,Brake Caliper v4,Chassis,Blair PLC,99.0,Chassis Assembly - Station 09,Chassis Assembly,assembly,major,rework,176.29,57.9
4132,20260713,2026-07-13,2026,7,July,Electric Motor v6,Powertrain,Wyatt Inc,85.8,Powertrain Assembly - Station 07,Powertrain Assembly,functional,minor,accepted_with_deviation,2.19,28.9
4133,20260713,2026-07-13,2026,7,July,,,,,Painting - Station 05,Painting,cosmetic,minor,rework,8.14,21.5
4134,20260713,2026-07-13,2026,7,July,Headliner v2,Interior,Rhodes PLC,80.3,Interior Assembly - Station 10,Interior Assembly,assembly,minor,rework,146.01,22.9
4135,20260713,2026-07-13,2026,7,July,Headliner v2,Interior,Rhodes PLC,80.3,Interior Assembly - Station 12,Interior Assembly,assembly,minor,rework,147.5,26.9
4136,20260714,2026-07-14,2026,7,July,Shock Absorber v3,Chassis,Wyatt Inc,85.8,Chassis Assembly - Station 08,Chassis Assembly,assembly,critical,scrap,635.36,79.5
4137,20260714,2026-07-14,2026,7,July,ABS Unit v4,Safety,"Rodriguez, Figueroa and Sanchez",88.0,Safety Systems - Station 17,Safety Systems,functional,critical,scrap,327.47,82.3
4138,20260714,2026-07-14,2026,7,July,Electric Motor v6,Powertrain,Wyatt Inc,85.8,Powertrain Assembly - Station 06,Powertrain Assembly,functional,critical,rework,707.76,127.4
4139,20260714,2026-07-14,2026,7,July,Electric Motor v6,Powertrain,Wyatt Inc,85.8,Powertrain Assembly - Station 06,Powertrain Assembly,functional,minor,rework,665.76,16.3
4140,20260714,2026-07-14,2026,7,July,Grille v2,Exterior,Arnold Ltd,99.0,Exterior Trim - Station 16,Exterior Trim,cosmetic,minor,rework,120.78,20.1
4141,20260715,2026-07-15,2026,7,July,Grille v2,Exterior,Arnold Ltd,99.0,Exterior Trim - Station 16,Exterior Trim,cosmetic,major,rework,139.38,69.3
4142,20260715,2026-07-15,2026,7,July,,,,,Welding - Station 02,Welding,dimensional,minor,rework,10.49,27.7
4143,20260715,2026-07-15,2026,7,July,Rear Bumper v5,Exterior,Wolfe LLC,91.2,Exterior Trim - Station 16,Exterior Trim,cosmetic,major,rework,134.3,58.1
4144,20260715,2026-07-15,2026,7,July,,,,,Painting - Station 04,Painting,cosmetic,minor,rework,7.89,20.9
4145,20260716,2026-07-16,2026,7,July,Dashboard Panel v5,Interior,Davis-Abbott,83.4,Interior Assembly - Station 12,Interior Assembly,assembly,major,rework,145.63,70.3
4146,20260716,2026-07-16,2026,7,July,,,,,Welding - Station 02,Welding,dimensional,minor,rework,7.56,20.0
4147,20260716,2026-07-16,2026,7,July,Electric Motor v6,Powertrain,Wyatt Inc,85.8,Powertrain Assembly - Station 06,Powertrain Assembly,functional,minor,rework,665.2,14.9
4148,20260716,2026-07-16,2026,7,July,,,,,Welding - Station 03,Welding,dimensional,major,rework,12.62,33.4
4149,20260716,2026-07-16,2026,7,July,Shock Absorber v3,Chassis,Wyatt Inc,85.8,Chassis Assembly - Station 09,Chassis Assembly,assembly,major,accepted_with_deviation,2.76,36.5
4150,20260717,2026-07-17,2026,7,July,Dashboard Panel v5,Interior,Davis-Abbott,83.4,Interior Assembly - Station 11,Interior Assembly,assembly,major,accepted_with_deviation,4.29,56.6
4151,20260717,2026-07-17,2026,7,July,Electric Motor v6,Powertrain,Wyatt Inc,85.8,Powertrain Assembly - Station 06,Powertrain Assembly,functional,major,rework,684.86,66.8
4152,20260717,2026-07-17,2026,7,July,Brake Caliper v4,Chassis,Blair PLC,99.0,Chassis Assembly - Station 08,Chassis Assembly,assembly,minor,rework,160.22,15.5
4153,20260717,2026-07-17,2026,7,July,Drive Shaft v4,Powertrain,"Rodriguez, Figueroa and Sanchez",88.0,Powertrain Assembly - Station 06,Powertrain Assembly,functional,critical,rework,580.78,123.6
4154,20260718,2026-07-18,2026,7,July,,,,,Painting - Station 05,Painting,cosmetic,minor,rework,4.98,13.2
4155,20260718,2026-07-18,2026,7,July,Electric Motor v6,Powertrain,Wyatt Inc,85.8,Powertrain Assembly - Station 07,Powertrain Assembly,functional,major,rework,672.77,34.9
4156,20260718,2026-07-18,2026,7,July,Backup Camera v6,Safety,Cole LLC,99.0,Safety Systems - Station 17,Safety Systems,functional,major,rework,114.8,39.2
4157,20260718,2026-07-18,2026,7,July,Drive Shaft v4,Powertrain,"Rodriguez, Figueroa and Sanchez",88.0,Powertrain Assembly - Station 07,Powertrain Assembly,functional,minor,rework,543.62,25.4
4158,20260718,2026-07-18,2026,7,July,ABS Unit v4,Safety,"Rodriguez, Figueroa and Sanchez",88.0,Safety Systems - Station 17,Safety Systems,functional,major,rework,101.96,73.7
4159,20260718,2026-07-18,2026,7,July,,,,,Welding - Station 01,Welding,dimensional,minor,rework,8.66,22.9
4160,20260720,2026-07-20,2026,7,July,,,,,Welding - Station 03,Welding,dimensional,major,rework,25.66,67.8
4161,20260720,2026-07-20,2026,7,July,Brake Caliper v4,Chassis,Blair PLC,99.0,Chassis Assembly - Station 08,Chassis Assembly,assembly,critical,rework,191.55,98.3
4162,20260720,2026-07-20,2026,7,July,Brake Caliper v4,Chassis,Blair PLC,99.0,Chassis Assembly - Station 08,Chassis Assembly,assembly,minor,rework,159.89,14.6
4163,20260720,2026-07-20,2026,7,July,,,,,Welding - Station 03,Welding,dimensional,major,accepted_with_deviation,2.94,38.8
4164,20260721,2026-07-21,2026,7,July,Drive Shaft v4,Powertrain,"Rodriguez, Figueroa and Sanchez",88.0,Powertrain Assembly - Station 06,Powertrain Assembly,functional,major,scrap,2159.59,62.1
4165,20260721,2026-07-21,2026,7,July,Backup Camera v6,Safety,Cole LLC,99.0,Safety Systems - Station 17,Safety Systems,functional,minor,rework,109.87,26.2
4166,20260721,2026-07-21,2026,7,July,Electric Motor v6,Powertrain,Wyatt Inc,85.8,Powertrain Assembly - Station 06,Powertrain Assembly,functional,minor,rework,664.29,12.5
4167,20260721,2026-07-21,2026,7,July,Electric Motor v6,Powertrain,Wyatt Inc,85.8,Powertrain Assembly - Station 07,Powertrain Assembly,functional,critical,rework,710.64,135.0
4168,20260721,2026-07-21,2026,7,July,ABS Unit v4,Safety,"Rodriguez, Figueroa and Sanchez",88.0,Safety Systems - Station 17,Safety Systems,functional,critical,rework,124.14,132.3
4169,20260721,2026-07-21,2026,7,July,Headliner v2,Interior,Rhodes PLC,80.3,Interior Assembly - Station 12,Interior Assembly,assembly,minor,rework,141.43,10.8
4170,20260722,2026-07-22,2026,7,July,Drive Shaft v4,Powertrain,"Rodriguez, Figueroa and Sanchez",88.0,Powertrain Assembly - Station 07,Powertrain Assembly,functional,minor,rework,544.18,26.9
4171,20260722,2026-07-22,2026,7,July,Grille v2,Exterior,Arnold Ltd,99.0,Exterior Trim - Station 16,Exterior Trim,cosmetic,minor,rework,124.13,29.0
4172,20260722,2026-07-22,2026,7,July,Brake Caliper v4,Chassis,Blair PLC,99.0,Chassis Assembly - Station 08,Chassis Assembly,assembly,minor,rework,159.88,14.6
4173,20260722,2026-07-22,2026,7,July,,,,,Quality Check - Station 19,Quality Check,dimensional,major,rework,18.73,49.5
4174,20260722,2026-07-22,2026,7,July,Drive Shaft v4,Powertrain,"Rodriguez, Figueroa and Sanchez",88.0,Powertrain Assembly - Station 06,Powertrain Assembly,functional,minor,rework,542.48,22.4
4175,20260722,2026-07-22,2026,7,July,Grille v2,Exterior,Arnold Ltd,99.0,Exterior Trim - Station 16,Exterior Trim,cosmetic,major,rework,127.97,39.1
4176,20260722,2026-07-22,2026,7,July,Shock Absorber v3,Chassis,Wyatt Inc,85.8,Chassis Assembly - Station 09,Chassis Assembly,assembly,major,scrap,627.97,60.0
4177,20260722,2026-07-22,2026,7,July,Wiring Harness v6,Electrical,Bernard LLC,84.8,Electrical Assembly - Station 14,Electrical Assembly,electrical,major,rework,96.85,53.7
4178,20260722,2026-07-22,2026,7,July,,,,,Welding - Station 03,Welding,dimensional,minor,accepted_with_deviation,1.1,14.5
4179,20260723,2026-07-23,2026,7,July,,,,,Final Assembly - Station 18,Final Assembly,assembly,minor,accepted_with_deviation,1.74,23.0
4180,20260723,2026-07-23,2026,7,July,,,,,Welding - Station 03,Welding,dimensional,minor,accepted_with_deviation,1.95,25.7
4181,20260723,2026-07-23,2026,7,July,Center Console,Interior,Rhodes PLC,80.3,Interior Assembly - Station 10,Interior Assembly,assembly,minor,accepted_with_deviation,1.52,20.1
4182,20260724,2026-07-24,2026,7,July,,,,,Welding - Station 02,Welding,dimensional,minor,rework,10.17,26.9
4183,20260724,2026-07-24,2026,7,July,Battery Pack v2,Electrical,Wolfe LLC,91.2,Electrical Assembly - Station 14,Electrical Assembly,electrical,minor,rework,97.76,29.6
4184,20260724,2026-07-24,2026,7,July,Electric Motor v6,Powertrain,Wyatt Inc,85.8,Powertrain Assembly - Station 07,Powertrain Assembly,functional,minor,rework,668.42,23.4
4185,20260724,2026-07-24,2026,7,July,Brake Caliper v4,Chassis,Blair PLC,99.0,Chassis Assembly - Station 09,Chassis Assembly,assembly,minor,rework,162.2,20.7
4186,20260724,2026-07-24,2026,7,July,Drive Shaft v4,Powertrain,"Rodriguez, Figueroa and Sanchez",88.0,Powertrain Assembly - Station 07,Powertrain Assembly,functional,minor,rework,543.7,25.6
4187,20260725,2026-07-25,2026,7,July,Battery Pack v2,Electrical,Wolfe LLC,91.2,Electrical Assembly - Station 14,Electrical Assembly,electrical,minor,accepted_with_deviation,0.76,10.0
4188,20260727,2026-07-27,2026,7,July,Brake Caliper v4,Chassis,Blair PLC,99.0,Chassis Assembly - Station 09,Chassis Assembly,assembly,minor,rework,159.31,13.1
4189,20260727,2026-07-27,2026,7,July,Electric Motor v6,Powertrain,Wyatt Inc,85.8,Powertrain Assembly - Station 06,Powertrain Assembly,functional,minor,rework,666.1,17.2
4190,20260727,2026-07-27,2026,7,July,Battery Pack v2,Electrical,Wolfe LLC,91.2,Electrical Assembly - Station 14,Electrical Assembly,electrical,minor,rework,94.2,20.3
4191,20260727,2026-07-27,2026,7,July,ABS Unit v4,Safety,"Rodriguez, Figueroa and Sanchez",88.0,Safety Systems - Station 17,Safety Systems,functional,major,rework,100.36,69.5
4192,20260727,2026-07-27,2026,7,July,Electric Motor v6,Powertrain,Wyatt Inc,85.8,Powertrain Assembly - Station 07,Powertrain Assembly,functional,major,accepted_with_deviation,4.77,63.0
4193,20260727,2026-07-27,2026,7,July,,,,,Final Assembly - Station 18,Final Assembly,assembly,minor,rework,7.47,19.8
4194,20260728,2026-07-28,2026,7,July,Electric Motor v6,Powertrain,Wyatt Inc,85.8,Powertrain Assembly - Station 06,Powertrain Assembly,functional,critical,rework,690.78,82.5
4195,20260728,2026-07-28,2026,7,July,Wiring Harness v6,Electrical,Bernard LLC,84.8,Electrical Assembly - Station 13,Electrical Assembly,electrical,minor,rework,82.3,15.2
4196,20260728,2026-07-28,2026,7,July,Electric Motor v6,Powertrain,Wyatt Inc,85.8,Powertrain Assembly - Station 06,Powertrain Assembly,functional,major,rework,684.57,66.1
4197,20260728,2026-07-28,2026,7,July,Headliner v2,Interior,Rhodes PLC,80.3,Interior Assembly - Station 12,Interior Assembly,assembly,major,rework,159.03,57.3
4198,20260728,2026-07-28,2026,7,July,Brake Caliper v4,Chassis,Blair PLC,99.0,Chassis Assembly - Station 09,Chassis Assembly,assembly,major,rework,167.97,36.0
4199,20260728,2026-07-28,2026,7,July,Shock Absorber v3,Chassis,Wyatt Inc,85.8,Chassis Assembly - Station 09,Chassis Assembly,assembly,minor,rework,158.97,20.2
4200,20260728,2026-07-28,2026,7,July,,,,,Painting - Station 05,Painting,cosmetic,minor,accepted_with_deviation,1.33,17.6
4201,20260728,2026-07-28,2026,7,July,,,,,Welding - Station 02,Welding,dimensional,minor,rework,8.49,22.4
4202,20260728,2026-07-28,2026,7,July,Shock Absorber v3,Chassis,Wyatt Inc,85.8,Chassis Assembly - Station 09,Chassis Assembly,assembly,major,rework,178.69,72.3
4203,20260728,2026-07-28,2026,7,July,Shock Absorber v3,Chassis,Wyatt Inc,85.8,Chassis Assembly - Station 09,Chassis Assembly,assembly,major,rework,176.92,67.6
4204,20260728,2026-07-28,2026,7,July,,,,,Quality Check - Station 20,Quality Check,dimensional,minor,rework,7.12,18.8
4205,20260729,2026-07-29,2026,7,July,Crash Sensor v5,Safety,"Rodriguez, Figueroa and Sanchez",88.0,Safety Systems - Station 17,Safety Systems,functional,minor,rework,94.38,23.8
4206,20260729,2026-07-29,2026,7,July,Electric Motor v6,Powertrain,Wyatt Inc,85.8,Powertrain Assembly - Station 07,Powertrain Assembly,functional,major,rework,685.75,69.2
4207,20260729,2026-07-29,2026,7,July,Grille v2,Exterior,Arnold Ltd,99.0,Exterior Trim - Station 15,Exterior Trim,cosmetic,minor,rework,118.78,14.8
4208,20260729,2026-07-29,2026,7,July,,,,,Painting - Station 04,Painting,cosmetic,minor,rework,9.66,25.5
4209,20260729,2026-07-29,2026,7,July,Center Console,Interior,Rhodes PLC,80.3,Interior Assembly - Station 10,Interior Assembly,assembly,minor,rework,174.68,21.8
4210,20260729,2026-07-29,2026,7,July,Battery Pack v2,Electrical,Wolfe LLC,91.2,Electrical Assembly - Station 13,Electrical Assembly,electrical,major,rework,114.03,72.6
4211,20260730,2026-07-30,2026,7,July,Brake Caliper v4,Chassis,Blair PLC,99.0,Chassis Assembly - Station 09,Chassis Assembly,assembly,major,rework,182.42,74.2
4212,20260730,2026-07-30,2026,7,July,Rear Bumper v5,Exterior,Wolfe LLC,91.2,Exterior Trim - Station 15,Exterior Trim,cosmetic,major,rework,139.61,72.1
4213,20260730,2026-07-30,2026,7,July,,,,,Welding - Station 01,Welding,dimensional,major,rework,16.15,42.7
4214,20260730,2026-07-30,2026,7,July,,,,,Welding - Station 01,Welding,dimensional,minor,rework,8.59,22.7
4215,20260731,2026-07-31,2026,7,July,,,,,Painting - Station 04,Painting,cosmetic,minor,rework,11.29,29.8
4216,20260731,2026-07-31,2026,7,July,,,,,Welding - Station 01,Welding,dimensional,minor,rework,10.88,28.7
4217,20260731,2026-07-31,2026,7,July,,,,,Welding - Station 03,Welding,dimensional,minor,rework,5.41,14.3
4218,20260731,2026-07-31,2026,7,July,Rear Bumper v5,Exterior,Wolfe LLC,91.2,Exterior Trim - Station 16,Exterior Trim,cosmetic,minor,rework,123.07,28.4
